"Name","Industry","annual_sales","annual_profit","latest_quarter_sales","latest_quarter_profit","q_sales_growth_pct","total_assets","total_debt","roe","stock_price"
"20 Microns","Mining / Minerals / Metals","777.49","56.16","212.34","13.66","22.54","588.44","121.37","17.75","225.65"
"21st Cent. Mgmt.","Finance & Investments","34.92","32.23","18.18","16.96","478.75","59.78","4.17","88.07","70.44"
"360 ONE","Finance & Investments","2920.91","804.21","791.74","242.61","64.2","15114.36","9471.93","24.47","997.6"
"3B Blackbio","Healthcare","74.12","32.1","23.0","8.79","27.0","248.1","0.85","16.28","1184.5"
"3C IT Solutions","Computers - Software - Medium / Small","61.93","1.14","0","0","0","28.85","13.4","33.98","44.1"
"3i Infotech","Computers - Software - Medium / Small","813.88","-298.27","197.04","-99.08","3.45","663.99","84.48","-15.71","36.75"
"3M India","Diversified - Large","3926.76","536.27","1032.72","161.24","4.69","3398.54","17.93","24.84","37310.0"
"3P Land Hold.","Finance & Investments","3.56","1.81","0.89","0.36","89.36","104.35","0.0","2.2","38.0"
"52 Weeks Enter.","Entertainment / Electronic Media Software","0.28","0.17","0.0","-0.03","0","19.9","3.62","1.07","1.69"
"5Paisa Capital","Finance & Investments","394.57","54.44","112.86","5.78","24.58","2047.85","336.32","10.85","514.3"
"63 Moons Tech.","Computers - Software - Medium / Small","472.11","209.76","37.53","3.82","-66.37","3645.3","5.17","6.49","378.2"
"7NR Retail Ltd","Trading","11.62","-1.11","1.0","-0.23","-90.38","43.32","5.27","-3.79","5.23"
"7Seas Enter.","Computers - Software - Medium / Small","11.79","0.96","3.17","0.21","193.52","10.87","0.36","20.69","60.36"
"A B B","Electric Equipment","11115.67","1456.45","3080.36","459.29","27.75","11001.19","48.98","22.92","8531.0"
"A B Infrabuild","Construction","183.81","11.42","75.87","4.41","0","156.62","21.43","33.15","55.0"
"A B M Internatl.","Trading","93.64","-3.42","15.64","-0.21","-32.21","39.15","10.05","-20.7","61.99"
"A F Enterprises","Trading","8.5","-0.01","5.35","0.33","-73.72","134.68","6.64","0.0","10.91"
"A G Universal","Trading","78.37","1.92","38.29","1.2","0","48.15","15.47","28.32","64.4"
"A K Spintex","Textiles - Processing","117.24","8.45","30.54","2.1","-5.51","68.57","7.14","24.32","259.4"
"A R C Finance","Finance & Investments","9.24","0.27","7.82","0.07","72.25","71.5","16.08","0.53","1.18"
"A-1 Acid","Trading","206.14","1.1","60.43","0.75","-15.62","63.51","10.74","2.29","346.0"
"A.K.Capital Serv","Finance & Investments","518.54","92.52","146.73","30.21","26.2","3806.35","2753.92","10.43","1051.0"
"A2Z Infra Engg.","Engineering - Turnkey Services","388.49","-7.36","97.97","-0.46","8.0","682.96","197.95","-132.12","21.67"
"AA Plus Trade","Trading","19.95","0.51","10.98","0.24","0","26.78","1.33","4.1","20.0"
"AAA Technologies","Computers - Software - Medium / Small","23.79","3.21","9.4","0.11","-21.6","29.39","0.0","12.03","110.9"
"Aadhar Hsg. Fin.","Finance - Housing","2586.81","749.64","691.79","201.76","24.55","19093.06","13959.62","18.4","416.5"
"Aadi Industries","Plastics Products","0.0","-0.09","0.0","0.08","0","0.19","6.83","0","6.86"
"Aakash Explor.","Oil Drilling / Allied Services","92.23","6.21","30.89","3.51","56.72","93.76","18.11","11.21","14.16"
"Aananda Lakshmi","Construction","2.1","4.08","0.06","-1.38","0","13.35","21.37","0","14.58"
"Aanchal Ispat","Steel - Medium / Small","109.35","-6.25","47.26","1.21","-15.11","116.99","84.11","-31.23","6.14"
"Aarey Drugs","Pharmaceuticals - Indian - Bulk Drugs","395.62","4.68","210.35","2.15","29.14","304.99","31.35","3.78","45.65"
"Aarnav Fashions","Textiles - Products","356.49","5.62","100.19","2.2","-10.46","390.51","109.26","3.2","47.85"
"Aaron Industries","Engineering","63.23","6.33","19.08","2.33","18.8","74.68","31.57","22.48","263.2"
"Aartech Solonics","Electric Equipment","32.74","1.32","9.98","-0.38","252.65","41.12","4.2","4.46","200.4"
"Aarti Drugs","Pharmaceuticals - Indian - Bulk Drugs","2528.58","171.59","619.99","47.31","-16.49","2432.36","564.28","13.86","524.6"
"Aarti Industries","Chemicals","6372.0","416.0","1773.0","132.0","7.07","9616.0","3242.0","8.15","693.85"
"Aarti Pharma","Pharmaceuticals - Indian - Bulk Drugs & Formln","1852.61","216.9","505.77","65.25","4.27","2582.1","285.25","13.08","608.0"
"Aarti Surfactant","Chemicals","589.86","22.27","158.55","5.59","0.45","423.41","99.21","11.5","682.35"
"Aarvee Denims","Textiles - Cotton/Blended","84.73","-44.62","24.0","-6.46","-51.92","438.49","277.65","-113.54","28.21"
"Aarvi Encon","Miscellaneous","406.15","11.34","103.11","3.04","-3.0","171.02","9.75","10.09","139.27"
"Aashka Hospitals","Healthcare","22.87","2.36","12.07","1.93","0","121.45","20.39","2.51","117.15"
"AastamangalamFin","Finance & Investments","7.03","3.6","2.21","1.19","92.17","80.56","40.22","11.75","44.23"
"Aatmaj Health","Healthcare","15.74","0.88","7.17","-1.41","0","57.68","5.48","6.21","26.25"
"AAVAS Financiers","Finance - Housing","2017.5","490.69","546.02","142.62","21.47","16519.45","12398.31","13.93","1866.65"
"Aayush Food&Herb","Trading","0.6","0.57","0.0","0.17","-100.0","5.02","0.0","12.22","299.0"
"AB Cotspin","Textiles - Cotton/Blended","255.77","6.7","144.75","4.72","0","198.05","121.67","15.74","259.0"
"Aban Offshore","Oil Drilling / Allied Services","399.67","-1317.84","137.47","-340.14","88.44","1515.04","15307.87","0","65.5"
"ABans Enterprise","Trading","1770.84","9.75","565.61","-1.52","64.8","445.13","155.03","5.14","132.2"
"Abans Holdings","Finance & Investments","1378.34","89.24","252.32","21.17","-55.91","2897.39","928.97","9.3","487.3"
"Abate As Indust","Trading","0.0","-0.91","0.0","-0.16","0","0.33","1.22","0","28.7"
"Abbott India","Pharmaceuticals - Multinational","5848.91","1201.22","1438.63","287.06","7.11","5193.49","83.23","34.88","27674.35"
"ABC Gas (Int.)","Trading","0.01","0.21","0.0","0.63","0","4.03","0.0","-14.79","91.58"
"ABC India","Miscellaneous","164.59","2.28","39.67","0.16","7.22","98.63","20.66","5.07","112.3"
"Abhinav Capital","Finance & Investments","15.29","9.26","2.31","0.82","-1.28","122.25","37.5","13.47","207.7"
"Abhinav Leasing","Finance & Investments","33.73","0.17","13.77","-1.05","166.86","44.72","30.05","2.97","2.74"
"Abhishek Finle.","Finance & Investments","0.95","0.17","0.22","-0.02","266.67","4.81","0.01","4.86","37.0"
"Abhishek Infra.","Construction","0.0","-0.26","0.0","-0.07","-100.0","7.77","1.21","-6.18","7.14"
"Abhishek Integr.","Construction","25.45","0.77","14.59","0.5","0","16.27","5.62","9.09","69.45"
"Abirami Fin.","Finance & Investments","0.0","1.45","0.0","0.25","0","21.06","0.0","6.75","58.2"
"ABM Knowledge","Computers - Software - Medium / Small","78.65","14.88","23.1","5.84","46.2","253.25","0.0","6.89","148.0"
"ABS Marine","Shipping","135.16","25.41","0","0","0","184.81","45.68","23.02","355.0"
"ACC","Cement - North India","19958.92","2336.53","5408.72","944.84","12.9","23385.64","354.85","14.15","2648.4"
"Accedere","Computers - Software - Medium / Small","2.56","-0.09","0.79","-0.02","51.92","4.67","0.27","-1.71","85.5"
"Accel","Computers - Software - Medium / Small","167.09","3.29","49.87","0.86","1.16","188.26","73.87","5.67","22.42"
"AccelerateBS Ind","Computers - Software - Medium / Small","6.78","0.03","4.07","0.59","0","4.85","0.54","5.5","339.0"
"Accelya Solution","Computers - Software - Medium / Small","505.53","94.77","130.99","0.2","9.65","370.05","11.4","44.25","1744.9"
"Accent Microcell","Pharmaceuticals - Indian - Bulk Drugs & Formln","245.5","30.17","138.63","16.07","0","204.84","12.79","70.14","284.0"
"Accord Synergy","Telecommunications - Service Provider","31.88","0.39","16.32","0.19","0","17.54","0.0","2.7","28.3"
"Accuracy Shippi.","Miscellaneous","708.33","0.5","171.35","9.18","-3.49","278.31","109.29","0.45","13.54"
"ACE EduTremd Ltd","Miscellaneous","0.0","-0.16","0.0","-0.02","0","12.59","0.0","-1.81","3.2"
"Ace Engitech","Computers - Software - Medium / Small","0.0","-0.16","0.0","-0.04","0","0.89","0.0","-25.2","21.56"
"Ace Integrated","Computers - Software - Medium / Small","9.14","0.41","3.32","0.74","50.23","20.44","0.2","2.19","34.19"
"Ace Men","Trading","0.0","0.09","0.0","0.01","-100.0","4.57","0.0","2.35","45.99"
"Ace Soft. Exp.","Computers - Software - Medium / Small","23.72","5.35","17.75","1.82","814.95","39.52","1.9","19.78","243.75"
"Achyut Healthcar","Trading","6.14","0.57","4.65","0.31","0","30.95","0.0","3.92","56.7"
"ACI Infocom","Computers - Software - Medium / Small","0.93","0.09","0.27","0.14","92.86","16.98","0.0","0.53","2.44"
"Acknit Indus.","Textiles - Products","220.66","8.55","68.45","3.07","29.2","155.6","58.56","11.46","312.0"
"Acme Resources","Finance & Investments","9.78","1.71","1.84","-1.44","-91.06","144.33","11.74","1.35","33.1"
"Acrow India","Diversified - Medium / Small","0.0","1.02","0.0","0.19","0","23.81","0.0","4.48","760.0"
"Action Const.Eq.","Engineering","2913.8","328.2","835.84","98.45","36.17","2169.21","4.46","30.55","1462.9"
"Active Clothing","Textiles - Products","212.35","4.86","37.93","1.34","-13.62","220.13","85.89","7.28","100.89"
"AD Manum Finance","Finance & Investments","11.03","7.7","4.68","4.09","457.14","79.29","7.5","11.58","79.4"
"Adani Energy Sol","Power Generation And Supply","16607.36","1195.61","4706.85","381.29","40.18","58538.38","37069.65","8.59","1003.65"
"Adani Enterp.","Trading","96420.98","3335.27","29180.02","352.25","0.82","160586.24","65310.15","9.73","3177.05"
"Adani Green","Power Generation And Supply","9220.0","1260.0","2527.0","310.0","-2.73","88086.0","64858.0","17.07","1781.1"
"Adani Ports","Miscellaneous","26710.56","8103.99","6896.5","2014.77","18.97","116999.2","49166.66","18.06","1481.0"
"Adani Power","Power Generation And Supply","50351.25","20828.79","13363.69","2737.24","30.48","92008.97","34431.07","57.06","719.45"
"Adani Total Gas","Miscellaneous","4474.74","667.5","1166.95","167.96","4.68","6591.86","1557.25","20.46","889.15"
"Adani Wilmar","Solvent Extraction","51261.63","147.98","13238.04","156.75","-4.57","19776.51","2627.5","1.92","333.85"
"Adarsh Plant","Packaging","18.65","0.49","5.46","0.23","31.25","8.93","4.52","40.33","35.8"
"ADC India","Telecommunications - Equipment","178.74","20.69","44.11","6.94","27.78","103.71","0.0","33.69","2098.0"
"Adcon Capital","Finance & Investments","1.68","0.9","0.36","0.22","9.09","33.54","0.0","2.86","0.86"
"Add-Shop E-Reta.","Trading","203.06","3.16","58.38","-6.99","24.5","125.95","12.77","2.91","15.59"
"Addi Industries","Textiles - Products","0.0","4.67","0.0","2.21","0","78.03","0.07","6.17","50.07"
"Addictive Learn","Miscellaneous","63.96","6.53","32.98","2.79","0","78.62","0.0","333.16","307.3"
"Adeshwar Meditex","Healthcare","79.85","2.01","33.59","1.28","0","64.04","13.89","6.11","27.0"
"ADF Foods","Food - Processing - Indian","520.33","73.79","153.63","25.04","24.79","556.05","7.16","17.15","242.2"
"Adhbhut Infra.","Construction","2.56","0.87","0.4","0.07","-69.7","32.4","2.86","0","29.07"
"Adinath Exim Res","Finance & Investments","1.03","0.56","0.26","0.15","4.0","20.35","0.0","3.05","23.88"
"Adinath Textiles","Textiles - Spinning - Synthetic / Blended","0.0","0.48","0.0","0.15","0","4.16","0.01","18.11","25.92"
"Adit.Birla Money","Finance & Investments","390.19","52.97","114.06","16.46","73.05","2116.11","1398.63","38.96","164.8"
"Cell Point","Trading","321.23","1.69","163.49","0.01","0","134.12","48.78","8.42","34.55"
"Aditya AMC","Finance & Investments","1353.19","780.36","365.57","208.38","23.1","3501.85","79.09","27.45","648.0"
"Aditya Bir. Fas.","Textiles - Products","13995.86","-735.91","3406.65","-266.35","18.3","22411.06","9451.4","-18.2","318.25"
"Aditya Birla Cap","Finance & Investments","34505.54","3438.89","10939.96","1288.11","36.32","232101.83","110139.34","14.15","240.1"
"Aditya Consumer","Trading","93.36","-3.07","47.01","-3.23","1.3","39.97","6.3","-11.12","83.5"
"Aditya Ispat","Steel - Medium / Small","62.01","-2.31","18.84","-2.33","-2.53","45.75","33.48","-23.91","10.5"
"Aditya Spinners","Textiles - Spinning - Synthetic / Blended","61.26","1.86","12.91","1.49","-17.51","70.14","15.86","3.88","20.2"
"Aditya Vision","Trading","1743.29","77.07","375.67","7.85","22.66","875.38","318.64","24.74","4498.95"
"Adjia Tech","Computers - Software - Medium / Small","0.33","0.07","0.22","0.1","0","2.34","0.05","3.27","45.49"
"Adline Chem Lab","Pharmaceuticals - Indian - Formulations","0.0","-0.15","0.0","-0.04","0","0.04","1.48","0","13.12"
"Ador Fontech","Electrodes - Welding Equipment","210.13","23.74","55.84","7.49","-3.02","158.47","0.0","18.34","144.1"
"Ador Multi Prod.","Personal Care - Indian","6.73","-4.02","0.82","1.98","-68.58","8.11","0.0","-28.33","34.45"
"Ador Welding","Electrodes - Welding Equipment","883.83","63.19","246.7","18.67","4.76","520.61","44.01","18.43","1405.85"
"Adroit Info.","Computers - Software - Medium / Small","24.86","3.0","7.71","1.83","69.82","47.92","3.45","10.87","18.42"
"Advait Infratech","Construction","208.85","21.88","59.73","7.23","46.18","199.14","59.16","37.63","1695.0"
"Advance Lifes.","Textiles - Jute - Yarn / Products","0.0","0.21","0.0","0.05","-100.0","70.19","40.29","2.65","45.99"
"Advance Meter.","Electric Equipment","16.52","-2.01","2.79","-2.87","-40.89","118.26","12.79","-2.0","38.49"
"Advance Petroch.","Chemicals","35.19","0.22","10.99","0.23","37.89","22.66","8.97","6.06","288.0"
"Advance Syntex","Textiles - Spinning - Synthetic / Blended","0.75","-6.23","0.06","-5.33","-96.7","41.33","32.75","-16.46","7.3"
"Advanced Enzyme","Pharmaceuticals - Indian - Bulk Drugs & Formln","623.87","136.96","157.82","29.87","13.78","1535.46","47.31","11.22","378.95"
"Advani Hotels.","Hotels","105.42","24.96","32.57","10.59","7.0","99.97","1.58","37.08","70.83"
"Advik Capital","Finance & Investments","839.59","6.36","319.83","-0.95","39.73","204.18","78.67","7.43","2.58"
"Aegis Logistics","Trading","7045.92","672.21","1837.17","237.29","-14.73","7929.18","2665.43","15.13","873.85"
"Aeonx Digital","Trading","34.31","2.73","10.08","2.75","29.73","58.58","0.96","4.17","135.0"
"Aeroflex","Steel - Medium / Small","317.84","41.75","77.75","10.06","10.96","374.85","0.12","20.5","162.4"
"Aerpace Indus","Trading","0.0","-1.66","0","0","0","0","0","0","30.91"
"Aether Industri.","Chemicals","598.17","82.49","117.53","-1.43","-36.05","2400.74","183.0","5.61","921.9"
"Affle India","Computers - Software - Medium / Small","1842.81","297.26","506.22","87.49","42.27","3283.04","182.63","15.0","1356.1"
"Affordable Robo.","Engineering","150.07","6.07","107.42","11.06","0","218.0","46.22","11.51","559.0"
"AFLOAT Enterpris","Trading","1.89","0.03","0.0","-0.1","0","5.17","0.0","0.59","12.0"
"Agarwal Float","Trading","78.91","0.19","36.74","-0.68","0","30.3","13.23","1.25","65.15"
"Agarwal Fortune","Trading","7.38","0.1","1.83","0.01","-31.46","1.05","0.12","24.69","23.25"
"Agarwal Indl.","Petrochemicals","2125.3","109.22","776.44","38.01","17.72","1119.97","360.82","23.88","1172.0"
"AGI Greenpac","Packaging","2420.88","251.33","624.87","64.58","-8.15","3356.96","616.13","14.69","703.75"
"AGI Infra","Construction","292.33","52.09","79.83","9.34","20.3","1079.52","137.68","26.24","853.95"
"Agio Paper","Paper","0.3","-1.08","0.18","-0.18","0","23.85","13.69","0","4.3"
"Agni Green","Electric Equipment","35.27","0.38","21.01","0.27","0","47.64","8.85","1.25","52.35"
"Agri-Tech India","Miscellaneous","0.16","9.74","0.0","1.4","0","102.82","0.0","10.11","198.3"
"Agro Phos India","Fertilizers","107.14","-5.26","4.96","-2.67","-80.86","97.4","28.72","-10.63","47.47"
"Agro Tech Foods.","Food - Processing - Indian","759.67","10.41","178.41","1.48","-11.67","643.0","42.0","1.72","724.5"
"AGS Transact","Computers - Hardware","1470.63","-80.09","349.18","-4.45","-17.79","2091.2","1119.54","-16.07","79.87"
"Ahasolar Technol","Trading","42.04","0.04","29.16","0.81","0","17.43","0.0","1.01","327.0"
"Ahimsa Industrie","Plastics Products","14.55","-0.93","8.06","-0.65","0","16.59","2.14","-6.65","18.9"
"Ahlada Engineers","Steel - Medium / Small","259.52","13.65","109.74","6.56","121.52","228.88","42.93","10.37","116.6"
"Ahluwalia Contr.","Construction","3855.3","374.83","1163.66","199.8","34.83","3194.6","105.03","16.41","1243.1"
"Ahm. Steelcraft","Trading","0.77","-2.29","0.02","-1.25","-96.61","23.45","0.0","-9.53","105.3"
"AI Champ.Inds.","Textiles - Jute - Yarn / Products","44.27","-39.58","9.17","-41.06","-44.59","237.36","41.54","-66.45","56.9"
"AIA Engineering","Castings & Forgings","4853.76","1136.99","1150.22","260.48","-9.69","7495.17","461.07","18.39","4224.55"
"Aik Pipes & Poly","Plastics Products","37.27","3.41","15.99","1.6","0","32.39","5.1","24.77","129.0"
"Aimco Pesticides","Pesticides / Agrochemicals - Indian","207.41","-10.05","36.74","-3.83","-11.62","149.64","18.65","-24.72","100.0"
"Aimtron","Electronics - Components","92.98","13.6","49.91","6.57","0","92.62","14.59","43.55","573.0"
"Aion-Tech Soluti","Computers - Software - Medium / Small","93.28","-2.18","23.22","-0.74","-12.01","105.24","15.51","-3.2","145.05"
"Airan","Computers - Software - Medium / Small","105.5","12.89","29.74","4.8","15.72","158.31","0.76","10.47","31.92"
"Airo Lam","Miscellaneous","205.19","8.29","50.67","1.84","-2.95","190.33","79.12","12.14","139.7"
"Ajanta Pharma","Pharmaceuticals - Indian - Formulations","4208.71","816.17","1054.08","202.72","19.53","4529.89","35.28","23.23","2286.95"
"Ajanta Soya","Miscellaneous","1022.16","4.03","240.03","2.69","-13.55","216.45","0.32","3.14","31.62"
"Ajcon Global","Finance & Investments","16.07","1.3","3.67","0.1","57.51","38.3","10.06","5.6","33.05"
"Ajel","Computers - Software - Converts","13.92","-0.75","3.52","-0.79","115.95","29.19","5.35","-0.91","15.0"
"Ajmera Realty","Construction","699.96","103.92","231.8","29.47","102.89","1963.39","807.63","12.55","680.0"
"Ajooni Biotech","Food - Processing - Indian","80.11","2.16","19.58","0.91","-52.54","47.52","2.17","5.12","5.44"
"Ajwa Fun World","Recreation / Amusement Parks","2.61","0.11","0.52","-0.09","-33.33","6.61","5.42","0","38.39"
"Akanksha Power","Electric Equipment","56.53","2.79","0","0","0","0","0","0","130.2"
"Akar Auto Indust","Auto Ancillaries","373.82","5.49","94.62","0.96","-6.94","216.24","78.07","13.07","102.5"
"Akash InfraProj.","Construction","59.52","0.23","15.23","3.14","14.6","209.69","90.78","0.27","33.48"
"AKG Exim","Trading","183.59","1.54","46.3","0.27","-20.45","78.87","14.17","2.97","22.23"
"AKI India","Leather / Leather Products","64.84","1.36","18.06","0.57","24.38","102.33","18.07","3.65","25.74"
"AKM Creations","Trading","7.33","0.26","0.17","0.18","-89.25","25.08","0.0","1.78","121.7"
"Akme Fintrade","Finance & Investments","69.58","15.8","21.22","5.61","0","390.5","177.76","9.23","118.0"
"Aksh Optifibre","Cables - Telephone","220.28","-71.31","50.29","-60.37","-36.8","332.06","102.38","-27.1","8.2"
"Akshar Spintex","Textiles - Cotton/Blended","174.96","3.46","48.13","0.96","28.72","73.86","18.98","8.19","2.62"
"AksharChem (I)","Dyes And Pigments","302.05","-18.68","81.79","-6.02","26.34","380.5","51.82","-6.95","324.8"
"Akzo Nobel","Paints / Varnishes","3961.6","426.7","973.4","108.8","2.31","2903.0","60.4","32.27","2865.6"
"Alacrity Sec.","Finance & Investments","341.2","11.45","216.28","3.88","155.51","65.29","1.98","46.54","92.9"
"Alan Scott Inds.","Textiles - Products","11.5","-3.5","4.26","-1.12","249.18","27.84","8.58","-156.33","81.3"
"Alankit","Computers - Software - Medium / Small","235.7","21.98","91.16","6.47","-38.48","531.06","43.64","9.86","21.02"
"Albert David","Pharmaceuticals - Indian - Bulk Drugs & Formln","362.46","75.42","89.06","12.91","9.38","497.99","3.32","21.72","1339.95"
"Alchemist Corp.","Trading","0.0","0.07","0.0","0.24","0","17.8","0.6","0.45","12.7"
"Alembic","Construction","157.49","268.62","49.04","72.15","32.11","2328.77","9.15","12.6","112.9"
"Alembic Pharma","Pharmaceuticals - Indian - Bulk Drugs & Formln","6228.63","615.82","1516.98","178.21","7.86","6445.58","513.16","13.34","909.65"
"Alexander Stamps","Trading","0.36","-0.1","0.13","-0.08","-13.33","17.68","0.03","-0.59","14.93"
"Alfa Ica (I)","Miscellaneous","68.49","1.68","18.39","0.6","32.97","44.6","14.04","8.02","63.5"
"Alfa Transformer","Electric Equipment","50.97","7.63","11.35","0.12","56.77","40.09","9.34","41.85","93.36"
"Alfavision Overs","Miscellaneous","3.13","0.28","0.11","0.1","118.97","178.56","135.65","0.67","11.99"
"Alfred Herbert","Finance & Investments","1.79","0.67","0.41","0.02","-6.82","128.47","0.01","0.59","1538.0"
"Algoquant Fin","Finance & Investments","64.17","9.95","21.28","4.76","7500.0","75.65","23.69","24.95","1210.5"
"Alicon Cast.","Castings & Forgings","1559.37","61.28","419.3","20.54","31.34","1230.21","331.27","11.75","1247.65"
"Alkali Metals","Chemicals","82.86","1.13","24.42","0.56","-9.22","109.37","22.57","2.74","151.7"
"Alkem Lab","Pharmaceuticals - Indian - Bulk Drugs & Formln","12667.58","1811.46","2935.82","304.48","1.14","15574.9","1540.14","19.54","4979.0"
"Alkosign","Printing & Stationery","35.69","0.78","14.43","-5.02","0","49.83","13.84","6.41","114.0"
"Alkyl Amines","Chemicals","1440.61","148.87","356.62","38.45","-13.54","1584.04","3.17","12.29","2153.05"
"All E Tech","Computers - Software - Medium / Small","116.33","19.74","30.41","5.53","27.93","151.84","0.0","17.94","252.7"
"Allcargo Gati","Trading","1697.99","6.12","405.8","-6.17","-2.37","1323.44","386.09","-4.12","112.9"
"Allcargo Logist.","Miscellaneous","13187.83","140.0","3398.33","-12.47","0.1","7318.33","1846.14","4.83","60.98"
"Allcargo Termi","Miscellaneous","732.98","44.7","181.76","9.22","-1.08","789.79","419.13","20.02","50.47"
"Alliance Integ.","Steel - Medium / Small","67.56","64.18","24.17","-18.96","84.64","344.69","258.18","0","81.02"
"Allied Digital","Computers - Software - Medium / Small","687.06","45.85","176.76","14.11","6.33","778.04","59.64","8.23","194.05"
"Allsec Tech.","Computers - Software - Medium / Small","469.37","64.0","129.71","20.73","20.12","367.62","44.65","26.94","1201.0"
"Almondz Global","Finance & Investments","116.29","34.08","45.41","6.0","70.52","318.74","23.43","9.1","137.65"
"Alok Industries","Textiles - Processing","5509.59","-846.82","1469.31","-215.93","-6.44","7406.83","26014.75","0","29.15"
"Alpa Laboratorie","Pharmaceuticals - Indian - Formulations","108.74","16.78","23.61","3.55","-19.03","182.62","5.25","11.71","85.08"
"Alpex Solar","Electric Equipment","412.6","26.56","199.84","18.94","0","216.56","35.73","54.62","955.8"
"Alphageo (India)","Miscellaneous","98.67","1.05","51.89","4.07","267.49","294.64","0.0","0.61","386.45"
"Alphalogic Indu","Engineering","47.54","2.35","27.81","1.24","0","25.47","1.61","54.27","300.0"
"Alphalogic Tech.","Computers - Software - Medium / Small","53.92","5.29","17.75","1.18","106.16","59.37","4.93","12.25","262.95"
"Alpine Housing","Construction","57.56","3.43","15.39","1.2","-16.18","140.49","16.93","4.44","126.55"
"Alps Industries","Textiles - Products","1.91","-56.24","0.0","-13.95","-100.0","4.81","828.33","0","4.07"
"Alstone Textiles","Trading","4.85","4.17","0.0","0.88","0","656.77","500.0","2.77","0.82"
"Alufluoride","Chemicals","164.71","18.14","45.71","5.49","24.08","128.33","24.15","23.3","500.95"
"Aluwind","Construction","83.43","7.54","42.07","3.82","0","60.05","12.49","44.3","67.0"
"Amal","Chemicals","86.09","1.7","21.21","0.37","22.25","106.42","23.71","2.46","370.0"
"Amalgamated Elec","Miscellaneous","0.01","-0.08","0.0","0.01","0","0.26","0.0","0","49.5"
"Amanaya Ventures","Trading","30.81","0.1","13.17","0.03","0","5.11","0.01","2.03","24.75"
"Amara Raja Ener.","Auto Ancillaries","11260.3","905.86","2796.73","228.03","14.95","8834.31","152.67","15.01","1661.1"
"Amarjothi Spg.","Textiles - Cotton/Blended","189.45","8.02","69.23","4.48","17.84","282.13","65.35","4.52","216.85"
"Amarnath Sec.","Finance & Investments","0.41","0.19","0.1","0.06","0.0","5.08","0.6","4.5","56.79"
"Amba Enterprises","Electric Equipment","282.14","6.17","77.55","1.7","16.3","62.19","11.87","18.8","238.0"
"Ambalal Sarabhai","Trading","173.43","5.68","54.35","9.02","22.3","250.23","46.11","4.22","47.17"
"Ambani Organics","Chemicals","136.68","3.04","74.17","2.93","0","175.58","55.07","-5.29","105.0"
"Ambar Protein","Solvent Extraction","337.06","3.15","89.51","-0.45","-0.54","61.38","25.51","13.4","144.2"
"Ambassador Intra","Trading","0.0","0.03","0.0","0.01","-100.0","3.67","0.44","0.94","34.74"
"Amber Enterp.","Electronics - Components","6729.27","139.47","2805.46","99.03","-6.57","6593.2","1538.95","6.69","4455.0"
"Ambica Agarbat.","Chemicals","97.85","-3.66","23.35","0.22","-33.59","213.04","66.01","-3.49","26.27"
"Ambika Cotton","Textiles - Cotton/Blended","823.46","62.98","205.79","16.09","10.51","1069.47","81.98","7.52","1653.0"
"Ambition Mica","Miscellaneous","13.26","-3.06","3.37","-1.51","18.25","34.55","32.51","0","3.09"
"Ambitious Plasto","Trading","5.96","0.06","4.87","0.02","0","1.14","0.78","0","8.27"
"Ambo Agritec","Solvent Extraction","101.84","1.37","0","0","0","0","0","0","96.4"
"Ambuja Cements","Cement - North India","33159.64","4738.01","8893.99","1525.78","11.65","65260.87","699.01","10.34","672.15"
"Amco India","Aluminium and Aluminium Products","103.59","0.83","19.98","0.25","-40.41","52.25","9.97","2.36","58.1"
"AMD Industries","Packaging","277.74","-1.67","74.92","0.09","-34.18","323.73","104.25","-1.06","72.23"
"Amerise BioScie","Finance & Investments","0.0","-0.15","0.0","0.02","0","5.39","0.0","-2.75","0.65"
"Ameya Precision","Engineering","34.03","2.96","18.98","1.84","-5.73","27.39","0.06","15.3","121.8"
"Amforge Inds.","Finance & Investments","0.0","-0.27","0.0","-0.48","0","16.82","0.71","-2.14","11.82"
"Ami Organics","Pharmaceuticals - Indian - Bulk Drugs","717.47","48.71","224.96","25.68","20.7","1095.9","216.65","9.39","1298.5"
"Amiable Logistic","Miscellaneous","24.4","1.34","12.23","0.68","73.48","13.67","2.04","19.45","88.0"
"Amic Forging","Castings & Forgings","126.15","13.83","74.63","6.72","0","92.13","3.86","69.71","1291.0"
"Amin Tannery","Leather / Leather Products","47.09","0.36","11.73","0.12","-20.74","63.13","28.67","2.92","2.28"
"Amines & Plast.","Chemicals","647.01","39.83","177.34","12.94","6.27","389.41","85.0","19.78","294.4"
"Amit Internation","Trading","0.0","0.07","0.0","-0.04","0","19.89","0.0","0.36","3.64"
"AMJ Land Holdin.","Construction","56.46","11.54","8.06","4.87","-39.99","229.68","15.01","6.84","41.91"
"Amkay Products","Healthcare","31.07","2.63","16.69","1.33","0","17.95","5.47","33.98","74.5"
"Amrapali Inds.","Trading","27300.89","0.9","5143.34","0.03","41.28","171.4","62.97","2.91","17.41"
"Amraworld Agrico","Trading","0.0","0.43","0.0","0.53","0","11.38","0.0","3.87","1.04"
"Amrutanjan Healt","Pharmaceuticals - Indian - Formulations","421.23","44.97","127.06","13.66","26.65","366.87","1.73","15.53","764.15"
"Anand Rathi Wea.","Finance & Investments","751.83","225.82","184.28","56.86","28.9","879.74","51.67","40.28","3868.05"
"Anand Rayons","Trading","344.26","3.13","94.59","1.92","10.33","74.2","28.99","9.02","46.96"
"Anant Raj","Construction","1483.3","265.93","442.59","84.01","57.98","4868.27","626.74","8.05","441.75"
"Andhra Cements","Cement - South India","268.11","-65.61","91.84","-18.78","0","1081.91","675.36","-26.96","96.7"
"Andhra Paper","Paper","1800.58","339.74","364.38","38.41","-38.26","2450.95","114.49","19.55","580.35"
"Andhra Petrochem","Chemicals","788.67","63.4","278.46","43.93","71.42","696.37","83.69","11.94","116.0"
"Andhra Sugars","Chlor Alkali / Soda Ash","1894.04","75.99","433.24","26.11","-19.62","2075.1","30.97","5.06","116.4"
"Andrew Yule & Co","Diversified - Medium / Small","309.86","-47.47","76.57","-22.21","-5.63","710.61","113.9","-12.94","44.6"
"Aneri Fincap","Finance & Investments","0.98","-34.02","0.01","-33.05","-99.33","0.04","32.48","0","6.82"
"ANG Lifesciences","Pharmaceuticals - Indian - Bulk Drugs & Formln","131.37","-8.65","34.08","-3.6","6.9","217.43","59.35","-8.51","51.3"
"Angel Fibers","Textiles - Products","189.26","0.05","94.53","-0.5","39.43","89.23","47.33","0.19","24.0"
"Angel One","Finance & Investments","4271.68","1125.53","1357.28","339.94","64.37","13253.73","2541.12","43.29","2552.7"
"ANI Integrated","Miscellaneous","187.5","5.66","52.91","1.93","22.02","105.16","24.22","11.43","133.0"
"Anik Industries","Construction","100.6","0.3","56.34","-3.13","255.91","436.26","7.34","0.72","50.62"
"Anjani Finance","Finance & Investments","0.86","0.65","0.11","0.02","173.33","15.07","0.0","3.46","13.48"
"Anjani Foods","Food - Processing - Indian","51.59","1.23","12.7","0.27","13.19","36.91","8.96","8.96","44.06"
"Anjani Portland","Cement - South India","623.9","-39.32","157.88","-4.56","18.75","1000.74","426.73","-12.44","202.0"
"Anjani Synth.","Textiles - Processing","254.24","4.26","63.93","1.69","-21.52","164.4","43.78","5.28","49.6"
"Anka India","Computers - Software - Medium / Small","0.0","0.42","0.0","0.1","0","15.67","5.98","6.33","15.49"
"Ankit Met.Power","Steel - Medium / Small","818.0","-256.79","146.87","-76.06","-25.51","1177.79","1104.91","0","4.0"
"Anlon Tech","Miscellaneous","35.02","4.52","17.43","2.3","12.29","44.21","3.48","17.88","555.0"
"Anmol India","Trading","1501.24","20.9","402.88","3.91","8.85","282.4","85.3","23.3","35.2"
"Anna Infrastruct","Construction","1.68","0.6","0.21","0.07","-27.59","10.5","0.0","6.08","28.75"
"Annapurna Swadi.","Food - Processing - Indian","264.97","14.22","133.84","7.65","0","231.93","57.22","23.8","340.0"
"ANS Industries","Food - Processing - Indian","0.0","-0.37","0.0","0.31","0","9.48","1.59","-6.85","11.18"
"Ansal Buildwell","Construction","41.37","14.51","2.79","-5.02","-38.82","517.93","31.97","12.53","123.9"
"Ansal Housing","Construction","464.82","7.93","146.78","19.67","191.58","1857.89","446.7","3.05","14.79"
"Ansal Properties","Construction","597.51","-46.47","189.9","-33.02","-35.95","5914.31","475.79","0","9.5"
"Antarctica","Packaging","0.84","-0.43","0.21","-0.23","0.0","19.25","2.84","-2.85","1.5"
"Antony Waste han","Miscellaneous","872.89","99.89","210.18","30.16","4.17","1462.0","446.85","16.27","545.0"
"Anuh Pharma","Pharmaceuticals - Indian - Bulk Drugs","647.0","60.06","163.89","15.36","4.18","445.68","2.69","22.56","228.5"
"Anupam Finserv","Finance & Investments","3.17","0.94","0.78","0.21","13.04","18.2","2.36","6.23","2.01"
"Anupam Rasayan","Chemicals","1475.07","167.43","401.01","40.47","-16.45","4601.66","1070.02","5.01","766.45"
"Anuroop Packagin","Packaging","27.85","4.08","14.89","1.91","189.13","42.95","14.52","17.13","23.15"
"Anzen IYEP Trust","Power Generation And Supply","250.67","-29.73","62.26","-8.89","-0.62","2093.05","744.18","-2.1","101.8"
"Apar Inds.","Electric Equipment","16152.98","825.11","4455.11","236.22","9.08","9615.76","475.61","27.0","8532.15"
"Apcotex Industri","Miscellaneous","1124.55","53.88","310.58","15.31","21.27","922.05","188.35","10.8","440.1"
"Apeejay Surrend.","Hotels","578.97","68.77","155.68","18.43","8.05","1476.12","99.9","7.84","180.55"
"Apex Frozen Food","Aquaculture","804.1","14.6","161.64","-0.36","-23.7","633.31","106.89","2.96","223.5"
"Apis India","Food - Processing - Indian","316.11","32.57","79.02","2.97","2.58","264.58","60.43","24.73","230.75"
"APL Apollo Tubes","Steel - Large","18118.8","732.44","4765.74","170.44","7.55","7186.79","1144.25","22.16","1624.7"
"Aplab","Electronics - Components","49.54","0.8","17.61","0.49","-4.76","71.34","25.97","0","95.36"
"APM Industries","Textiles - Spinning - Synthetic / Blended","299.85","4.17","62.52","0.77","-20.29","251.42","28.88","2.45","58.6"
"Apollo Finvest","Finance & Investments","19.97","8.01","6.94","0.76","-1.14","72.95","6.33","14.29","853.2"
"Apollo Hospitals","Healthcare","19059.2","935.0","4943.9","258.4","14.92","16753.1","5332.6","13.67","6135.0"
"Apollo Micro Sys","Electronics - Components","371.63","31.67","135.44","13.13","26.76","954.9","199.73","7.39","108.65"
"Apollo Pipes","Plastics Products","977.14","42.44","245.79","6.52","-2.44","823.68","61.55","8.23","633.55"
"Apollo Sindoori","Hotels","519.41","11.07","135.3","1.72","0.64","315.92","87.24","8.68","1490.4"
"Apollo Tyres","Tyres","25377.72","1721.87","6258.2","354.08","0.17","26957.35","4905.1","13.25","541.4"
"Apoorva Leasing","Finance & Investments","3.68","1.95","0.75","-0.28","-17.58","146.11","0.0","1.36","33.99"
"Apt Packaging","Plastics Products","12.71","-2.52","3.15","0.17","-29.84","20.26","21.45","0","40.02"
"Aptech","Computers - Education","436.81","29.04","104.06","2.75","-41.69","408.76","8.47","13.15","220.2"
"Aptus Value Hou.","Finance - Housing","1365.18","611.9","374.54","164.03","25.47","9004.4","5199.61","17.22","345.0"
"Arabian Petrol.","Chemicals","261.85","6.81","143.74","3.34","0","99.06","35.12","34.18","84.2"
"Aravali Sec","Finance & Investments","0.02","-0.44","0.0","-0.09","0","3.48","3.64","0","6.41"
"Arcee Industries","Steel - Medium / Small","1.07","-0.73","0.06","-0.25","-98.26","8.17","0.25","-18.18","6.1"
"Archean Chemical","Chemicals","1329.58","322.35","283.39","59.64","-25.89","1991.03","39.07","19.45","683.0"
"Archidply Decor","Miscellaneous","47.25","0.03","14.79","0.15","-13.56","78.97","22.0","0.06","91.95"
"Archidply Inds.","Miscellaneous","435.67","7.1","121.39","0.43","6.4","326.71","148.26","6.59","100.0"
"Archies","Trading","80.08","-8.21","21.8","-8.62","5.47","171.47","56.24","-7.95","26.74"
"Archit Organosys","Chemicals","113.19","3.34","30.99","1.79","-33.43","108.24","26.44","1.27","55.4"
"ARCL Organics","Chemicals","190.72","11.3","57.57","5.04","23.97","157.24","29.15","18.87","71.89"
"Arex Industries","Textiles - Products","51.01","2.54","13.48","0.03","24.01","50.16","10.49","8.37","150.0"
"Arfin India","Aluminium and Aluminium Products","535.16","8.22","136.8","2.18","-9.93","285.29","119.72","8.91","45.06"
"Arham Tech","Electronics - Consumer","54.69","4.86","27.61","3.17","0","48.17","19.72","25.54","140.0"
"Aries Agro","Fertilizers","519.43","18.4","106.79","-6.28","15.26","517.5","73.55","7.31","265.15"
"Arigato Universe","Engineering","1.71","0.24","0.88","0.05","193.33","11.09","0.0","2.3","89.49"
"Arih.Found.Hsg.","Construction","124.08","13.51","45.45","0.9","233.95","442.41","117.9","7.31","206.2"
"Arihant Academy","Miscellaneous","30.32","1.55","14.75","2.45","0","35.47","0.0","7.88","125.0"
"Arihant Capital","Finance & Investments","235.14","70.51","63.73","24.66","117.51","780.48","99.28","24.35","72.1"
"Arihant Super.","Construction","504.44","63.62","155.35","16.31","137.57","1191.01","477.39","26.88","340.55"
"Arihant's Secur.","Finance & Investments","2.81","1.04","0.34","-0.84","179.07","41.84","0.0","3.41","21.6"
"Aris Interna.","Computers - Software - Medium / Small","0.35","0.13","0.06","0.06","200.0","0.85","0.26","25.0","60.37"
"Aristo Bio-Tech","Pesticides / Agrochemicals - Indian","245.15","3.9","112.32","1.32","0","127.29","20.88","12.93","90.35"
"Arman Financial","Finance & Investments","661.46","173.57","182.85","50.82","22.46","2635.06","1724.93","29.52","2151.95"
"Arman Holdings","Trading","4.39","0.02","0.76","0.01","-26.92","6.81","0.0","0.33","60.54"
"Arnold Holdings","Finance & Investments","208.2","8.82","63.09","6.41","44.54","140.79","60.1","15.43","49.0"
"Aro Granite Inds","Miscellaneous","155.09","1.31","32.9","0.36","-29.94","444.59","188.75","0.68","58.54"
"Arrow Greentech","Plastics Products","148.51","29.33","50.62","10.03","5.15","145.35","1.24","26.06","571.3"
"Arrowhead Sepera","Engineering","24.76","2.04","11.85","1.02","0","24.79","1.8","82.93","142.05"
"Arshiya","Miscellaneous","147.38","-303.65","38.74","-59.63","4.39","1732.18","1013.48","-104.14","5.49"
"ARSS Infra","Construction","373.47","-33.6","75.4","-21.87","-29.78","1602.08","1625.06","0","22.29"
"Art Nirman Ltd","Construction","34.29","1.18","13.38","0.22","14.55","53.18","2.92","3.4","67.48"
"Artefact Project","Miscellaneous","24.17","5.23","7.12","0.22","36.14","98.17","10.08","9.08","74.57"
"Artemis Electri.","Electric Equipment","69.88","12.51","13.97","1.37","-32.67","127.78","23.91","8.93","31.82"
"Artemis Medicare","Healthcare","845.23","49.15","216.87","13.92","15.95","948.03","304.9","11.46","178.75"
"Artson Engg.","Engineering - Turnkey Services","128.12","6.05","24.88","1.32","-15.09","151.07","63.68","0","165.8"
"Aruna Hotels","Hotels","17.32","-4.5","6.21","-0.51","293.04","179.82","114.72","-15.62","10.77"
"Arunis Abode","Construction","1.22","0.39","0.27","0.15","-83.83","7.99","0.87","6.22","47.49"
"Arunjyoti Bio","Trading","20.43","-0.35","8.7","1.26","590.48","53.99","51.41","-18.04","86.24"
"Arvee Laborat.","Chemicals","30.35","1.05","6.14","0.12","-51.11","38.56","1.0","3.67","187.0"
"Arvind & Company","Shipping","14.15","5.27","8.09","3.18","0","44.79","11.72","57.66","47.0"
"Arvind Fashions.","Trading","4259.12","137.11","1093.85","39.67","3.66","3606.97","1147.92","7.07","518.65"
"Arvind Ltd","Textiles - Cotton/Blended","7737.75","352.63","2074.51","104.42","10.3","7260.37","1447.99","9.72","376.3"
"Arvind SmartSp.","Construction","341.18","51.09","117.37","19.5","26.64","2102.39","110.22","8.65","710.3"
"Aryaman Capital","Finance & Investments","31.89","6.46","12.59","3.72","0","90.92","46.26","22.58","133.35"
"Aryaman Fin.Serv","Finance & Investments","66.15","27.51","6.27","1.28","-49.92","160.25","46.26","27.37","320.0"
"Aryan Share","Finance & Investments","0.39","0.51","0.29","0.01","211.54","17.28","0.0","3.41","21.1"
"Asahi India Glas","Glass & Glass Products","4356.72","325.05","1105.01","73.25","3.04","5499.61","1967.53","14.68","681.6"
"Asahi Songwon","Dyes And Pigments","426.24","15.64","125.97","0.91","1.77","574.74","197.2","-2.98","486.75"
"Asarfi Hospital","Healthcare","84.4","4.16","0","0","0","0","0","0","61.59"
"Ascensive Educa.","Miscellaneous","20.9","1.32","12.11","0.66","0","21.72","2.47","18.64","58.0"
"Ascom Leasing &","Finance & Investments","12.33","4.97","6.09","2.42","0","49.37","2.43","12.57","110.6"
"Ashapura Minech.","Mining / Minerals / Metals","2653.81","281.7","440.08","67.37","-36.79","3310.69","983.58","25.0","426.0"
"Ashapuri Gold","Diamond Cutting / Jewellery","165.07","7.43","50.7","3.08","67.94","95.44","1.82","8.61","7.72"
"Ashiana Agro Ind","Trading","0.97","0.12","0.24","0.05","33.33","2.56","0.0","4.88","21.6"
"Ashiana Housing","Construction","943.8","83.4","289.67","17.38","159.86","2405.64","148.15","10.9","420.8"
"Ashiana Ispat","Steel - Medium / Small","321.84","1.47","90.0","0.39","-37.13","173.37","101.33","3.88","46.1"
"Ashika Credit","Finance & Investments","18.38","10.7","-6.53","-6.41","-8062.5","94.9","25.12","17.06","82.1"
"Ashima","Textiles - Cotton/Blended","329.44","96.41","146.25","95.82","283.25","544.18","123.9","35.89","47.14"
"Ashirwad Cap.","Finance & Investments","1.88","1.55","0.15","0.19","400.0","19.19","0.0","9.63","5.87"
"Ashirwad Steels","Finance & Investments","4.4","2.26","0.86","0.9","168.75","80.94","0.0","2.84","46.02"
"Ashish Polyplast","Plastics Products","15.94","0.84","3.98","0.07","4.74","8.22","0.08","13.87","73.77"
"Ashnisha Indus.","Trading","12.47","0.96","6.8","0.2","-27.89","93.8","3.77","1.64","6.08"
"Ashnoor Textile","Textiles - Products","129.1","7.44","35.48","2.45","-0.53","156.24","75.64","12.31","43.2"
"Ashok Leyland","Automobiles - LCVs / HCVs","45790.64","2696.34","13577.58","933.69","2.84","67660.46","40802.18","28.85","241.9"
"Ashoka Buildcon","Engineering - Turnkey Services","9798.46","521.23","3051.87","254.31","24.65","19124.37","5450.13","22.2","225.7"
"Ashoka Metcast","Trading","66.25","4.79","39.39","3.57","104.62","137.92","12.79","4.65","20.19"
"Ashoka Refinerie","Trading","1.48","0.02","0.45","0.02","2.27","2.91","0.15","0.73","12.69"
"Ashram Online","Construction","0.36","-0.01","0.08","0.13","-11.11","14.11","0.32","-0.08","7.03"
"Ashtasidhhi Ind","Textiles - Products","0.78","-0.39","0.57","-0.42","533.33","10.22","0.0","-3.76","14.0"
"Asi Industries","Mining / Minerals / Metals","144.69","25.11","45.52","12.47","6.08","369.73","29.0","7.98","29.13"
"Asia Pack","Construction","0.08","0.37","0.06","0.03","500.0","38.07","0.0","1.39","53.8"
"Golkonda Alumin.","Trading","0.0","1.44","0.0","-0.12","-100.0","8.16","0.0","19.46","15.5"
"Asian Energy","Oil Drilling / Allied Services","305.06","25.55","118.73","14.67","313.84","384.45","22.37","11.36","320.45"
"Asian Granito","Ceramics - Tiles / Sanitaryware","1530.59","-19.9","423.63","-5.47","-7.05","1906.84","248.21","-0.97","74.6"
"Asian Hotels (E)","Hotels","108.47","31.71","33.61","19.28","19.57","604.57","333.58","11.83","143.13"
"Asian Hotels (N)","Hotels","298.09","-87.5","83.59","-15.21","14.26","1702.95","1052.42","-73.75","135.5"
"Asian Paints","Paints / Varnishes","35494.73","5557.69","8730.76","1275.3","-0.64","29900.77","2474.38","31.44","2918.0"
"Asian Petroprod.","Trading","0.0","-1.04","0.0","-0.39","-100.0","3.79","3.72","0","15.19"
"Asian Star Co.","Diamond Cutting / Jewellery","3523.3","77.58","986.34","18.58","-8.53","2712.65","741.41","5.25","790.0"
"Asian Tea & Exp","Trading","41.88","0.1","18.56","-1.08","66.16","93.93","24.57","0.17","16.98"
"Asian Warehous.","Miscellaneous","1.63","0.15","0.39","0.06","2.63","35.26","7.56","0.57","58.9"
"Asit C Mehta Fin","Finance & Investments","42.4","-11.12","14.03","0.07","52.33","192.11","92.88","-83.92","168.9"
"ASK Automotive","Auto Ancillaries","2994.55","173.77","782.51","47.76","37.61","1568.45","345.87","23.8","370.15"
"ASL Industries","Auto Ancillaries","0.0","0.36","0.0","-0.12","0","35.0","0.0","1.44","53.0"
"ASM Technologies","Computers - Software - Medium / Small","201.65","-7.14","44.59","-3.39","-14.15","238.16","82.42","-4.02","1188.0"
"Aspinwall & Co","Miscellaneous","295.64","10.68","77.89","5.64","18.86","250.48","23.49","5.93","283.0"
"Aspira Pathlab","Healthcare","13.2","-2.67","3.82","-0.5","12.02","14.71","2.78","-29.73","32.98"
"Aspire & Innovat","Trading","383.99","9.31","207.41","5.38","0","116.94","13.05","60.03","101.95"
"Assam Entrade","Finance & Investments","7.27","1.34","2.2","0.52","9.45","65.92","0.0","2.18","327.6"
"Assoc.Alcohols","Breweries & Distilleries","759.8","50.62","242.22","12.25","31.08","618.78","107.99","12.88","666.95"
"Associated","Miscellaneous","3.59","0.54","0","0","0","2.96","0.1","125.58","217.75"
"Associated Cera.","Refractories / Intermediates","40.55","0.86","10.13","0.28","-46.06","47.53","7.04","3.45","310.4"
"Astec Lifescienc","Pesticides / Agrochemicals - Indian","458.18","-46.89","153.75","-0.96","21.09","974.93","493.89","-11.89","1311.0"
"Aster DM Health.","Healthcare","3698.9","211.56","973.59","-2.17","20.65","17991.31","1383.75","2.9","346.7"
"Astra Microwave","Telecommunications - Equipment","908.82","121.07","353.96","54.4","36.96","1474.14","237.64","15.05","960.0"
"Astral","Plastics Products","5641.4","545.6","1625.1","181.3","7.89","4497.9","119.4","18.5","2379.2"
"Astrazeneca Phar","Pharmaceuticals - Multinational","1295.53","161.51","383.2","39.48","34.6","1078.03","4.59","22.99","6233.45"
"Astron Paper","Paper","310.79","-8.78","78.4","-4.98","-14.35","292.87","80.0","-5.61","22.48"
"Atal Realtech","Construction","40.83","2.14","24.54","1.23","44.69","57.56","9.21","5.84","7.48"
"Atam Valves","Engineering","52.6","5.83","17.25","2.68","-12.88","49.77","12.87","20.81","197.05"
"Atharv Enter","Trading","8.16","0.18","0.13","0.06","-83.95","32.69","0.27","0.91","2.8"
"Athena Construc.","Construction","0.75","-0.17","0.0","-0.35","0","12.11","3.4","-2.29","6.33"
"Athena Global","Computers - Software - Medium / Small","13.78","205.1","3.92","220.6","88.46","326.06","74.82","216.18","104.16"
"Atishay","Computers - Software - Medium / Small","43.26","5.55","17.47","2.53","156.91","48.25","2.13","14.04","127.85"
"Atlantaa","Engineering - Turnkey Services","132.77","538.74","91.37","223.84","2260.98","464.37","241.54","0","44.66"
"Atmastco Ltd","Engineering - Turnkey Services","224.01","16.35","147.84","10.09","0","290.87","70.9","29.62","323.4"
"Atul","Chemicals","4725.68","324.12","1212.15","58.79","1.42","6476.28","236.55","6.6","6559.05"
"Atul Auto","Automobiles - Scooters And 3 - Wheelers","527.29","7.07","160.14","4.88","6.57","655.32","144.46","1.84","716.55"
"ATV Projects","Engineering","61.53","6.46","19.2","1.52","40.76","267.38","50.6","3.31","26.75"
"AU Small Finance","Banks - Private Sector","10554.71","1534.72","2829.5","370.74","24.38","90216.12","75663.64","14.52","673.2"
"Aurangabad Dist.","Breweries & Distilleries","130.7","20.93","67.29","11.63","0","184.12","62.46","31.49","271.0"
"Ceinsys Tech","Computers - Software - Medium / Small","252.94","35.0","78.27","11.61","7.29","326.08","9.08","16.19","535.0"
"Aurionpro Sol.","Computers - Software - Medium / Small","887.47","142.92","246.87","39.47","29.48","1397.6","81.25","19.75","1376.95"
"Auro Impex","Electrodes - Welding Equipment","243.45","5.81","110.41","2.45","0","77.28","29.36","46.41","66.6"
"Auro Labs.","Pharmaceuticals - Indian - Bulk Drugs","53.64","7.79","12.06","2.32","-10.8","85.73","26.25","20.46","195.0"
"Aurobindo Pharma","Pharmaceuticals - Indian - Bulk Drugs & Formln","29001.87","3168.97","7580.15","907.35","17.1","45071.51","6647.63","11.58","1210.8"
"Aurum Proptech","Computers - Software - Medium / Small","214.05","-65.95","59.81","-4.65","31.86","644.45","318.92","-27.07","155.4"
"Ausom Enter.","Finance & Investments","968.35","9.16","707.68","2.82","446.72","130.15","3.3","7.59","92.2"
"Austin Engg Co","Bearings","111.38","3.68","31.01","1.6","21.8","94.36","1.34","6.24","227.75"
"Australian Prem","Electric Equipment","149.67","6.15","68.52","3.55","0","80.38","9.51","42.5","559.15"
"Authum Invest","Finance & Investments","4376.46","4284.83","1338.56","1537.12","1753.16","11621.19","637.09","61.44","1125.0"
"Auto Pins (I)","Auto Ancillaries","64.6","1.03","18.05","-0.07","9.0","21.19","3.9","13.33","192.5"
"Auto.Corp.of Goa","Auto Ancillaries","584.34","38.37","169.39","10.91","23.34","372.91","62.56","18.6","2392.0"
"Autoline Industr","Auto Ancillaries","654.15","15.85","189.42","7.08","27.35","575.1","194.45","15.05","126.65"
"Automotive Axles","Auto Ancillaries","2229.17","166.16","571.52","44.1","-17.53","1229.73","21.78","20.32","2047.9"
"Automotive Stamp","Auto Ancillaries","880.33","20.17","232.48","7.62","10.65","284.98","104.71","0","1023.0"
"Avadh Sugar","Sugar","2693.51","128.11","619.8","55.29","-26.76","2853.95","1317.32","13.35","638.05"
"Available Fin.","Finance & Investments","0.55","118.83","0.14","32.91","27.27","1081.88","0.0","11.74","275.0"
"Avalon Tech","Electronics - Components","867.17","27.99","216.81","7.06","-20.23","930.76","208.59","5.16","542.85"
"Avance Tech.","Trading","144.29","4.88","105.75","2.09","18132.76","489.15","0.0","1.31","1.01"
"Avantel","Telecommunications - Equipment","223.92","55.45","41.71","13.08","-20.37","222.97","17.5","39.15","181.75"
"Avanti Feeds","Food - Processing - Indian","5368.89","393.81","1283.51","112.6","17.43","3098.19","16.53","16.01","606.4"
"Avasara Finance","Finance & Investments","1.33","0.22","1.15","0.23","505.26","3.06","0.0","9.36","29.66"
"Aveer Foods","Food - Processing - Indian","96.4","1.25","25.4","0.07","5.39","32.7","5.11","7.41","509.0"
"Avenue Super.","Trading","50788.83","2535.61","12726.55","563.14","20.13","21177.2","592.16","14.58","4662.25"
"AVG Logistics","Miscellaneous","479.76","32.72","136.82","23.25","21.22","448.7","220.48","15.1","501.0"
"AVI Polymers","Trading","0.64","0.02","0.02","0.0","-60.0","5.68","0.81","0.41","12.76"
"AVI Products","Trading","4.85","0.26","1.07","0.1","32.1","8.11","0.26","4.49","25.0"
"Avishkar Infra","Construction","0.0","-1.02","0.0","-0.29","0","7.19","8.07","0","47.58"
"Aviva Industries","Trading","0.58","-0.03","0.08","-0.02","-11.11","4.21","0.76","-0.96","23.5"
"Avonmore Capital","Finance & Investments","123.59","20.08","48.21","5.89","73.35","524.02","26.07","6.93","13.64"
"AVP Infracon","Construction","151.0","18.29","87.85","11.02","0","197.09","59.37","73.28","130.0"
"Avro India","Plastics Products","93.37","4.04","22.52","0.88","31.62","54.45","15.62","15.05","116.65"
"AVSL Industries","Plastics Products","137.35","2.24","76.29","1.78","0","90.97","34.83","7.23","202.85"
"AVT Natural Prod","Food - Processing - Indian","517.26","53.29","125.02","10.96","-6.9","598.09","42.6","11.84","85.35"
"AWFIS Space","Miscellaneous","848.82","-17.57","232.32","1.38","45.23","1398.08","733.56","-15.42","504.9"
"Axel Polymers","Plastics Products","127.92","1.56","37.28","-0.07","37.16","64.48","25.67","10.94","66.25"
"Axis Bank","Banks - Private Sector","112759.05","26492.25","30230.58","7630.07","22.74","1344417.96","1152038.29","20.33","1266.3"
"AXISCADES Tech.","Computers - Software - Medium / Small","955.12","33.41","255.82","8.99","13.2","1139.11","318.93","7.11","555.0"
"Axita Cotton","Textiles - Products","1102.01","20.34","221.03","4.95","80.98","98.38","25.32","34.79","21.26"
"Axtel Industries","Engineering","223.33","32.13","52.16","5.31","-22.53","195.98","0.0","30.72","604.0"
"AYM Syntex","Textiles - Processing","1358.16","2.04","373.89","19.36","13.44","1024.76","324.03","2.0","103.0"
"Azad Engineering","Engineering","340.77","58.58","92.8","14.93","9.29","797.08","39.44","13.8","1882.95"
"Aztec Fluids","Computers - Hardware","67.68","6.13","31.95","2.71","0","44.35","7.17","39.91","70.2"
"B & A","Tea","290.11","13.48","37.71","-15.74","-1.85","252.19","49.05","8.04","615.05"
"B & A Packaging","Packaging","128.79","11.45","28.83","3.51","7.9","92.16","2.76","16.69","265.35"
"B C C Fuba India","Electronics - Components","32.26","3.76","7.7","1.12","-15.2","34.19","8.9","21.39","66.0"
"B H E L","Electric Equipment","23892.78","282.22","8260.25","489.62","0.4","59005.5","8856.46","1.1","300.2"
"B N Rathi Sec.","Finance & Investments","57.47","10.53","13.55","2.3","32.97","204.78","0.0","19.76","135.55"
"B P C L","Refineries","448083.03","26858.84","116554.73","4789.57","-1.32","202417.75","54599.05","41.9","306.55"
"B P Capital","Finance & Investments","0.0","-0.14","0.0","-0.04","0","8.5","0.93","-2.96","5.51"
"B-Right Real","Construction","40.9","5.32","22.11","2.81","0","444.96","154.09","1.77","145.4"
"B.C. Power","Trading","95.27","0.72","14.08","-0.96","80.74","41.81","0.93","1.79","4.73"
"B.L.Kashyap","Construction","1244.53","52.53","341.18","23.66","23.65","1411.73","309.58","11.16","93.5"
"B&B Triplewall","Paper","374.52","19.2","101.42","4.54","25.86","355.12","180.07","17.01","247.0"
"B2B Soft.Tech.","Computers - Software - Medium / Small","20.32","1.85","6.26","0.54","17.45","22.83","0.0","9.69","28.0"
"Baba Arts","Entertainment / Electronic Media Software","11.46","1.97","0.67","-0.02","-9.46","28.03","0.0","8.08","13.0"
"Baba Food","Food - Processing - Indian","184.2","6.15","99.61","2.86","0","92.01","0.0","24.6","52.15"
"Bacil Pharma","Pharmaceuticals - Indian - Bulk Drugs","0.0","-0.06","0.0","-0.04","0","1.33","0.1","-5.19","21.68"
"Bafna Pharma.","Pharmaceuticals - Indian - Formulations","152.47","7.35","41.4","1.46","-1.99","147.68","24.39","9.53","77.78"
"BAG Films","Entertainment / Electronic Media Software","131.86","6.77","40.35","-0.49","8.44","379.12","0.0","2.72","8.91"
"Baheti Recycling","Aluminium and Aluminium Products","429.34","7.2","222.61","4.25","0","164.73","99.02","20.91","264.8"
"Baid Finserv","Finance & Investments","65.97","12.92","15.15","1.08","-0.2","426.12","241.86","8.03","18.73"
"Bajaj Auto","Automobiles - Scooters And 3 - Wheelers","44870.43","7708.24","11554.95","2011.43","29.41","39343.69","1911.74","26.48","9630.0"
"Bajaj Consumer","Personal Care - Indian","984.12","155.43","239.96","35.58","-3.79","983.58","8.75","19.19","269.05"
"Bajaj Electrical","Domestic Appliances","4641.27","131.79","1188.08","29.31","-8.04","3833.16","214.89","7.99","1072.1"
"Bajaj Finance","Finance & Investments","54971.56","14451.17","14926.21","3824.53","31.35","375741.62","293345.83","22.12","7116.05"
"Bajaj Finserv","Finance & Investments","110382.29","15595.36","32040.84","4084.93","35.62","537415.14","288932.62","15.28","1585.35"
"Bajaj Healthcare","Pharmaceuticals - Indian - Bulk Drugs & Formln","473.42","-83.79","133.9","-29.92","-13.11","765.13","332.82","8.87","343.15"
"Bajaj Hindusthan","Sugar","6104.32","-86.92","1870.27","90.56","-8.94","15906.11","3827.74","-1.9","41.3"
"Bajaj Holdings","Finance & Investments","591.0","7364.91","1211.84","2716.17","1297.9","65161.08","62.57","14.77","8705.85"
"Bajaj Steel Inds","Engineering","550.96","59.02","173.89","22.55","43.54","563.14","63.52","19.49","1664.0"
"Bajel Projects","Engineering - Turnkey Services","1169.21","4.29","489.16","7.07","147.34","1342.87","14.91","3.54","297.45"
"Bal Pharma","Pharmaceuticals - Indian - Bulk Drugs & Formln","339.22","7.44","94.63","5.53","14.77","320.39","139.65","11.11","119.15"
"Balaji Amines","Chemicals","1633.91","232.3","413.94","72.48","-12.19","2146.15","19.7","12.49","2335.35"
"Balaji Telefilms","Entertainment / Electronic Media Software","625.13","19.38","135.11","-2.61","-6.52","708.79","79.23","4.63","71.07"
"Balaxi Pharma","Trading","241.29","-2.39","59.83","10.93","-25.84","258.34","19.4","16.79","121.31"
"Balgopal Commer.","Trading","17.05","13.17","1.09","3.74","0.93","34.74","0.0","59.88","54.5"
"Balkrishna Inds","Tyres","9368.87","1471.49","2681.92","486.75","15.75","13684.54","3099.44","17.55","3207.95"
"Balkrishna Paper","Paper","5.58","-71.14","1.57","-28.9","-69.16","45.32","215.2","0","24.65"
"Balmer Law. Inv.","Finance & Investments","2348.19","263.76","579.28","75.15","-5.09","3021.73","113.09","14.4","885.0"
"Balmer Lawrie","Diversified - Large","2339.23","257.4","576.69","73.35","-5.16","2873.11","113.09","14.7","270.4"
"Balrampur Chini","Sugar","5593.74","534.47","1434.26","203.39","-3.84","6085.96","2009.15","16.98","434.55"
"Balu Forge","Castings & Forgings","559.86","93.67","161.17","28.28","30.21","712.46","48.8","24.96","325.85"
"Balurghat Tech","Miscellaneous","79.33","2.46","20.03","1.03","18.73","30.35","10.42","14.77","30.5"
"Bambino Agro Ind","Food - Processing - Indian","332.45","10.93","75.83","1.74","6.62","206.3","69.75","12.36","362.0"
"BAMPSL Sec.","Finance & Investments","8.38","0.39","0.54","0.33","-78.4","38.37","0.0","1.03","8.63"
"Banaras Beads","Glass & Glass Products","28.22","2.75","8.69","0.77","-1.36","59.8","3.29","5.14","100.5"
"Banas Finance","Finance & Investments","66.64","4.39","32.56","-14.4","349.72","167.47","6.05","2.85","10.0"
"Banco Products","Auto Ancillaries","2768.43","271.4","723.87","68.16","18.8","2027.49","422.97","26.44","690.0"
"Bandaram Pharma","Healthcare","34.08","0.97","13.43","0.19","33.5","32.06","12.21","12.63","34.28"
"Bandhan Bank","Banks - Private Sector","18869.62","2229.56","5189.34","54.63","21.58","155769.97","132780.13","11.38","205.15"
"Bang Overseas","Trading","133.72","-8.38","36.8","-0.38","12.3","158.85","27.18","-8.96","47.7"
"Bangalore Fort","Trading","37.34","0.34","18.0","0.03","90.68","16.75","2.87","0.37","49.0"
"Bank of Baroda","Banks - Public Sector","118379.22","18868.87","31072.17","5160.3","14.25","1654774.94","1453760.94","16.69","274.85"
"Bank of India","Banks - Public Sector","61073.34","6566.57","16250.46","1573.81","19.95","924280.35","821571.71","9.98","120.0"
"Bank of Maha","Banks - Public Sector","20494.85","4071.78","5466.73","1229.87","21.61","307329.02","278445.28","22.83","64.45"
"Banka Bioloo","Miscellaneous","50.0","-0.67","16.31","-0.25","99.39","77.42","25.92","-1.63","96.99"
"Bannari Amm Spg.","Textiles - Cotton/Blended","923.52","-14.13","248.25","-10.76","-24.42","1228.24","507.1","-5.4","48.51"
"Bannari Amm.Sug.","Sugar","2220.32","152.3","421.16","21.83","-35.84","2434.96","486.08","9.4","3220.0"
"Bansal Roofing","Steel - Medium / Small","105.58","3.55","24.08","0.79","-2.03","39.83","4.38","13.74","81.03"
"Bansisons Tea","Tea","0.0","-0.16","0.0","-0.04","-100.0","6.12","0.0","-2.66","3.99"
"Banswara Syntex","Textiles - Spinning - Synthetic / Blended","1263.87","35.54","343.39","8.48","-6.93","1070.02","354.76","6.81","150.05"
"Barak Valley","Cement - North India","234.01","7.25","68.59","-1.17","13.04","234.42","48.71","6.21","67.26"
"Barbeque-Nation","Hotels","1254.51","-11.18","298.05","-0.03","6.36","1277.27","685.55","-2.82","580.3"
"Baroda Extrusion","Mining / Minerals / Metals","127.2","-1.1","33.52","-1.37","3.62","32.93","59.46","0","6.57"
"Baroda Rayon","Construction","76.83","34.22","7.13","4.62","-80.79","641.84","211.4","4.92","169.8"
"Baron Infotech","Computers - Software - Medium / Small","0.0","-0.17","0.0","-0.09","-100.0","1.94","1.1","0","0.88"
"Bartronics India","Computers - Software - Medium / Small","48.84","1.38","12.41","1.98","2.99","29.74","0.0","8.17","20.34"
"Basant Agro Tech","Fertilizers","404.75","3.96","99.3","6.74","-24.64","414.1","153.68","2.3","22.9"
"BASF India","Chemicals","13767.48","563.35","3359.97","161.51","2.54","7232.96","156.07","19.02","5015.0"
"Basilic Fly Stud","Entertainment / Electronic Media Software","100.3","36.2","50.73","17.27","0","145.71","2.42","119.83","433.0"
"Bata India","Leather / Leather Products","3478.61","262.51","797.87","63.65","2.48","3349.76","1357.29","19.67","1509.05"
"Batliboi","Engineering","286.39","9.16","75.13","1.13","12.84","319.88","79.81","6.49","121.35"
"Baweja Studios L","Entertainment / Electronic Media Software","64.3","8.22","25.63","3.87","0","124.25","3.59","41.37","84.75"
"Bayer Crop Sci.","Pesticides / Agrochemicals - Multinational","5103.2","740.5","791.5","96.0","-19.44","4597.1","47.1","26.63","6899.45"
"Bazel Internatio","Finance & Investments","17.79","0.36","13.99","2.2","1489.77","55.56","8.61","0.82","52.5"
"BCL Enterprises","Finance & Investments","2.62","-2.56","0.69","-3.29","176.0","15.34","1.26","-18.17","1.07"
"BCL Industries","Solvent Extraction","2129.19","95.92","597.63","23.71","30.78","1300.72","477.08","16.74","52.93"
"BCPL Railway","Engineering - Turnkey Services","87.93","5.36","25.87","0.62","-24.97","156.09","39.84","6.18","104.05"
"BDH Industries","Pharmaceuticals - Indian - Formulations","85.83","9.87","27.11","2.96","19.32","93.41","8.69","16.89","350.05"
"Beacon","Finance & Investments","20.88","5.16","11.78","4.0","0","26.97","0.0","31.1","123.0"
"Beardsell","Plastics Products","231.46","7.93","64.08","0.91","7.66","149.64","28.29","12.19","37.77"
"Bedmutha Indus.","Steel - Medium / Small","812.01","20.94","229.46","6.75","20.13","565.65","234.57","19.04","236.2"
"Beekay Niryat","Trading","21.06","2.45","4.77","-0.08","-39.77","53.24","2.43","7.76","47.6"
"Beekay Steel Ind","Steel - Medium / Small","1000.5","132.97","253.37","37.42","-11.36","1261.51","223.5","15.17","776.9"
"Beeyu Overseas","Trading","0.0","-0.18","0.0","-0.19","0","3.0","0.0","-105.88","5.29"
"Bella Casa Fashi","Textiles - Products","230.1","10.18","61.07","3.07","50.53","161.12","43.44","12.69","356.0"
"Bemco Hydraulics","Engineering","84.5","7.94","28.32","2.15","64.27","120.99","21.83","15.53","1325.25"
"BEML Land Assets","Construction","0.0","-3.72","0.0","-0.66","0","9.62","0.0","-55.4","294.9"
"BEML Ltd","Engineering","4054.32","281.77","1513.65","256.8","9.06","5445.34","70.9","11.07","4469.0"
"Benara Bearings","Bearings","15.05","-3.13","6.02","-1.55","0","84.65","60.01","-14.07","16.49"
"Benares Hotels","Hotels","120.56","36.04","35.58","11.59","29.38","156.08","3.78","31.12","8821.95"
"Benchmark Comp.","Computers - Software - Medium / Small","34.62","2.21","21.64","1.26","0","42.32","5.65","17.13","46.0"
"Bengal & Assam","Finance & Investments","12917.41","4193.58","522.94","316.51","-87.26","10470.56","421.62","21.42","8471.0"
"Bengal Tea & Fab","Tea","56.12","-3.36","3.74","-5.46","3.31","191.93","6.26","-2.33","151.5"
"Berger Paints","Paints / Varnishes","11198.92","1169.82","2520.28","222.62","3.14","8368.66","753.29","23.66","509.15"
"Bervin Invest.","Finance & Investments","0.0","8.62","0.0","-1.58","0","59.18","0.0","30.33","41.42"
"Beryl Drugs","Pharmaceuticals - Indian - Bulk Drugs & Formln","27.13","0.77","3.21","-0.35","-47.29","17.49","5.09","9.07","32.76"
"Beryl Securities","Finance & Investments","0.83","0.17","0.23","0.08","4.55","10.07","0.0","1.77","28.1"
"Best Agrolife","Trading","1873.32","106.27","135.39","-72.49","-46.68","2013.15","636.6","18.1","680.65"
"Best Eastern Hot","Hotels","6.21","0.14","1.43","-0.22","22.22","5.78","2.4","5.75","16.5"
"Beta Drugs Ltd","Pharmaceuticals - Indian - Bulk Drugs","295.71","36.44","154.45","16.56","0","254.1","11.0","29.65","1228.0"
"Betex India","Textiles - Processing","89.4","3.33","21.47","1.36","0.14","52.39","3.53","11.01","206.25"
"BEW Engg","Engineering","120.76","13.56","55.2","9.38","11.19","165.76","65.82","50.88","1656.15"
"BF Investment","Finance & Investments","42.43","433.74","12.93","250.24","149.61","6813.61","0.0","7.96","697.55"
"BF Utilities","Power Generation And Supply","19.4","10.09","2.38","9.38","16.1","195.18","13.0","7.05","892.35"
"BFL Asset Finves","Finance & Investments","27.41","2.3","1.32","-2.4","300.0","19.64","4.24","17.15","15.99"
"BGIL Films & Tec","Entertainment / Electronic Media Software","0.0","-0.66","0.0","0.06","0","32.91","1.21","-3.46","10.3"
"BGR Energy Sys.","Engineering - Turnkey Services","1012.36","-760.8","170.01","129.44","59.38","4358.22","1832.6","0","38.0"
"Bhagawati Oxygen","Chemicals","0.72","0.41","0.16","-1.71","100.0","11.34","1.32","9.45","49.96"
"Bhageria Indust.","Dyes And Pigments","494.97","19.62","182.94","7.18","26.1","673.13","37.65","3.83","170.55"
"Bhagiradha Chem.","Pesticides / Agrochemicals - Indian","406.72","20.3","110.32","8.12","-9.99","567.52","61.42","5.55","255.3"
"Bhagwati Auto","Castings & Forgings","134.21","6.93","32.21","4.07","-11.19","69.51","8.4","18.41","502.7"
"Bhagyanagar Ind","Mining / Minerals / Metals","1430.72","45.72","409.68","2.44","-38.22","333.55","100.71","26.81","108.65"
"Bhakti Gems","Trading","103.99","0.78","30.77","0.21","31.5","25.76","1.68","3.88","17.28"
"Bhandari Hosiery","Textiles - Products","266.73","6.53","88.83","1.64","-19.55","250.69","121.92","6.99","7.95"
"Bhanderi Infra.","Construction","4.15","0.82","3.05","0.06","0","61.72","20.61","2.49","96.6"
"Bhansali Engg.","Petrochemicals","1221.73","179.73","321.18","41.35","-2.05","1054.37","0.0","18.08","129.45"
"Bharat Agri Fert","Fertilizers","22.26","-3.2","5.04","5.47","-32.26","107.9","45.12","-2.27","96.5"
"Bharat Bhushan","Finance & Investments","0.71","0.22","0.21","0.1","16.67","25.45","0.0","1.01","36.5"
"Bharat Bijlee","Electric Equipment","1872.48","131.44","587.47","48.53","36.69","2504.93","158.42","8.11","4705.0"
"Bharat Dynamics","Engineering","2369.28","612.72","854.12","288.78","7.0","10340.05","3.75","17.89","1615.0"
"Bharat Electron","Electronics - Components","20268.24","3985.24","8564.08","1796.67","32.18","39526.68","62.51","26.4","308.45"
"Bharat Forge","Castings & Forgings","15682.07","910.16","4164.21","227.11","14.75","19349.12","7947.53","13.23","1690.15"
"Bharat Gears","Auto Ancillaries","663.05","-9.74","170.77","-1.75","-4.86","385.48","113.37","-8.43","110.55"
"Bharat Hig.InvIT","Construction","120.69","14.81","0","0","0","6259.41","1137.6","0","105.66"
"Bharat Immunolog","Pharmaceuticals - Indian - Formulations","7.65","-18.07","0.0","-4.92","-100.0","188.13","74.36","-17.67","29.12"
"Bharat Parenter.","Pharmaceuticals - Indian - Formulations","257.36","10.52","67.82","-2.56","33.06","503.82","157.58","5.56","1535.0"
"Bharat Rasayan","Pesticides / Agrochemicals - Indian","1044.63","81.61","309.62","55.91","1.22","1191.6","80.47","8.67","11865.95"
"Bharat Road","Construction","379.72","-113.22","92.67","-29.65","-1.61","2734.34","1328.08","-45.48","47.05"
"Bharat Seats","Auto Ancillaries","1066.82","25.05","278.1","8.08","-5.22","505.25","159.88","15.9","157.15"
"Bharat Textiles","Textiles - Products","17.46","0.14","8.35","0.01","203.64","14.83","10.82","7.89","11.8"
"Bharat Wire","Steel - Medium / Small","621.84","96.34","147.16","21.8","-9.35","817.18","132.23","22.98","257.2"
"Bharatiya Glob.","Computers - Software - Medium / Small","1.52","-2.07","0.01","-0.33","-99.54","117.69","4.05","-2.38","3.15"
"Bharti Airtel","Telecommunications - Service Provider","149982.4","8558.0","37599.1","2068.2","4.42","444531.0","215592.3","14.93","1459.5"
"Bharti Hexacom","Telecommunications - Service Provider","7088.8","504.4","1868.0","222.6","7.82","18517.4","8104.6","14.44","1092.0"
"Bhartiya Intl.","Leather / Leather Products","777.52","0.19","179.66","1.41","22.4","1097.29","516.96","0.05","464.3"
"Bhaskar Agrochem","Pesticides / Agrochemicals - Indian","66.65","1.74","9.48","-0.9","-14.52","49.98","17.69","13.44","104.85"
"Bhatia Colour","Chemicals","114.48","3.45","60.81","1.97","0","102.33","19.84","5.87","47.0"
"Bhatia Communic.","Trading","342.42","8.49","93.91","2.98","14.02","120.68","21.15","14.07","20.6"
"Bheema Cements","Cement - South India","0.0","-33.74","0.0","-9.94","0","265.12","199.45","-56.39","26.75"
"Bhilwara Spinner","Textiles - Cotton/Blended","9.4","1.73","1.48","0.57","0","97.9","52.83","1.39","121.0"
"Bhilwara Tech","Textiles - Products","14.37","12.88","4.12","3.1","214.5","166.2","0.0","8.13","51.21"
"Bhudevi Infra","Construction","3.62","0.91","2.0","1.91","0","4.22","0.58","423.26","38.19"
"BIGBLOC Const.","Cement Products","243.22","30.69","67.95","8.65","45.97","293.58","142.51","34.22","226.35"
"Bihar Sponge","Steel - Sponge Iron","266.65","7.44","74.14","4.49","-34.3","182.09","33.71","0","16.14"
"Bijoy Hans","Trading","0.28","-0.12","0.07","-0.13","-12.5","3.49","0.06","-3.48","23.0"
"Bikaji Foods","Food - Processing - Indian","2294.71","269.73","606.21","116.11","32.29","1502.51","138.61","24.74","725.0"
"Bilcare","Packaging","747.18","-58.53","200.07","-19.67","-14.35","1567.76","756.05","-5.73","58.68"
"Billwin Indust.","Textiles - Products","4.91","0.79","1.6","0.22","0","12.99","4.4","13.86","51.1"
"Bimetal Bearings","Bearings","233.67","8.44","60.81","2.23","1.98","269.98","8.99","4.06","642.15"
"Binani Industrie","Miscellaneous","0.0","-7.15","0.0","-1.78","-100.0","15.73","172.03","0","16.2"
"Binayaka Tex Pr","Textiles - Processing","209.98","5.56","55.87","3.29","-7.68","207.33","50.52","6.15","2154.65"
"Bindal Exports L","Textiles - Products","30.24","0.32","12.93","0.2","0","16.84","4.08","3.32","22.6"
"Binny","Construction","158.6","22.78","23.79","-5.73","-26.16","903.34","1.24","15.0","138.0"
"Biocon","Pharmaceuticals - Indian - Bulk Drugs & Formln","14755.7","1297.8","3917.1","222.9","3.79","56070.7","16276.7","5.47","350.0"
"Biofil Chemicals","Pharmaceuticals - Indian - Formulations","40.04","0.71","15.2","0.25","11.6","47.08","0.44","4.0","64.7"
"Biogen Pharma","Finance & Investments","2.38","1.93","0.78","0.74","7900.0","56.82","0.0","3.47","1.11"
"Birla Cable","Cables - Telephone","685.5","22.49","174.72","1.46","-28.77","458.93","165.43","9.33","243.45"
"Birla Corpn.","Cement - North India","9662.72","420.56","2656.43","193.34","7.87","14436.17","3903.47","6.57","1600.35"
"Birla Precision","Engineering","225.77","10.66","60.99","-1.19","-5.79","269.88","43.74","7.46","59.81"
"Birlasoft Ltd","Computers - Software - Medium / Small","5278.15","623.76","1362.55","180.08","11.1","3925.65","93.17","22.71","712.15"
"Bisil Plast","Plastics Products","4.03","0.2","1.4","0.04","268.42","3.56","0.0","21.39","3.5"
"BITS","Computers - Education","0.89","2.41","0.24","0.04","14.29","20.58","0.0","12.82","3.52"
"Bizotic Commer.","Trading","71.43","3.08","45.58","2.28","0","77.59","2.16","36.49","51.0"
"BKM Industries","Packaging","0.93","-2.05","0.93","-1.06","0","32.3","0.0","-38.43","1.54"
"BKV Industries","Aquaculture","0.8","0.18","0.2","0.03","-16.67","4.72","0.0","4.11","13.61"
"Black Box","Computers - Software - Medium / Small","6281.58","137.67","1480.35","40.9","-11.98","2777.22","812.25","44.14","393.05"
"Black Rose Indus","Trading","380.42","21.23","115.36","5.7","3.77","192.52","4.22","15.6","134.55"
"BLB","Finance & Investments","314.38","2.61","205.35","-2.36","166.27","98.4","0.25","2.75","18.39"
"Bliss GVS Pharma","Pharmaceuticals - Indian - Formulations","770.24","81.57","198.13","-4.92","7.22","1213.87","99.84","10.19","102.45"
"Bloom Dekor","Miscellaneous","5.73","-0.85","0.88","-0.03","-67.53","15.53","12.73","0","11.87"
"Bloom Industries","Trading","30.08","0.57","1.66","0.13","-65.13","17.88","7.11","6.38","25.79"
"BLS E-Services","Computers - Software - Medium / Small","301.48","33.54","73.65","10.91","1.29","509.67","7.31","11.67","253.6"
"BLS Infotech","Trading","0.09","0.0","0.09","-0.01","50.0","40.91","0.0","0.0","3.16"
"BLS Internat.","Computers - Software - Medium / Small","1676.81","325.62","447.71","85.45","-0.21","1616.4","30.59","31.13","368.8"
"Blu.Coast Hotel.","Hotels","0.0","-7.32","0.0","-3.53","0","9.27","41.5","0","9.7"
"Blue Chip India","Finance & Investments","0.0","-2.94","0.0","0.0","0","9.48","0.0","-2.51","4.3"
"Blue Cloud Soft.","Computers - Software - Medium / Small","502.19","16.08","213.09","8.58","0","189.38","64.15","0","225.8"
"Blue Dart Expres","Couriers","5267.83","301.01","1322.87","77.78","8.74","3460.9","1072.95","22.74","8145.55"
"Blue Jet Health","Pharmaceuticals - Indian - Bulk Drugs & Formln","711.6","163.75","183.95","39.65","-15.34","1058.85","1.61","22.4","409.95"
"Blue Pearl","Trading","0.26","-0.07","0.04","-0.06","-20.0","0.49","0.41","0","46.44"
"Blue Pebble","Miscellaneous","22.06","3.75","8.88","0.83","0","10.44","0.0","119.43","287.05"
"Blue Star","Air-conditioners","9685.36","414.31","3327.77","159.71","26.83","6618.25","242.93","21.03","1651.25"
"Bluechip Tex Ind","Textiles - Processing","255.58","0.52","59.67","-1.0","1.43","41.62","4.43","1.87","160.05"
"BMW Industries","Steel - Medium / Small","598.19","63.8","137.31","19.0","1.53","879.94","105.61","10.09","60.48"
"BN Holdings","Trading","7.09","-3.13","7.09","-0.91","0","72.38","1.2","-8.88","150.0"
"BNR Udyog","Finance & Investments","7.24","4.31","0.82","0.27","-24.07","11.73","0.0","53.81","71.97"
"Bodal Chemicals","Dyes And Pigments","1394.62","6.47","393.59","2.04","1.03","2287.88","847.01","0.6","77.33"
"Bodhi Tree","Entertainment / Electronic Media Software","64.0","3.54","21.86","1.06","-0.5","61.46","5.92","13.01","15.2"
"Bohra Industries","Fertilizers","0.0","-2.58","0.0","-0.77","0","60.73","0.56","-4.6","15.85"
"Bombay Burmah","Auto Ancillaries","17108.98","1737.17","4161.69","526.4","1.3","11961.8","2161.33","16.36","2068.0"
"Bombay Cycle","Diversified - Medium / Small","9.2","3.41","2.47","0.62","9.78","33.94","0.61","12.85","2080.0"
"Bombay Dyeing","Textiles - Manmade","1688.48","2948.42","380.65","66.39","-43.2","2558.39","2.75","-103.38","211.3"
"Bombay Metrics","Trading","85.68","3.39","43.69","2.58","0","45.58","3.15","28.56","130.4"
"Bombay Oxygen","Finance & Investments","70.84","57.6","12.66","8.69","295.67","493.78","0.0","14.48","35376.6"
"Bombay Super Hyb","Miscellaneous","256.88","22.22","30.12","3.13","-15.82","162.19","48.02","33.01","192.3"
"Bombay Talkies","Finance & Investments","0.15","-0.18","0.05","-0.05","66.67","4.96","0.0","-3.64","8.08"
"Bombay Wire","Steel - Medium / Small","0.0","-0.31","0.0","0.03","0","7.92","0.0","-4.19","74.89"
"Bondada Engineer","Engineering - Turnkey Services","800.72","46.31","505.0","31.44","0","504.79","62.51","57.07","2635.0"
"Bonlon Industrie","Trading","431.49","2.33","118.64","0.82","-27.24","132.68","30.17","2.99","36.12"
"Borosil","Glass & Glass Products","942.25","65.87","228.88","5.08","29.65","1079.6","164.85","9.13","332.25"
"Borosil Renew.","Glass & Glass Products","1369.28","-50.28","283.11","-53.32","-8.39","1683.95","575.93","-8.45","510.7"
"Borosil Scienti.","Glass & Glass Products","355.15","31.46","102.66","12.07","13.07","476.62","11.17","8.56","222.0"
"Bosch","Auto Ancillaries","16727.1","2490.5","4233.4","564.5","4.18","17354.8","39.3","15.86","34280.25"
"Bothra Metals","Aluminium and Aluminium Products","28.52","0.29","16.2","0.11","0","32.96","13.98","1.71","12.12"
"BPL","Electronics - Components","66.43","13.46","16.18","0.32","5.48","446.63","8.57","5.54","134.0"
"Brady & Morris","Engineering","75.21","8.41","26.0","2.52","67.31","48.49","7.68","43.97","1250.0"
"Brahmaputra Inf.","Construction","221.11","17.15","54.01","4.49","26.34","717.09","214.64","10.61","102.65"
"Brand Concepts","Trading","250.62","10.96","58.11","1.07","39.45","161.53","63.27","26.01","653.0"
"Brandbucket Med.","Miscellaneous","34.22","0.85","25.25","0.35","0","109.67","0.0","0","8.97"
"Brawn Biotech","Trading","16.49","-1.54","3.45","-0.34","-27.37","14.59","0.0","-27.07","26.19"
"Bridge Securitie","Miscellaneous","0.8","0.52","0.32","0.27","-3.03","2.47","0.0","75.36","30.06"
"Brigade Enterpr.","Construction","4896.69","401.04","1702.37","210.86","102.04","17886.22","5469.95","11.63","1360.15"
"Bright Brothers","Plastics Products","244.67","-4.77","65.47","-0.22","38.5","199.19","41.07","-6.8","150.85"
"Bright Outdoor","Miscellaneous","106.68","16.04","65.44","11.84","27.97","186.78","13.26","16.17","425.1"
"Bright Solar","Pumps","9.54","-6.0","9.02","-2.9","0","37.08","0.62","-11.22","8.35"
"Brightcom Group","Computers - Software - Medium / Small","7606.48","1415.24","1690.32","321.48","14.16","7896.26","0.0","22.3","8.98"
"Brijlaxmi Leas.","Finance & Investments","3.18","0.76","0.58","-0.02","-21.62","21.91","17.05","21.41","7.78"
"Brisk Technovisi","Computers - Hardware","26.86","2.0","11.19","0.48","0","9.48","0.0","41.75","130.0"
"Celebrity Fash.","Textiles - Products","342.62","1.84","94.47","-1.06","-2.41","142.63","67.16","5.93","19.33"
"Britannia Inds.","Food - Processing - MNC","16769.27","2134.22","4069.36","536.61","1.15","9073.56","2064.96","57.15","5446.55"
"Bronze Infra","Construction","42.84","0.93","-0.88","-0.07","-466.67","54.18","3.29","17.37","1.26"
"Brookfield India","Construction","1780.48","-3.86","535.9","4.61","77.2","25612.11","12063.28","-0.04","265.94"
"Brooks Lab.","Pharmaceuticals - Indian - Bulk Drugs & Formln","79.49","-19.59","17.72","-9.61","40.52","90.45","5.65","-28.08","87.0"
"BSE","Miscellaneous","1592.5","771.66","544.77","106.89","110.37","9450.23","0.02","15.2","2600.75"
"BSEL ALGO","Construction","28.11","25.2","8.24","9.52","-4.85","941.04","0.0","5.61","12.4"
"BSL","Textiles - Processing","666.45","11.23","156.34","2.52","31.68","617.55","437.23","10.36","202.2"
"Burnpur Cement","Cement - North India","134.37","-99.11","0.51","-16.45","-98.91","2.21","415.56","0","9.34"
"Butterfly Gan Ap","Domestic Appliances","931.28","7.39","166.38","-19.76","-10.93","535.89","3.73","2.81","868.0"
"C D S L","Miscellaneous","812.26","419.56","240.78","129.42","92.98","1781.65","1.35","31.31","2411.0"
"C J Gelatine","Chemicals","40.89","-1.95","11.25","-0.21","12.05","33.1","19.61","12.71","23.0"
"C P C L","Refineries","66385.44","2711.25","17720.18","612.38","-1.6","18103.31","2785.9","36.46","987.35"
"C P S Shapers","Textiles - Products","36.02","0.74","18.4","-0.08","0","25.37","9.2","42.29","247.05"
"C.E. Info System","Computers - Software - Medium / Small","379.42","134.38","106.9","38.25","47.51","791.94","25.73","22.3","2344.65"
"Cadsys (India)","Computers - Software - Medium / Small","215.11","13.87","107.1","6.61","0","245.72","83.57","16.65","211.05"
"Calcom Vision","Electronics - Components","160.2","1.28","0","0","0","0","0","0","147.9"
"California Soft.","Computers - Software - Medium / Small","4.28","0.62","1.01","0.15","4950.0","21.9","8.31","5.21","16.4"
"Cambridge Tech.","Computers - Software - Medium / Small","206.23","5.58","57.07","4.53","-7.4","272.49","119.99","5.28","126.95"
"Camex","Dyes And Pigments","141.81","3.46","37.59","1.55","-6.86","61.47","7.62","8.82","68.42"
"Camlin Fine","Chemicals","1613.06","-104.87","401.69","-81.79","-5.86","1951.72","683.03","-7.09","105.05"
"Campus Activewe.","Leather / Leather Products","1448.29","89.44","363.86","32.75","4.63","1096.58","177.76","14.86","289.35"
"Cams Services","Miscellaneous","1136.52","350.98","310.46","102.99","24.56","1413.48","96.31","39.78","3661.95"
"Can Fin Homes","Finance - Housing","3523.06","750.7","926.83","209.03","21.35","36601.55","31862.94","18.79","928.8"
"Canara Bank","Banks - Public Sector","110518.75","15400.91","29286.12","3990.7","20.5","1535017.64","1369780.03","17.94","119.55"
"Canarys","Computers - Software - Medium / Small","75.02","7.99","44.0","5.34","0","104.62","7.72","44.0","50.95"
"Candour Techtex","Trading","184.73","-1.06","42.17","-0.15","804.94","73.72","38.41","-3.76","47.44"
"Cantabil Retail","Textiles - Products","616.49","62.22","194.12","18.35","11.61","774.38","335.93","22.32","256.55"
"Capacit'e Infra.","Construction","1931.64","120.33","598.89","51.81","34.06","3149.13","328.96","9.33","311.3"
"Capfin India","Finance & Investments","0.23","-0.46","0.18","-0.39","500.0","2.6","0.0","-16.28","261.5"
"Capital India","Finance & Investments","680.11","-6.43","164.52","-3.8","2.99","1800.9","899.26","-1.47","105.95"
"Capital Small","Banks - Private Sector","794.33","111.53","204.2","28.21","14.33","7990.78","7282.0","18.27","344.85"
"Capital Trade Lk","Finance & Investments","35.55","9.7","7.65","1.42","43.8","227.92","165.43","21.76","54.0"
"Capital Trust","Finance & Investments","77.88","2.15","22.11","0.6","12.58","179.36","80.08","2.86","114.05"
"Caplin Point Lab","Pharmaceuticals - Indian - Formulations","1694.1","461.42","453.22","121.23","16.43","2697.38","1.97","22.97","1476.55"
"Capri Global","Finance & Investments","2312.86","279.41","648.63","82.59","42.71","15149.7","10406.91","7.55","216.55"
"Capricorn System","Computers - Software - Medium / Small","0.83","-0.15","0.23","0.0","-17.86","3.74","0.0","-4.0","13.04"
"Caprihans India","Plastics Products","704.19","-51.62","190.98","-17.91","-15.66","1417.11","774.96","-11.88","152.45"
"Caprolactam Chem","Chemicals","6.96","0.2","1.44","0.12","-35.14","11.65","5.86","3.67","60.0"
"Captain Pipes","Plastics Products","76.35","3.98","20.26","0.91","-4.57","43.22","5.82","17.47","18.94"
"Captain Polyplas","Plastics Products","294.32","16.6","68.77","4.75","-10.36","263.99","102.66","20.41","51.65"
"Captain Techno.","Castings & Forgings","62.67","3.7","33.13","2.17","0","43.38","8.51","18.41","203.0"
"Carborundum Uni.","Abrasives And Grinding Wheels","4702.19","476.18","1201.19","142.56","0.13","4151.9","171.89","15.51","1722.65"
"CARE Ratings","Miscellaneous","331.68","102.56","90.15","24.55","16.31","841.77","19.55","14.47","1089.4"
"Career Point","Miscellaneous","101.58","57.13","25.65","14.29","3.3","639.16","34.6","11.29","396.25"
"Cargosol Logist.","Miscellaneous","113.55","-4.27","52.43","-4.87","0","63.79","28.93","-15.94","35.6"
"Cargotrans Marit","Miscellaneous","61.7","1.78","28.58","0.58","0","20.75","2.39","14.74","62.0"
"Carnation Inds.","Castings & Forgings","0.0","-0.49","0.0","-0.15","0","1.3","1.92","0","7.33"
"Cartrade Tech","Miscellaneous","489.95","19.98","145.28","24.97","51.55","2509.78","112.48","2.86","786.8"
"Carysil","Ceramics - Tiles / Sanitaryware","683.76","58.36","190.53","15.76","30.89","844.67","302.63","17.61","841.95"
"Caspian Corporat","Miscellaneous","89.72","7.93","24.44","4.43","3660.0","86.84","38.13","34.13","74.1"
"Castrol India","Chemicals","5105.96","877.87","1325.24","216.24","2.42","3419.93","76.95","42.54","208.7"
"Catvision Ltd","Trading","20.09","6.0","4.97","6.38","-11.41","29.26","0.0","-1.27","28.91"
"CCL Internationa","Construction","35.7","1.47","16.31","0.95","86.61","74.25","21.77","3.21","26.7"
"CCL Products","Tea","2653.7","250.08","726.72","65.22","39.73","3535.91","1622.34","15.85","598.35"
"CDG Petchem","Trading","40.53","-0.56","7.33","-0.24","-46.96","16.96","11.56","-44.8","29.45"
"CEAT","Tyres","11943.48","635.28","2991.85","102.27","4.07","9994.5","1791.5","18.12","2851.1"
"Ceejay Finance","Finance & Investments","20.71","6.57","5.98","1.86","11.15","105.55","33.08","9.89","217.0"
"Ceenik Exports","Textiles - Products","0.0","0.57","0.0","1.65","0","44.25","13.62","6.04","745.0"
"Ceeta Industries","Food - Processing - Indian","11.74","-1.6","2.54","0.53","-6.27","39.12","13.29","-6.32","34.0"
"Cella Space","Miscellaneous","7.78","0.24","2.12","-0.39","5.47","41.73","57.72","0","12.37"
"Cellecor Gadgets","Trading","500.45","16.09","290.8","9.07","0","185.85","74.74","116.51","310.0"
"Cello World","Trading","2000.26","356.18","512.47","96.12","0","1971.78","370.71","44.57","881.9"
"Cenlub Industrie","Engineering","71.52","8.97","19.81","2.11","77.99","77.64","4.16","17.39","394.95"
"Centenial Surgic","Healthcare","51.19","1.13","12.05","0.19","-7.45","79.15","0.0","3.57","114.15"
"Central Bank","Banks - Public Sector","30848.92","2676.62","8371.23","817.46","16.73","447771.58","405553.66","8.71","62.67"
"Centrum Capital","Finance & Investments","2206.81","-71.19","654.84","39.41","66.05","17384.41","10774.52","-14.19","39.13"
"Centum Electron","Electronics - Components","1090.82","-2.76","296.9","-6.9","-6.13","1063.8","226.27","-3.82","1649.0"
"Century Enka","Textiles - Manmade","1744.15","45.89","468.68","20.26","-0.83","1687.51","52.25","3.41","580.3"
"Century Extrus.","Aluminium and Aluminium Products","375.1","7.45","92.3","1.15","15.13","159.25","48.07","10.48","20.58"
"Century Plyboard","Miscellaneous","3885.95","325.33","1060.72","78.41","9.87","3552.57","771.04","15.77","753.75"
"Century Textiles","Paper","4513.54","60.38","1685.88","20.64","71.71","10510.16","2501.69","6.49","2316.95"
"Cera Sanitary.","Ceramics - Tiles / Sanitaryware","1871.23","239.17","546.63","75.03","2.47","1825.17","40.09","19.05","8649.9"
"Cerebra Integr.","Computers - Hardware","51.98","-48.33","15.21","5.95","14.36","352.33","39.07","-15.11","6.63"
"CESC","Power Generation And Supply","15293.0","1447.0","3387.0","415.0","9.19","37168.0","14544.0","12.31","160.8"
"CFF Fluid","Engineering","106.86","17.09","47.41","6.99","0","161.16","23.48","68.39","880.0"
"CG Power & Ind","Electric Equipment","8045.98","1427.61","2191.72","233.81","15.18","5625.74","17.44","35.55","711.5"
"CG-VAK Software","Computers - Software - Medium / Small","78.58","9.23","18.69","1.79","-6.64","71.31","3.47","15.93","320.65"
"Chalet Hotels","Hotels","1417.25","278.19","418.26","82.44","23.79","5749.55","3005.18","16.4","805.55"
"Challani Capital","Finance & Investments","0.83","0.51","0.2","0.03","-28.57","5.71","0.0","9.43","16.59"
"Chaman Metallics","Steel - Sponge Iron","188.87","12.52","96.83","3.56","0","241.72","129.5","16.29","68.05"
"Chamanlal Setia","Food - Processing - Indian","1355.63","115.64","383.53","23.25","7.38","994.41","175.02","17.49","206.3"
"Chambal Brewer","Trading","0.0","-2.47","0.0","-1.97","0","1.22","0.0","-8.62","10.54"
"Chambal Fert.","Fertilizers","17966.41","1275.75","2643.04","96.79","-26.56","11508.97","1873.93","17.79","520.0"
"Chandni Machines","Trading","165.93","1.73","41.01","0.07","5930.88","16.8","0.36","21.82","56.77"
"Chandra Bhagat","Trading","221.37","1.53","102.11","0.9","0","101.8","16.42","5.57","79.0"
"Chandra Pr. Intl","Trading","854.83","0.78","214.15","-1.51","4.86","141.6","57.14","1.67","24.43"
"Chandrima Mercan","Trading","19.39","0.26","10.54","2.36","-21.34","71.21","3.27","7.18","19.46"
"Charms Industrie","Finance & Investments","0.39","-0.13","0.09","-0.01","200.0","0.68","0.4","-56.52","7.1"
"Chart.Logistics","Miscellaneous","71.64","0.67","20.05","1.91","-6.79","72.82","20.72","1.5","10.9"
"Charter. Capital","Finance & Investments","6.73","5.43","1.99","2.13","468.57","164.96","0.0","3.78","246.75"
"Chatha Foods","Food - Processing - Indian","133.8","6.17","63.02","2.76","0","83.51","8.08","28.37","106.8"
"Chavda Infra Ltd","Construction","241.66","18.76","139.07","12.12","0","250.61","86.5","61.71","168.9"
"CHD Chemicals","Trading","16.23","0.26","4.3","0.02","31.5","23.08","6.46","1.97","7.05"
"Checkpoint Trend","Trading","1.13","0.03","0.47","-0.23","487.5","0.93","0.0","5.83","9.01"
"Chembond Chem.","Chemicals","461.99","44.32","121.83","6.7","-0.16","446.97","6.68","12.97","646.25"
"Chemcon Special.","Chemicals","267.09","19.19","59.59","2.9","-24.65","545.24","42.74","4.11","261.9"
"Chemcrux Enterp.","Chemicals","78.47","8.44","18.54","2.21","-7.35","109.87","26.45","12.17","236.55"
"Chemfab Alka.","Chemicals","327.29","29.99","82.3","6.56","12.28","498.21","20.01","7.93","611.4"
"Chemo Pharma Lab","Pharmaceuticals - Indian - Bulk Drugs","0.0","1.2","0.0","-0.29","0","13.02","0.0","9.84","66.0"
"Chemplast Sanmar","Chemicals","3922.98","-158.43","1050.72","-31.13","-8.38","6030.3","1547.51","-8.9","543.4"
"Chemtech Indust.","Engineering","31.38","4.15","10.4","1.15","20.09","51.11","4.85","17.67","191.1"
"Chennai Ferrous","Trading","143.02","2.79","21.73","0.5","-35.58","64.47","0.0","5.98","120.45"
"Chennai Meena","Healthcare","38.2","-0.43","9.55","-0.44","-3.34","22.81","11.42","0","36.74"
"Cheviot Company","Textiles - Jute - Yarn / Products","462.8","69.39","122.84","14.93","-8.89","680.52","8.93","11.58","1473.25"
"CHL","Hotels","125.84","9.52","31.96","16.1","9.38","339.91","248.74","0","34.02"
"Choice Intl.","Finance & Investments","750.68","130.86","214.55","39.39","56.33","1806.08","455.46","23.25","389.4"
"Choksi Imaging","Photographic And Allied Products","1.27","-0.46","0.15","0.31","-46.43","16.97","0.0","-3.01","66.33"
"Choksi Laborator","Miscellaneous","36.7","1.11","11.12","0.68","13.7","61.95","29.79","5.12","55.0"
"Chola Financial","Finance & Investments","25803.52","3850.56","7083.48","1143.75","36.59","176917.67","134014.0","19.8","1510.95"
"Cholaman.Inv.&Fn","Finance & Investments","19139.62","3420.06","5427.56","1065.23","45.08","156686.41","134474.88","20.15","1429.55"
"Chordia Food","Miscellaneous","3.23","0.8","0.78","0.2","8.33","16.5","0.43","5.66","87.5"
"Chothani Foods","Trading","8.0","0.14","4.27","0.04","0","18.51","0.77","2.06","30.1"
"Chowgule Steam","Shipping","4.09","7.41","1.14","0.53","0","52.67","0.0","8.78","30.02"
"Chrome Silicon","Mining / Minerals / Metals","89.81","0.42","37.23","0.1","-20.0","232.09","21.67","-21.45","43.45"
"CIAN Agro","Solvent Extraction","170.71","5.05","125.14","4.19","13.32","447.3","106.9","5.85","42.7"
"Cian Healthcare","Pharmaceuticals - Indian - Bulk Drugs & Formln","61.7","0.25","61.7","0.25","0","161.18","55.7","0.43","23.0"
"CIE Automotive","Castings & Forgings","9266.95","1076.52","2426.8","230.48","-0.55","9752.58","855.41","20.31","596.45"
"Cigniti Tech.","Computers - Software - Medium / Small","1815.01","165.59","455.64","27.14","7.22","1005.87","57.24","24.95","1373.35"
"CIL Nova Petro.","Textiles - Manmade","0.0","0.81","0.0","-0.89","0","111.83","17.58","-3.68","30.0"
"Cil Securities","Finance & Investments","10.53","2.88","2.97","0.95","48.5","59.12","0.0","10.33","50.06"
"Cindrella Fin.","Finance & Investments","0.21","0.36","0.04","0.06","100.0","6.61","0.0","5.74","12.7"
"Cindrella Hotels","Hotels","8.12","0.66","2.13","-0.06","-3.62","14.96","1.53","5.71","51.0"
"Cineline India","Entertainment / Electronic Media Software","247.82","-4.54","53.71","-6.5","20.02","577.38","349.62","-3.15","134.1"
"Cinerad Communic","Entertainment / Electronic Media Software","13.99","-0.71","0.73","-13.78","0","25.17","0.12","0","70.95"
"Cinevista","Entertainment / Electronic Media Software","0.44","-7.5","0.01","-1.97","0","178.29","15.95","-8.73","18.23"
"Cipla","Pharmaceuticals - Indian - Bulk Drugs & Formln","25774.09","4153.72","6163.24","931.87","7.39","32717.82","559.41","16.99","1488.0"
"Cistro Telelink","Trading","0.24","-1.43","0.05","-1.45","66.67","2.97","0.0","0.54","0.64"
"Citadel Realty","Construction","3.17","1.14","0.79","0.27","12.86","34.74","15.93","9.96","38.01"
"CitiPort Fin.","Finance & Investments","0.39","0.03","0.17","0.01","142.86","4.7","0.0","0.97","17.46"
"Citizen Infoline","Trading","3.92","0.01","1.28","-0.01","-52.24","4.61","0.0","0.22","37.64"
"City Crops Agro","Trading","45.2","2.28","27.26","1.35","0","32.35","0.02","19.08","28.1"
"City Online Ser.","Telecommunications - Service Provider","10.25","-0.21","2.2","0.21","-25.17","6.67","1.32","0","6.29"
"City Pulse Multi","Entertainment / Electronic Media Software","1.15","0.15","1.12","0.49","185.71","94.49","2.47","3.25","162.2"
"City Union Bank","Banks - Private Sector","5270.57","1015.73","1374.12","254.82","11.89","66594.56","57085.95","13.62","167.5"
"Cityman","Construction","0.0","-0.35","0.0","-0.08","0","7.54","13.68","0","26.46"
"CL Educate","Miscellaneous","318.55","15.81","73.07","1.88","8.25","388.06","32.02","5.1","85.47"
"Clara Industries","Packaging","12.68","4.2","8.47","2.48","0","45.8","1.61","45.56","235.0"
"Class. Gl. Fin.","Finance & Investments","0.58","0.03","0.14","0.01","40.0","12.24","4.92","0.34","1.1"
"Classic Filament","Trading","0.0","-0.1","0.0","-0.01","0","7.42","0.15","-1.71","35.0"
"Classic Leasing","Finance & Investments","0.39","0.18","0.16","0.16","77.78","3.58","8.1","0","14.0"
"Clean Science","Chemicals","791.49","244.03","227.53","70.27","4.92","1396.28","2.03","22.05","1474.95"
"CLIO Infotech","Computers - Software - Medium / Small","0.15","0.02","0.09","0.27","800.0","15.09","4.62","0.19","6.62"
"CMI","Cables - Power","24.02","-95.5","7.9","-1.85","230.54","318.77","381.03","0","4.36"
"CMM Infraproj","Construction","133.19","0.21","75.87","0.03","0","0","0","0","2.05"
"CMS Info Systems","Miscellaneous","2264.68","347.14","627.08","91.42","25.06","2658.52","180.85","19.78","511.6"
"CNI Research","Finance & Investments","10.42","0.84","2.78","0.27","198.92","14.93","0.0","6.89","8.01"
"Coal India","Mining / Minerals / Metals","142323.98","37369.13","37410.39","8640.45","-1.94","237672.26","6523.03","53.39","473.2"
"Coastal Corporat","Aquaculture","435.56","4.52","116.62","-6.19","59.69","630.19","332.91","1.79","229.15"
"Coastal Roadways","Miscellaneous","38.24","2.26","10.7","0.65","18.1","23.26","0.34","5.45","25.57"
"Cochin Malabar","Miscellaneous","0.0","0.5","0.0","1.0","0","2.05","4.83","0","213.85"
"Cochin Minerals","Chemicals","300.44","8.59","100.82","-6.92","-6.5","240.29","5.72","5.83","279.7"
"Cochin Shipyard","Miscellaneous","3645.28","813.1","1225.49","264.67","112.4","11880.27","488.8","17.21","2261.05"
"Coffee Day Enter","Hotels","1013.25","-307.43","250.65","-296.4","4.29","5103.79","1363.0","5.64","55.69"
"Coforge","Computers - Software - Medium / Small","9179.0","835.6","2358.5","229.2","8.69","6107.7","726.0","23.83","5530.2"
"Colab Cloud","Finance & Investments","1.59","1.79","0.11","0.2","-78.43","22.0","0.0","7.69","16.3"
"Colgate-Palmoliv","Personal Care - Multinational","5680.43","1323.66","1490.01","379.82","10.32","3196.53","71.75","74.51","2882.65"
"Colinz Labs","Pharmaceuticals - Indian - Formulations","7.03","0.49","1.63","0.14","-5.23","11.36","0.57","5.73","42.5"
"Colorchips New","Entertainment / Electronic Media Software","0.35","-0.77","0.2","-0.16","166.67","30.37","0.0","-2.6","23.35"
"Comfort Comtrade","Finance & Investments","31.85","16.71","12.65","0.09","-12.94","63.15","7.23","43.85","25.5"
"Comfort Fincap","Finance & Investments","13.9","5.15","3.54","0.73","19.59","83.09","26.07","9.81","9.19"
"Comfort Intech","Breweries & Distilleries","157.15","17.08","61.24","2.87","96.41","269.72","28.87","11.93","9.69"
"Command Polymers","Plastics Products","10.99","-2.02","4.31","-2.51","0","27.26","10.76","-11.8","27.7"
"Commerl. Synbags","Packaging","285.56","7.25","69.12","2.84","13.78","256.23","98.01","5.84","81.9"
"Committed Cargo","Miscellaneous","142.6","4.12","78.24","1.51","0","69.56","0.11","14.28","58.75"
"Competent Auto","Trading","2117.28","27.56","498.79","9.61","9.57","702.88","323.39","8.54","576.95"
"Compuage Info.","Trading","3739.44","-114.36","388.94","-137.42","-69.83","1017.79","475.7","-54.28","3.69"
"Compucom Soft.","Computers - Education","70.32","5.59","8.45","0.18","-65.41","203.12","38.64","3.77","28.56"
"Computer Point","Trading","0.02","0.01","0.02","-0.01","0","33.53","0.0","0.03","9.14"
"Comrade Applian.","Electronics - Components","28.99","0.53","19.05","3.08","0","39.91","13.93","7.69","92.0"
"Conart Engineers","Construction","48.89","3.08","26.44","1.79","209.96","33.22","0.02","11.34","150.4"
"Concord Biotech","Pharmaceuticals - Indian - Bulk Drugs & Formln","1016.94","304.73","318.97","97.21","17.01","1699.32","9.74","20.89","1528.85"
"Concord Control","Electric Equipment","65.52","13.04","35.07","6.98","0","60.47","2.7","61.42","1259.45"
"Concord Drugs","Pharmaceuticals - Indian - Bulk Drugs & Formln","43.26","0.42","14.47","-0.35","25.39","56.3","14.01","1.29","38.9"
"Concrete Infra","Trading","21.19","0.15","1.31","0.01","-40.72","84.81","0.0","1.81","3.1"
"Confidence Fut.","Trading","175.9","8.5","72.12","3.74","48.89","251.76","60.5","5.56","108.0"
"Confidence Petro","Miscellaneous","2698.47","105.27","630.54","13.93","-5.69","2202.5","632.6","10.16","81.17"
"Cons. Finvest","Finance & Investments","47.96","46.46","6.06","16.32","-98.5","926.74","0.0","5.99","197.4"
"Consecutive In&T","Finance & Investments","0.0","0.17","0.0","0.09","0","15.25","0.0","0.79","41.6"
"Constronics","Trading","0.77","0.72","0.4","0.64","300.0","6.58","5.53","118.03","57.63"
"Cont. Chemicals","Computers - Software - Medium / Small","0.42","0.52","0.05","0.12","0","5.57","0.03","12.01","70.65"
"Cont. Controls","Electric Equipment","0.0","-0.31","0.0","-0.02","-100.0","2.1","0.0","-14.0","13.77"
"Cont. Petroleums","Chemicals","54.98","2.73","19.32","1.4","-29.49","48.78","6.73","12.01","77.35"
"Cont. Securities","Finance & Investments","1.58","0.76","0.43","0.2","30.3","12.38","0.21","7.87","8.49"
"Containe Tech.","Auto Ancillaries","10.01","1.07","5.59","0.34","0","20.73","6.89","12.66","82.5"
"Container Corpn.","Miscellaneous","8653.41","1262.09","2325.13","317.83","6.45","14038.04","938.7","10.94","1040.85"
"Containerway Int","Miscellaneous","0.0","-0.16","0.0","-0.05","0","3.25","3.72","0","11.36"
"Contil India","Trading","28.24","1.41","6.94","0.47","47.66","11.85","0.0","16.67","164.5"
"Continental Seed","Trading","97.68","0.67","58.44","0.54","78.52","26.54","4.66","-18.29","24.0"
"Control Print","Computers - Hardware","359.27","54.51","100.61","12.47","13.71","434.03","7.37","17.34","862.0"
"Cool Caps","Plastics Products","153.34","3.93","71.81","0.14","30.96","185.58","111.69","10.91","330.0"
"Coral India Fin.","Finance - Housing","27.68","20.77","7.12","6.88","-32.96","193.11","0.0","12.47","50.0"
"Coral Labs.","Pharmaceuticals - Indian - Formulations","83.66","15.79","28.89","5.79","152.53","205.68","0.0","9.58","654.95"
"Coral Newsprints","Paper","0.86","-0.62","0.0","-0.11","-100.0","10.43","7.33","0","11.01"
"Cords Cable","Cables - Power","627.74","10.07","179.22","3.23","26.23","361.66","77.84","6.13","234.0"
"Coromandel Engg.","Construction","96.64","-4.4","21.59","-1.07","-22.95","76.39","16.68","0","57.56"
"Coromandel Inter","Fertilizers","22058.39","1640.64","3912.72","163.91","-28.55","15851.5","492.12","18.94","1603.6"
"COSCO (India)","Trading","176.55","3.21","49.19","0.85","19.08","123.52","56.95","6.66","317.6"
"Cosmic CRF","Steel - Medium / Small","253.48","12.75","130.01","5.95","0","254.03","14.44","111.94","1688.95"
"Cosmo Ferrites","Electronics - Components","97.76","-1.98","25.69","-0.52","7.31","119.22","68.17","-5.18","180.0"
"Cosmo First","Packaging","2587.34","62.19","641.31","15.38","-10.31","3527.86","1048.05","4.7","796.35"
"Cospower Engine.","Electric Equipment","22.29","0.11","15.24","1.31","0","34.84","19.57","1.55","274.05"
"COSYN","Computers - Software - Medium / Small","15.5","0.04","4.8","0.82","31.51","37.58","0.08","0.14","40.5"
"Country Club Hos","Hotels","52.36","-4.86","12.46","6.15","-9.58","615.2","23.75","-1.55","18.29"
"Country Condo","Construction","25.32","1.61","5.92","0.05","-0.67","33.66","1.95","6.79","5.73"
"Craftsman Auto","Auto Ancillaries","4451.73","337.33","1105.34","70.53","12.75","4705.74","1754.82","20.02","5563.3"
"Crane Infra","Construction","3.53","1.45","0.51","0.34","96.15","30.15","0.01","4.99","30.97"
"Cranes Software","Computers - Software - Medium / Small","7.16","-10.08","1.11","-2.58","-15.91","13.64","466.67","0","8.03"
"Cranex","Engineering","62.11","1.52","21.22","0.88","31.39","55.46","27.07","14.81","114.0"
"Cravatex","Trading","202.63","4.83","50.68","0.5","-39.48","124.54","0.0","5.06","410.0"
"Crayons Advertis","Miscellaneous","201.55","16.9","109.51","11.8","0","185.45","4.87","31.4","128.9"
"Creative Casting","Castings & Forgings","52.26","5.07","15.29","1.84","-10.01","45.42","0.08","13.74","819.75"
"Creative Eye","Entertainment / Electronic Media Software","0.47","-2.59","0.16","-0.54","-33.33","29.23","6.38","-11.95","7.03"
"Creative Graphic","Engineering","131.59","10.81","83.52","3.57","0","115.72","50.29","57.71","175.0"
"Creative Newtech","Trading","1713.12","48.25","304.15","20.36","-23.41","361.38","73.56","28.97","763.95"
"Credent Global","Finance & Investments","12.37","1.34","4.61","2.43","-70.52","106.92","22.48","2.76","126.05"
"CreditAcc. Gram.","Finance & Investments","5166.67","1445.93","1457.49","396.99","36.8","28846.01","21841.01","24.77","1401.35"
"Credo Brands","Trading","567.33","59.16","133.08","7.03","0.22","709.87","253.18","18.99","164.9"
"Cressanda Railwa","Trading","154.18","12.81","105.59","5.68","296.36","147.76","17.9","8.37","11.91"
"Crest Ventures","Finance & Investments","183.61","62.08","39.79","11.76","31.75","1370.85","204.68","5.96","382.65"
"Crestchem","Chemicals","21.26","2.15","5.63","0.66","96.17","7.14","0.0","57.33","123.0"
"CRISIL","Miscellaneous","3162.31","650.41","737.68","137.72","3.19","3314.52","47.32","32.3","4422.95"
"Croissance Ltd","Construction","0.66","0.07","0.0","-0.07","-100.0","9.25","0.04","0.9","4.35"
"Crompton Gr. Con","Electric Equipment","7312.81","441.78","1961.0","133.43","9.49","6081.7","683.19","15.55","411.15"
"Crop Life Scienc","Pesticides / Agrochemicals - Indian","198.61","6.04","101.16","2.68","0","172.51","33.89","14.9","45.3"
"Cropster Agro","Packaging","60.71","11.08","27.45","5.17","0","62.79","0.01","37.93","422.95"
"Crown Lifters","Miscellaneous","28.1","5.51","10.54","1.88","73.64","108.69","28.86","19.27","325.0"
"CRP Risk Mgt.","Miscellaneous","13.05","0.04","6.83","0.03","0","103.04","30.04","0.07","11.93"
"CSB Bank","Banks - Private Sector","2927.54","566.82","794.87","151.46","24.88","29162.28","25288.78","17.69","379.55"
"CSL Finance","Finance & Investments","165.65","63.36","46.65","18.57","38.88","985.33","504.94","15.16","454.35"
"Cubex Tubings","Mining / Minerals / Metals","222.52","3.99","50.26","1.01","-15.6","104.83","15.07","5.96","98.59"
"Cubical Finan","Finance & Investments","2.73","1.16","0.48","0.65","37.14","14.9","0.0","8.2","2.57"
"Cummins India","Engines","8958.6","1660.62","2316.15","561.52","20.26","8498.47","120.5","28.83","3981.1"
"Cupid","Miscellaneous","171.09","39.85","62.9","23.72","51.57","319.94","12.06","17.01","90.5"
"CWD","Electronics - Components","21.26","1.13","15.67","3.66","0","45.13","11.51","5.35","713.0"
"Cybele Industrie","Cables - Power","35.48","-0.07","9.01","1.63","-15.32","81.84","18.71","-0.16","41.68"
"Cyber Media Ind","Entertainment / Electronic Media Software","101.8","3.4","25.68","0.96","11.65","42.89","10.4","0","25.89"
"Cyber Media Res.","Computers - Software - Medium / Small","87.33","3.59","22.45","1.32","16.08","41.06","8.6","29.56","172.2"
"Cybertech Sys.","Computers - Software - Medium / Small","221.74","22.74","56.51","7.06","4.44","267.02","5.48","12.02","182.8"
"Cyient","Computers - Software - Medium / Small","7147.2","702.8","1860.8","196.9","6.25","6928.4","787.6","18.84","1849.15"
"Cyient DLM","Electronics - Components","1191.87","61.2","361.84","22.74","30.46","1603.28","192.12","11.06","742.65"
"D & H India","Electrodes - Welding Equipment","157.82","2.7","46.18","0.55","17.09","100.88","44.7","6.83","105.0"
"D B Corp","Entertainment / Electronic Media Software","2402.09","425.52","617.14","122.53","16.23","2992.69","253.39","20.41","343.15"
"D P Wires","Steel - Medium / Small","1003.08","36.32","208.67","9.82","-46.11","262.34","1.07","17.39","452.35"
"D-Link India","Trading","1227.43","90.74","332.02","24.6","7.39","674.22","7.35","23.38","486.0"
"D.K. Enterprises","Packaging","143.92","4.64","67.5","2.25","0","52.67","9.4","21.26","70.05"
"D.P. Abhushan","Trading","2339.96","61.86","556.78","16.2","44.75","537.37","162.6","29.47","1343.0"
"Dabur India","Personal Care - Indian","12404.01","1811.31","2814.64","341.22","5.11","15122.68","1365.09","19.23","609.0"
"Dai-ichi Karkari","Chemicals","131.58","13.9","33.4","1.09","-21.34","222.3","18.93","-1.03","615.0"
"Daikaffil Chem","Dyes And Pigments","0.0","-1.9","0.0","-0.95","0","11.78","0.0","-11.64","128.0"
"Dalal Street Inv","Finance & Investments","0.62","0.12","0.04","-0.2","-87.1","8.65","3.08","2.39","453.0"
"Dalmia Bharat","Sugar","2898.8","271.72","749.56","93.37","-34.77","5152.22","1430.17","8.51","414.2"
"Dalmia BharatLtd","Cement - South India","14691.0","853.0","4307.0","320.0","10.01","27712.0","4805.0","4.78","1830.15"
"Damodar Indust.","Textiles - Spinning - Synthetic / Blended","715.38","5.22","179.13","3.05","-17.9","418.3","265.55","4.45","52.76"
"Dangee Dums","Food - Processing - Indian","25.01","-0.88","6.0","-0.91","8.11","39.71","20.65","-5.26","7.86"
"Danlaw Tech.","Electronics - Components","210.98","22.23","61.52","6.62","27.5","132.83","30.18","47.42","1897.4"
"Danube Industrie","Trading","87.03","0.97","31.59","-0.35","3.78","34.84","9.77","6.1","5.53"
"DAPS Advertising","Miscellaneous","20.36","1.09","9.61","0.58","0","18.59","0.18","7.35","30.5"
"Darjeeling Ropew","Construction","0.0","-0.04","0.0","-0.02","0","9.39","4.18","-0.81","7.01"
"Darshan Orna","Trading","20.87","2.67","4.85","1.3","110.87","24.59","3.69","16.7","4.29"
"Data Infr.Trust","Construction","12877.5","1119.2","3450.9","241.3","27.17","49658.5","31366.7","7.37","148.0"
"Data Pattern","Electronics - Components","519.8","181.69","182.29","71.1","-1.52","1691.77","3.5","14.59","3017.65"
"Datamatics Glob.","Computers - Software - Medium / Small","1549.89","197.13","412.71","52.1","-0.86","1463.26","17.38","17.32","647.6"
"Datasoft Applica","Computers - Software - Medium / Small","2.43","0.17","0.96","-0.12","0","0.97","0.57","103.03","60.63"
"Datiware Mari.","Aquaculture","0.67","-1.12","0.15","-0.23","200.0","7.08","8.31","0","9.95"
"Daulat Securitie","Finance & Investments","5.83","3.49","1.92","0.12","242.22","24.65","0.0","18.81","43.5"
"Davangere Sugar","Sugar","216.53","12.24","63.57","4.55","-27.87","681.67","264.14","3.75","8.57"
"DB Intl.Stock","Finance & Investments","47.26","8.64","14.41","1.86","191.7","125.81","2.88","14.55","47.37"
"DC Infotech","Trading","459.63","11.61","154.59","4.21","60.75","207.71","37.51","28.98","236.0"
"DCB Bank","Banks - Private Sector","5362.04","535.97","1444.6","155.68","22.5","63036.97","55572.51","11.12","141.0"
"DCG Cables","Cables - Power","101.1","8.85","48.36","4.17","0","84.43","25.47","57.93","143.0"
"DCM","Castings & Forgings","70.84","5.2","16.47","6.55","-3.51","113.32","1.7","29.11","78.33"
"DCM Financial","Finance & Investments","0.0","-0.94","0.0","-0.29","0","23.65","69.58","0","5.71"
"DCM Nouvelle","Textiles - Cotton/Blended","1080.94","-4.1","264.38","4.72","11.75","763.05","372.26","-1.03","235.95"
"DCM Shriram","Diversified - Mega","10922.48","447.1","2399.28","117.8","-11.79","11547.18","2151.55","6.6","993.0"
"DCM Shriram Inds","Sugar","2082.9","115.39","511.69","38.64","-4.31","2198.95","529.02","15.06","218.0"
"DCW","Petrochemicals","1871.59","15.66","621.69","15.33","5.7","2088.54","438.96","1.59","55.9"
"DCX Systems","Electronics - Components","1423.4","68.1","746.19","25.94","46.15","1802.07","265.31","8.08","377.95"
"DDev Plastiks","Chemicals","2431.24","181.67","597.26","61.53","-10.49","995.07","66.27","31.48","411.25"
"De Neers Tools","Trading","109.8","8.66","50.46","4.09","0","143.06","58.34","63.96","190.0"
"DE Nora India","Engineering","73.8","19.01","16.18","5.66","-41.44","126.67","0.0","17.17","1681.0"
"Debock Industrie","Trading","98.26","8.07","16.99","-0.12","-1.34","237.2","0.0","2.68","7.94"
"Dec.Gold Mines","Mining / Minerals / Metals","3.6","-64.46","3.23","-68.07","3488.89","325.14","99.85","-35.18","111.2"
"Deccan Bearings","Trading","0.0","-0.18","0.0","-0.04","0","0.29","0.0","-55.38","63.13"
"Deccan Cements","Cement - South India","799.43","37.26","223.24","3.01","13.93","1446.04","520.1","6.92","704.85"
"Deccan Healthcar","Food - Processing - Indian","59.73","1.52","15.97","0.13","0.69","107.33","1.41","1.7","37.7"
"Deccan Polypacks","Packaging","0.0","-0.05","0.0","-0.03","0","0.05","0.39","0","8.1"
"Decillion Financ","Finance & Investments","1.0","-0.03","0.25","-0.32","8.7","13.71","0.0","-0.24","31.49"
"Decipher Labs","Pharmaceuticals - Indian - Formulations","35.88","-1.68","10.59","1.2","8.28","33.63","0.0","-7.46","17.9"
"Deco-Mica","Miscellaneous","77.27","2.31","26.71","1.66","48.64","69.92","20.95","9.67","98.0"
"Decorous Investm","Miscellaneous","0.34","0.14","0.28","0.03","133.33","3.79","0.0","3.78","8.82"
"DEE Development","Steel - Medium / Small","595.5","12.97","0","0","0","963.06","363.76","2.83","316.45"
"Deem Roll","Castings & Forgings","100.83","7.81","50.76","4.04","0","134.09","22.47","17.52","101.75"
"Deep Diamond","Diamond Cutting / Jewellery","2.56","0.4","0.86","0.53","-42.67","23.04","1.66","0","6.03"
"Deep Energy","Oil Drilling / Allied Services","0.0","1.36","0.0","0.56","-100.0","386.33","0.0","0.35","171.1"
"Deep Industries","Oil Drilling / Allied Services","426.99","125.16","119.66","36.68","15.66","1906.07","159.68","8.73","291.35"
"Deep Polymers","Plastics Products","105.28","7.12","26.04","1.19","-7.59","131.0","35.71","9.7","80.97"
"Deepak","Dyes And Pigments","50.4","6.63","28.53","3.48","0","51.15","1.54","42.18","80.05"
"Deepak Fertiliz.","Chemicals","8676.09","457.23","2086.28","219.63","-25.37","11830.29","4148.85","8.45","687.55"
"Deepak Nitrite","Chemicals","7681.83","810.89","2126.21","253.85","8.4","6096.22","286.08","16.93","2546.45"
"Deepak Spinners","Textiles - Spinning - Synthetic / Blended","470.98","1.3","108.68","-2.93","0.71","353.01","43.94","0.55","217.0"
"Delaplex","Computers - Software - Medium / Small","55.35","10.08","27.49","5.17","0","66.25","0.0","42.89","217.5"
"Delhivery","Miscellaneous","8141.54","-249.19","2075.54","-68.47","11.61","11453.02","1169.34","-2.48","400.4"
"Delphi World","Finance & Investments","80.66","15.19","15.51","3.43","-33.2","320.06","30.98","7.09","211.3"
"Delta Corp","Recreation / Amusement Parks","925.3","244.66","194.81","72.47","-9.1","2865.69","51.51","8.74","132.1"
"Delta Industrial","Trading","0.0","-0.02","0.0","-0.02","0","5.78","0.81","-0.41","31.35"
"Delta Manufact.","Electronics - Components","83.57","-10.39","21.28","-2.92","7.91","95.16","39.86","-32.2","96.48"
"Delton Cables","Cables - Power","400.86","14.66","131.78","6.31","63.7","267.22","113.13","15.2","488.1"
"Den Networks","Entertainment / Electronic Media Software","1080.75","212.79","258.02","77.05","-8.8","3926.55","25.51","6.42","54.03"
"Denis Chem Lab","Pharmaceuticals - Indian - Bulk Drugs & Formln","167.82","11.15","39.85","2.73","0.3","109.35","1.04","11.33","188.0"
"Desh Rakshak","Pharmaceuticals - Indian - Formulations","6.01","0.43","2.49","0.16","50.91","16.32","2.78","4.62","9.26"
"Destiny Logistic","Construction","57.82","2.12","49.71","1.79","0","40.46","2.84","8.02","34.25"
"Dev Information","Computers - Software - Medium / Small","163.58","9.48","43.44","4.28","-1.85","95.49","14.58","19.15","114.9"
"Dev Labtech","Diamond Cutting / Jewellery","43.22","1.34","22.3","0.03","0","28.67","1.1","7.1","106.5"
"Devine Impex","Trading","1.76","0.04","1.04","0.01","13.04","13.74","0.0","0.29","8.48"
"Devyani Intl.","Hotels","3556.32","-9.66","1047.08","-48.96","38.69","4932.45","2905.68","-112.91","167.25"
"Dhabriya Poly.","Plastics Products","211.63","14.08","54.78","4.06","8.52","164.58","52.86","18.63","326.0"
"Dhampur Bio","Sugar","1864.44","46.49","462.95","39.41","-42.36","2312.81","1056.95","3.67","141.9"
"Dhampur Sugar","Sugar","2168.91","134.52","561.75","51.86","-16.34","2356.76","980.83","12.54","224.5"
"Dhampur.Spl.Sug.","Sugar","29.23","0.93","8.51","-0.8","54.45","36.02","0.0","3.78","90.0"
"Dhanalaxmi Roto","Trading","196.6","13.07","56.13","3.56","12.44","80.7","1.38","28.43","192.25"
"Dhanashree Elect","Electric Equipment","82.43","3.91","29.73","1.8","146.93","123.63","62.7","10.72","61.0"
"Dhani Services","Finance & Investments","422.85","-373.95","117.56","-85.01","39.47","4523.12","696.59","-10.3","52.25"
"Dhanlaxmi Bank","Banks - Private Sector","1206.99","57.82","306.23","3.31","11.72","15132.13","13844.03","6.02","41.19"
"Dhanlaxmi Cotex","Finance & Investments","26.41","2.89","3.75","-0.4","-13.99","71.8","0.0","4.78","70.5"
"Dhanlaxmi Fabric","Textiles - Products","19.93","-7.72","6.09","-2.46","-62.62","52.73","1.42","-13.62","71.25"
"Dhanuka Agritech","Pesticides / Agrochemicals - Indian","1758.54","239.09","368.31","59.02","-0.79","1579.13","26.98","20.64","1662.45"
"Dhanvantri Jeev.","Healthcare","20.47","0.17","5.44","-0.09","9.68","15.02","0.0","1.81","21.4"
"Dharani Finance","Finance & Investments","0.74","-0.3","-0.07","-0.28","-153.85","9.19","0.13","-3.59","7.16"
"Dharmaj Crop","Pesticides / Agrochemicals - Indian","654.1","44.38","116.07","-3.39","68.73","563.27","111.89","13.04","257.85"
"Dharni Capital","Finance & Investments","8.2","2.92","3.41","1.35","0","17.33","0.0","20.56","43.4"
"Dhatre Udyog","Steel - Medium / Small","207.76","11.18","74.15","3.64","65.11","76.4","0.0","17.01","17.6"
"Dhenu Buildcon","Finance & Investments","0.0","-0.1","0.0","0.02","0","3.04","0.0","-3.32","2.41"
"Dhoot Indl.Fin","Trading","32.58","148.06","19.95","34.27","113.14","507.95","63.66","42.11","330.0"
"DHP India","Engineering","53.22","26.4","16.41","1.33","7.47","233.08","5.13","1.96","739.5"
"Dhruv Consultanc","Miscellaneous","81.5","5.89","24.69","0.43","17.46","114.64","20.32","9.55","120.5"
"Dhruv Wellness","Trading","0.22","0.0","0.19","0.0","0","6.21","18.67","0","10.64"
"Dhruva Cap.Serv.","Finance & Investments","1.15","4.26","0.37","0.85","516.67","12.41","0.0","60.14","372.3"
"Dhunseri Invest.","Finance & Investments","465.2","114.56","278.37","-3.9","96.56","4422.44","377.0","2.02","1408.0"
"Dhunseri Tea","Tea","395.42","-141.1","45.64","-83.47","10.88","952.54","254.85","-24.95","217.5"
"Dhunseri Vent.","Finance & Investments","403.48","152.1","263.51","24.04","88.15","3928.12","376.91","5.44","371.0"
"Dhyaani Trade","Trading","29.67","0.69","19.17","0.47","0","37.5","3.03","18.78","23.0"
"Diamant Infra.","Construction","0.0","-0.13","0.0","-0.22","0","22.22","11.14","-1.19","1.13"
"Diamines & Chem.","Chemicals","104.03","15.47","29.38","2.25","-17.68","162.68","0.0","10.95","523.85"
"Diamond Power","Cables - Power","343.37","17.03","134.41","14.42","852.59","1518.11","318.81","0","1316.65"
"Diana Tea Co","Tea","73.05","0.24","6.9","-8.23","-20.87","112.0","31.98","0.35","28.0"
"DIC India","Chemicals","828.09","-19.38","198.6","4.2","-0.38","581.07","19.68","0.27","529.6"
"Diggi Multitrade","Construction","0.0","-0.27","0.0","-0.24","0","10.61","0.0","-2.74","26.17"
"Digicontent","Entertainment / Electronic Media Software","414.56","5.74","118.0","6.06","29.15","239.05","156.96","0","35.94"
"Digidrive Dist.","Trading","47.63","4.06","10.62","3.98","3.51","251.21","0.09","2.52","37.35"
"Digikore Studios","Entertainment / Electronic Media Software","44.96","9.54","20.2","3.3","0","57.44","8.71","161.42","407.4"
"DigiSpice Tech.","Computers - Software - Medium / Small","439.43","11.8","106.09","37.53","-1.1","649.41","26.03","6.76","51.75"
"Digjam","Textiles - Products","22.91","-12.06","2.97","-2.45","-58.58","83.42","50.84","-83.72","84.0"
"Diksat Transworl","Entertainment / Electronic Media Software","18.92","1.05","7.61","2.88","0","32.55","5.5","4.35","131.0"
"Diksha Greens","Miscellaneous","0.0","-2.97","0.0","-1.49","0","11.23","24.49","0","4.67"
"Diligent Indust.","Solvent Extraction","122.29","2.03","51.2","0.8","75.52","115.55","57.06","12.0","5.84"
"Diligent Media","Entertainment / Electronic Media Software","9.7","136.82","3.18","125.7","-24.29","339.69","436.27","0","4.94"
"Dilip Buildcon","Construction","12011.9","201.05","3365.62","2.66","18.46","16646.72","7240.35","1.64","524.35"
"Dindigul Farm","Food - Processing - Indian","81.58","5.17","0","0","0","28.99","23.99","0","118.7"
"Dipna Pharmachem","Trading","164.34","1.09","90.16","0.49","0","132.91","19.45","4.47","8.1"
"Disa India","Engineering","328.55","42.88","96.37","13.16","26.35","419.68","1.19","19.24","15731.3"
"Dish TV India","Entertainment / Electronic Media Software","1856.53","-1966.57","406.95","-1989.69","-19.39","2709.14","0.22","0","15.72"
"Disha Resources","Trading","1.41","3.02","0.0","0.72","-100.0","40.91","2.25","8.29","17.99"
"Dishman Carbogen","Pharmaceuticals - Indian - Bulk Drugs & Formln","2615.77","-153.45","654.71","-69.92","5.84","9581.41","2312.6","-2.63","176.85"
"Divgi Torq","Auto Ancillaries","253.42","39.74","65.06","9.21","-11.29","641.39","1.56","7.02","671.7"
"Divi's Lab.","Pharmaceuticals - Indian - Bulk Drugs","7845.0","1600.0","2303.0","538.0","18.04","15470.0","3.0","12.15","4552.6"
"Divine Power","Mining / Minerals / Metals","222.08","6.41","0","0","0","72.53","47.63","33.28","0"
"Divyashakti","Miscellaneous","69.77","2.32","16.15","0.47","13.97","143.28","4.23","1.88","78.69"
"Dixon Technolog.","Electronics - Consumer","17690.9","374.92","4657.97","97.3","51.95","6991.45","488.98","24.68","12355.0"
"DJ Mediaprint","Miscellaneous","57.04","5.04","27.64","2.99","17.07","60.05","17.8","16.22","319.2"
"DLF","Construction","6427.0","2723.53","2134.84","919.82","46.62","60262.39","4833.87","7.06","824.5"
"DMCC Speciality","Chemicals","327.92","11.57","83.95","5.78","-13.01","376.87","65.23","5.68","320.7"
"DMR Hydroengg.","Miscellaneous","7.02","1.54","3.88","0.93","0","9.46","0.23","26.6","165.0"
"Docmode Health","Miscellaneous","40.01","0.19","16.4","-1.17","0","26.4","9.18","5.48","131.0"
"Dodla Dairy","Food - Processing - Indian","3125.47","166.74","787.45","46.83","8.72","1477.69","45.79","15.48","1020.85"
"Dolat Algotech","Finance & Investments","217.36","157.33","87.78","68.05","969.18","908.21","84.1","21.98","137.85"
"Dolfin Rubbers","Tyres","125.94","4.75","34.61","1.49","10.26","62.83","14.65","17.94","204.0"
"Dollar Industrie","Textiles - Products","1549.13","89.39","488.37","32.02","20.18","1326.24","300.65","11.85","537.95"
"Dollex Agrotech","Sugar","135.49","7.02","79.37","3.79","0","270.52","100.86","14.04","38.0"
"Dolphin Medical","Healthcare","0.68","-0.1","0.14","-0.13","75.0","12.13","0.8","-0.99","1.92"
"Dolphin Offshore","Oil Drilling / Allied Services","6.37","5.57","1.95","1.46","0","227.46","1.16","2.0","707.0"
"Doms Industries","Printing & Stationery","1537.14","159.66","403.74","46.93","19.99","1189.99","171.9","26.59","2102.4"
"Donear Inds.","Textiles - Processing","799.14","34.71","242.6","15.91","13.39","710.26","337.55","18.48","137.45"
"Dr Agarwal's Eye","Healthcare","319.3","46.36","80.72","12.79","16.28","495.76","268.02","34.28","3201.0"
"Dr Lal Pathlabs","Healthcare","2226.64","362.3","545.4","85.8","11.08","2453.57","246.93","20.36","2827.45"
"Dr Lalchand. Lab","Healthcare","4.81","0.62","2.08","0.71","0","14.99","3.48","6.95","23.5"
"Dr Reddy's Labs","Pharmaceuticals - Indian - Bulk Drugs & Formln","28011.1","5577.9","7113.8","1309.8","12.65","38863.8","2002.0","21.64","6421.85"
"DRA Consultants","Miscellaneous","19.63","2.38","12.74","1.77","0","33.94","0.0","8.58","54.6"
"DRC Systems","Computers - Software - Medium / Small","47.68","11.65","17.12","3.96","152.88","78.56","0.0","28.38","28.31"
"Dreamfolks Servi","Miscellaneous","1135.01","68.63","281.14","17.98","18.25","418.61","6.11","34.92","484.4"
"Dredging Corpn.","Miscellaneous","945.5","35.68","277.89","-23.47","-17.65","2402.97","426.37","2.71","1105.75"
"Drone Destinatio","Miscellaneous","31.82","7.08","26.35","6.69","0","76.03","3.98","40.3","372.15"
"Droneacharya Aer","Miscellaneous","35.25","6.08","0","0","0","0","0","0","146.65"
"DRS Dilip Road","Miscellaneous","181.75","3.0","82.47","-0.51","0","69.87","6.36","5.43","135.0"
"DSJ Keep Learn","Miscellaneous","6.32","0.32","1.87","0.08","19.87","5.51","3.25","220.69","2.9"
"DU Digital","Miscellaneous","29.25","0.81","18.6","0.75","0","93.65","10.93","3.52","75.0"
"Ducol Organics","Dyes And Pigments","75.41","4.43","37.83","2.61","0","98.11","20.36","7.46","143.0"
"Ducon Tech","Engineering - Turnkey Services","419.51","7.63","107.12","3.11","3.4","292.01","103.07","6.29","8.45"
"Dugar Housing","Construction","0.0","-0.2","0.0","-0.01","0","0.28","1.14","0","12.26"
"Duke Offshore","Oil Drilling / Allied Services","4.14","1.24","1.31","0.54","92.65","7.57","0.17","19.2","19.68"
"Duncan Engg.","Engineering","65.1","6.87","18.43","2.0","-0.22","68.49","0.87","13.83","552.0"
"Durlax Top","Miscellaneous","90.75","5.05","0","0","0","105.53","60.71","26.19","88.85"
"Duropack","Packaging","31.67","2.16","7.68","0.23","-0.26","21.89","0.0","12.88","75.3"
"Duroply Indust.","Miscellaneous","323.42","1.01","84.46","-1.23","0.28","259.72","47.65","0.94","296.5"
"Dutron Polymers","Plastics Products","119.24","2.45","25.78","0.12","-7.99","36.26","6.25","9.55","176.9"
"Dwarikesh Sugar","Sugar","1709.57","83.52","379.94","22.89","-28.66","1415.31","455.77","10.7","74.25"
"Dynacons Sys.","Computers - Software - Medium / Small","1024.43","53.96","282.25","14.29","24.71","587.03","35.77","41.17","1154.6"
"Dynamatic Tech.","Engineering","1429.33","121.81","370.41","57.11","0.69","1572.25","585.09","10.89","7377.7"
"Dynamic Cables","Cables - Power","768.0","37.77","240.91","13.77","34.99","498.53","119.26","19.3","588.0"
"Dynamic Industri","Dyes And Pigments","36.14","-0.3","10.94","0.09","36.92","73.75","15.05","-0.64","72.0"
"Dynamic Portfol","Finance & Investments","1.06","0.01","0.08","-0.38","-84.62","13.82","0.25","0.08","42.12"
"Dynamic Services","Miscellaneous","104.44","8.56","55.61","4.63","0","116.66","25.48","15.5","222.5"
"Dynavision","Miscellaneous","10.34","6.46","3.42","1.66","77.2","68.14","24.26","43.59","346.0"
"Dynemic Products","Dyes And Pigments","284.05","3.62","78.95","4.06","9.0","399.69","115.76","1.88","297.55"
"E Factor Experie","Miscellaneous","148.56","15.36","127.31","14.63","0","97.29","3.77","139.51","228.0"
"E-Land Apparel","Textiles - Processing","215.39","-39.83","76.54","-7.95","32.88","177.48","63.04","0","9.0"
"E2E Networks","Computers - Software - Medium / Small","94.46","21.87","29.41","3.53","67.2","255.24","144.03","36.37","1642.05"
"Earthstahl &All.","Steel - Medium / Small","87.94","1.89","42.24","0.83","0","60.34","12.97","5.3","43.03"
"East Buildtech","Construction","0.35","0.0","0.14","0.04","-46.15","7.15","0.65","0.0","31.5"
"East West Holdin","Miscellaneous","197.99","5.67","65.15","6.15","28.93","135.97","57.94","9.06","9.16"
"Eastcoast Steel","Trading","19.76","-0.03","11.49","0.05","347.08","28.83","2.55","-0.15","25.0"
"Eastern Treads","Miscellaneous","59.53","-2.95","14.77","-0.71","2.86","35.37","30.96","0","39.9"
"Easun Capital Ma","Finance & Investments","0.71","0.71","-0.2","0.07","-155.56","21.09","0.0","3.43","46.22"
"Easy Trip Plann.","Travel Agencies","590.58","103.47","164.04","-15.08","40.69","893.61","19.47","31.21","41.59"
"eClerx Services","Computers - Software - Medium / Small","2925.54","511.74","766.53","129.89","10.59","2928.97","265.74","25.88","2418.0"
"Eco Hotels","Hotels","0.18","-5.61","0.03","-1.46","0","38.46","0.0","0","47.87"
"Eco Recyc.","Miscellaneous","28.01","18.22","8.05","1.65","62.63","80.61","6.09","32.64","609.0"
"Ecoboard Inds.","Miscellaneous","29.76","-7.27","10.78","-2.15","85.54","56.15","15.24","-29.32","31.8"
"Ecofinity Ato","Trading","6.53","0.27","4.5","0.15","4400.0","5.71","0.0","8.56","40.93"
"Econo Trade Indi","Finance & Investments","7.13","2.53","2.56","1.02","132.73","73.25","29.22","5.98","8.36"
"Ecoplast","Packaging","113.44","9.17","29.66","2.74","10.47","54.63","1.1","24.37","386.0"
"ECS Biztech","Computers - Software - Medium / Small","2.16","2.81","0.49","2.74","63.33","3.58","5.59","0","12.83"
"Edelweiss.Fin.","Finance & Investments","9499.56","528.04","2967.3","203.08","-1.5","42919.58","20357.9","7.31","66.33"
"Educomp Sol.","Computers - Education","4.84","-16.71","0.88","-3.05","-12.0","229.62","2651.61","0","2.51"
"Edvenswa Enter","Computers - Software - Medium / Small","84.29","7.38","24.41","2.18","43.93","64.17","0.0","15.44","58.5"
"eDynamics Solut.","Trading","0.0","-0.02","0.0","-0.01","0","39.08","0.89","-0.06","2.94"
"EFC (I)","Miscellaneous","419.46","63.3","93.2","27.94","54.51","957.85","409.13","23.33","565.0"
"Eicher Motors","Automobiles - Motorcycles / Mopeds","16535.78","4001.01","4256.04","1070.45","11.87","23127.93","419.44","24.22","4677.0"
"EID Parry","Sugar","29413.11","1617.57","5557.04","294.3","-19.0","21493.0","1740.28","13.69","769.15"
"Eighty Jewellers","Trading","80.98","1.46","46.2","0.9","0","36.54","6.77","6.12","46.5"
"EIH","Hotels","2511.27","677.7","741.34","247.59","16.37","5048.41","199.31","17.61","422.2"
"EIH Assoc.Hotels","Hotels","384.79","81.03","132.5","36.81","22.88","563.46","4.04","18.86","930.1"
"Eiko Lifescience","Chemicals","27.93","0.75","8.4","0.31","27.47","52.74","0.0","1.87","48.98"
"Eimco Elecon(I)","Engineering","227.5","40.41","84.3","14.84","31.23","450.37","0.41","10.75","2502.65"
"Ekam Leasing","Finance & Investments","0.65","0.63","0.15","0.42","0.0","10.77","1.57","7.34","5.81"
"Ekansh Concept","Miscellaneous","43.4","-3.3","23.52","4.67","-41.87","112.97","54.08","-8.1","53.79"
"Ekennis Software","Computers - Software - Medium / Small","2.8","0.0","1.11","-0.23","0","5.69","0.0","0.0","108.5"
"EKI Energy","Miscellaneous","258.85","-124.77","77.98","-30.2","-14.58","662.53","2.02","-26.19","332.35"
"EL Forge","Castings & Forgings","68.32","71.12","17.33","69.96","-4.99","37.96","0.0","0","19.73"
"Elango Industrie","Miscellaneous","2.58","-0.14","0.0","-0.08","0","4.73","0.0","-3.45","12.36"
"Elantas Beck","Chemicals","687.03","144.16","176.58","36.91","4.21","880.53","0.0","20.62","11697.85"
"Elcid Investment","Finance & Investments","233.63","175.74","23.12","15.92","650.65","12482.35","0.0","1.54","3.53"
"Eldeco Housing","Construction","112.7","33.86","49.2","11.7","27.13","692.28","83.94","9.47","1035.55"
"Elecon Engg.Co","Engineering","1937.42","355.58","564.62","103.65","33.0","2123.08","70.46","24.47","1335.55"
"Electro Force","Electric Equipment","36.44","5.75","13.33","-1.36","0","85.65","0.0","31.34","78.7"
"Electronics Mart","Trading","6285.41","183.98","1524.23","40.56","14.79","3057.35","1569.85","14.41","230.05"
"Electrost.Cast.","Castings & Forgings","7478.01","740.15","2004.26","227.15","7.04","9108.26","2332.14","15.58","176.7"
"Electrotherm(I)","Steel - Medium / Small","4271.5","317.33","1217.57","104.03","17.85","1841.28","1770.34","0","794.8"
"Elegant Floricul","Miscellaneous","0.6","0.02","0.21","0.11","-72.37","21.39","0.0","0.1","6.06"
"Elegant Marbles","Miscellaneous","34.22","4.05","8.17","0.21","-22.92","134.71","0.0","4.03","256.8"
"Elgi Equipments","Compressors / Drilling Equipment","3217.76","311.89","865.94","76.24","3.61","2820.93","638.05","20.92","735.7"
"Elgi Rubber Co","Miscellaneous","386.45","11.66","95.09","-1.7","-1.34","565.99","306.93","1.25","73.95"
"Elin Electronics","Electronics - Components","1041.72","13.87","277.83","3.54","3.39","669.22","11.99","2.78","212.15"
"Elixir Capital","Finance & Investments","32.54","20.96","15.81","10.63","2735.0","96.38","23.6","37.2","106.95"
"Elnet Technolog","Construction","26.15","17.49","5.89","4.05","-8.82","159.07","4.26","13.35","336.75"
"Elpro Internatio","Construction","256.54","85.49","113.34","24.03","161.63","2127.11","365.44","5.96","100.55"
"EMA India","Engineering","0.0","-0.52","0.0","-0.13","0","0.48","1.2","0","43.42"
"Emami","Personal Care - Indian","3578.09","724.14","891.24","146.75","6.61","3279.7","93.95","30.7","759.8"
"Emami Paper","Paper","1993.84","84.3","484.47","27.19","-12.28","1714.42","606.29","13.72","117.1"
"Emami Realty Ltd","Construction","61.46","-122.93","17.45","-70.38","-33.65","2273.56","1916.45","-477.4","103.65"
"Embassy Off.REIT","Construction","3815.74","964.03","981.42","283.41","9.62","47359.64","16959.25","3.94","354.37"
"Emerald Finance","Finance & Investments","13.32","4.14","3.89","1.14","0.52","64.86","14.53","9.17","31.19"
"Emerald Leisures","Hotels","15.79","-9.73","4.18","-2.62","-3.69","67.64","120.6","0","232.4"
"Emergent Indust.","Trading","357.22","1.71","173.94","0.41","117.32","90.18","0.0","7.39","99.22"
"Emk.Global Fin.","Finance & Investments","282.48","32.44","90.17","10.56","113.93","1065.27","52.04","13.69","162.0"
"Emkay Taps & Cut","Engineering","103.45","71.9","54.54","41.03","0","337.44","6.48","31.83","995.0"
"Emmbi Industries","Packaging","377.43","9.95","105.85","4.51","5.65","388.4","156.39","6.02","113.0"
"Emmessar Biotech","Chemicals","0.56","0.75","0.08","0.37","-75.0","8.74","0.11","10.66","39.0"
"Emmforce","Auto Ancillaries","40.07","4.09","40.07","4.09","0","81.92","42.33","0","175.3"
"Empire Inds.","Diversified - Medium / Small","606.02","37.0","152.01","12.6","-14.42","727.07","167.91","12.68","1001.0"
"Empower India","Trading","116.79","6.91","87.0","2.5","4293.94","304.09","0.0","2.35","2.65"
"EMS","Construction","793.31","152.66","245.26","47.38","28.92","970.2","70.65","23.7","672.95"
"eMudhra","Computers - Software - Medium / Small","373.12","76.35","99.69","21.21","29.79","749.99","7.64","14.38","872.65"
"Enbee Trade","Finance & Investments","10.25","1.6","3.52","0.93","62.96","64.14","31.31","7.77","11.68"
"Encode Packaging","Packaging","4.62","0.12","1.28","0.02","96.92","3.63","0.1","3.34","14.92"
"Golech.Glob.Fin.","Finance & Investments","17.47","1.48","4.06","0.71","141.67","8.69","0.0","18.68","33.0"
"Endurance Tech.","Auto Ancillaries","10240.87","680.49","2684.78","210.15","20.16","7885.69","765.34","14.49","2699.2"
"Energy Devl.Co.","Power Generation And Supply","30.01","-2.17","3.94","-5.14","10.99","350.35","153.85","-2.12","24.0"
"Energy-Mission","Engineering","126.29","10.97","69.08","6.73","0","100.48","32.45","46.62","375.0"
"Enfuse","Computers - Software - Medium / Small","39.85","5.36","24.83","3.76","0","46.96","8.99","82.84","134.6"
"Engineers India","Engineering - Turnkey Services","3280.86","445.26","805.14","115.52","-8.52","4741.87","33.02","21.12","250.2"
"Enkei Wheels","Auto Ancillaries","805.31","24.97","221.61","8.87","67.34","533.55","166.65","5.15","651.05"
"Enser","Computers - Software - Medium / Small","46.08","5.27","27.99","3.2","0","37.64","6.76","133.42","170.0"
"Ent.Network","Entertainment / Electronic Media Software","535.55","32.98","150.66","8.85","20.04","1256.39","192.66","4.14","244.8"
"Entero Healthcar","Trading","3922.31","39.8","1034.18","21.18","16.57","2344.98","337.97","4.98","1055.95"
"Enterprise Intl.","Trading","5.25","0.15","0.0","0.04","-100.0","15.06","0.0","1.24","29.0"
"Envair Electrody","Engineering","0.4","-0.81","0.0","-0.6","0","8.07","0.0","-9.98","193.95"
"EP Biocomposites","Miscellaneous","11.44","1.15","7.04","0.93","0","15.07","1.8","13.67","159.0"
"Epack Durable","Air-conditioners","1419.56","35.37","525.7","27.83","-17.74","1767.77","386.09","5.87","249.75"
"Epic Energy","Electric Equipment","3.08","0.36","1.52","0.25","424.14","8.76","0.0","5.49","15.75"
"Epigral","Chlor Alkali / Soda Ash","1929.19","195.79","524.63","76.67","-6.68","2794.33","909.04","16.86","1421.55"
"EPL Ltd","Packaging","3916.1","210.1","1029.2","15.1","6.18","3808.7","912.3","12.54","203.3"
"Epsom Properties","Construction","0.0","-0.38","0.0","-0.14","0","0.1","1.36","0","7.04"
"Epuja Spiritech","Entertainment / Electronic Media Software","0.96","-0.48","0.22","-0.39","0","18.8","1.51","-4.22","5.41"
"Equippp Social","Computers - Software - Medium / Small","1.87","-0.28","1.56","0.74","420.0","9.97","1.99","-4.06","25.2"
"Equitas Sma. Fin","Banks - Private Sector","5486.4","798.96","1444.65","207.62","25.0","34958.13","28354.32","15.49","97.19"
"Eraaya Lifespace","Finance & Investments","297.2","0.34","15.45","0.0","7625.0","13.8","0.0","5.36","829.9"
"ERIS Lifescience","Pharmaceuticals - Indian - Formulations","2009.15","397.05","550.93","79.63","36.78","7048.84","2781.27","16.39","1051.7"
"Eros Intl.Media","Entertainment / Electronic Media Software","488.1","-136.29","31.57","-52.8","122.95","2134.62","154.13","-11.14","19.42"
"ERP Soft Systems","Computers - Software - Medium / Small","11.7","0.17","2.26","0.03","-53.69","23.56","1.88","0.98","128.9"
"Esaar (India)","Finance & Investments","6.52","-0.48","0.46","2.83","-88.38","106.28","41.98","-1.37","7.11"
"Esab India","Electrodes - Welding Equipment","1243.32","162.98","340.93","44.25","13.01","550.99","4.57","57.56","6181.4"
"ESAF Small Fin","Banks - Private Sector","3818.43","425.57","1002.0","43.35","29.49","20223.65","18019.83","24.81","53.87"
"Esconet","Computers - Software - Medium / Small","137.48","5.3","66.2","2.25","0","72.01","2.34","95.5","298.6"
"Escorp Asset Mgt","Finance & Investments","19.16","17.25","2.5","2.42","0","51.71","0.0","40.76","73.55"
"Escorts Kubota","Automobiles - Tractors","8849.62","1049.08","2093.53","251.89","-5.46","11265.55","53.09","12.0","4172.9"
"Esha Media","Miscellaneous","0.14","-0.09","0.03","-0.08","200.0","1.63","7.81","0","11.9"
"Espire Hospi","Hotels","35.76","2.56","9.89","0.77","22.4","69.78","53.73","126.11","99.0"
"Essar Shipping","Shipping","20.24","-104.31","2.54","-53.19","-81.5","911.02","2641.98","0","49.4"
"Essen Speciality","Plastics Products","142.68","14.24","40.16","1.96","11.22","152.68","0.0","12.45","181.0"
"Ester Industries","Packaging","1063.45","-121.05","276.73","-23.72","-6.08","1643.06","772.53","-16.57","115.6"
"Ethos Ltd","Trading","998.99","83.29","252.52","21.03","21.66","1170.64","145.02","10.99","2782.7"
"ETT Ltd","Construction","0.0","1.73","0.0","0.4","-100.0","36.13","0.0","4.91","22.68"
"Euphoria Infotec","Computers - Software - Medium / Small","6.01","0.92","2.36","0.31","0","16.67","0.9","22.44","65.01"
"Eureka Forbes","Domestic Appliances","2189.23","91.57","553.07","21.37","8.84","6120.2","38.71","2.46","485.0"
"Eureka Industrie","Textiles - Cotton/Blended","19.25","-4.56","7.35","-2.44","2840.0","1.54","1.28","0","4.53"
"Euro Asia Export","Trading","12.51","0.02","12.3","0.0","13566.67","1.66","0.0","4.26","16.27"
"Euro India Fresh","Food - Processing - Indian","111.24","2.19","26.36","-0.15","-24.34","120.28","39.31","3.34","147.82"
"Euro Leder Fash","Leather / Leather Products","33.28","0.31","8.54","0.0","-41.23","47.59","19.32","2.17","20.0"
"Euro Panel","Aluminium and Aluminium Products","395.23","14.61","205.94","7.96","0","281.12","91.58","14.55","203.9"
"Eurotex Industri","Construction","0.63","-6.53","0.63","-0.95","-88.97","37.92","38.01","0","14.29"
"Evans Electric","Miscellaneous","20.67","5.07","11.5","1.85","0","24.68","0.4","33.85","299.0"
"Evantra Ventures","Trading","16.76","1.06","6.53","0.3","0","14.04","0.05","0","917.65"
"Eveready Inds.","Dry Cells","1314.28","66.76","280.9","8.05","-1.84","963.1","306.53","18.91","349.85"
"Everest Inds.","Cement Products","1575.45","18.0","432.11","5.44","-3.18","1199.03","95.71","2.07","1194.7"
"Everest Kanto","Packaging","1222.96","97.6","325.84","13.11","9.38","1413.22","65.44","9.47","128.9"
"Everest Organics","Pharmaceuticals - Indian - Bulk Drugs","197.24","0.14","52.62","0.06","3.68","226.72","57.79","0.3","140.8"
"Everlon Fin.","Finance & Investments","10.11","8.0","2.52","3.73","486.05","19.72","0.0","54.33","194.4"
"Evexia Lifecare","Trading","56.29","1.38","24.72","2.73","-0.24","883.01","686.26","1.26","2.32"
"Evoq Remedies","Trading","4.05","0.45","0.15","0.39","0","36.86","4.24","1.82","11.75"
"Excel Industries","Pesticides / Agrochemicals - Indian","826.14","17.01","233.54","6.67","3.3","1795.53","1.78","1.27","1188.85"
"Excel Realty","Construction","2.58","0.97","0.58","0.17","-30.95","175.67","0.04","0.56","0.73"
"Exhicon Events","Miscellaneous","88.46","14.23","41.17","6.55","0","103.25","0.74","72.35","276.2"
"Exicom Tele-Sys.","Electric Equipment","866.25","66.43","297.54","30.99","60.42","921.9","46.23","16.96","470.3"
"Exide Inds.","Auto Ancillaries","16769.73","882.82","4172.9","185.7","13.49","18150.02","1122.87","7.3","568.35"
"Expleo Solutions","Computers - Software - Medium / Small","964.87","90.44","255.41","15.7","10.53","764.76","26.05","15.85","1258.4"
"Explicit Finance","Finance & Investments","9.4","0.02","2.91","-0.18","-18.94","7.96","0.0","0.25","6.36"
"Expo Gas Contain","Packaging","75.7","0.76","26.23","-0.16","-15.52","78.83","40.92","3.66","35.5"
"Exxaro Tiles","Ceramics - Tiles / Sanitaryware","301.68","2.28","79.77","1.2","-14.95","486.4","97.46","0.83","93.23"
"F A C T","Fertilizers","5054.93","146.17","1061.82","-61.2","-14.98","5815.15","1810.23","29.57","1029.7"
"F Mec Intl. Fin.","Finance & Investments","3.73","0.78","2.07","0.13","417.5","14.96","2.1","9.79","92.7"
"Faalcon Concepts","Construction","18.51","2.03","9.07","1.11","0","17.72","4.16","62.08","73.75"
"Fabino Life Sci.","Trading","6.08","0.05","5.14","0.0","0","9.5","0.84","1.22","26.05"
"Facor Alloys","Mining / Minerals / Metals","153.79","-19.24","0.42","-4.9","-99.61","200.76","9.18","-8.52","7.25"
"Fairchem Organic","Chemicals","621.47","40.5","160.56","11.76","5.7","334.31","7.32","14.75","1368.0"
"Falcon","Engineering - Turnkey Services","16.54","1.04","0","0","0","21.84","12.32","36.81","87.0"
"Family Care","Healthcare","40.01","12.55","4.24","8.58","-69.01","69.96","3.66","24.1","7.48"
"Faze Three","Textiles - Processing","564.52","46.59","164.35","8.92","15.67","593.48","169.68","13.03","438.85"
"FCS Software","Computers - Software - Medium / Small","36.57","-12.05","9.6","-1.13","15.8","456.27","0.0","1.39","4.1"
"FDC","Pharmaceuticals - Indian - Bulk Drugs & Formln","1942.94","305.06","462.03","46.28","6.26","2468.09","20.52","14.96","476.85"
"Fedbank Financi.","Finance & Investments","1577.21","244.7","407.58","67.66","20.61","11137.84","8340.18","13.53","123.75"
"Federal Bank","Banks - Private Sector","23565.47","3964.04","6339.22","996.17","26.47","268004.06","238850.48","17.54","178.5"
"Federal-Mogul Go","Auto Ancillaries","1695.58","133.36","427.81","43.17","4.42","1590.74","7.88","12.14","451.4"
"Felix Industries","Engineering","33.9","5.01","22.1","4.03","0","76.67","2.84","0","319.4"
"Fermenta Biotec.","Pharmaceuticals - Indian - Bulk Drugs","335.66","-24.01","97.34","-7.14","-7.44","547.83","138.76","-8.66","167.05"
"Fervent Synerg.","Trading","24.31","-12.84","14.85","-13.41","1568.54","30.52","0.0","-34.89","16.2"
"FGP","Miscellaneous","0.83","0.26","0.06","0.11","50.0","3.66","0.0","8.01","7.37"
"Fiberweb (India)","Textiles - Products","86.0","7.27","20.68","3.52","322.04","171.24","6.87","4.61","44.75"
"Fidel Softech","Computers - Software - Medium / Small","40.09","6.06","11.18","1.49","20.34","44.02","1.6","17.34","102.5"
"Fiem Industries","Auto Ancillaries","2028.79","165.71","557.52","46.22","27.8","1218.45","23.11","20.11","1293.15"
"Filatex Fash.","Textiles - Products","171.16","8.82","61.76","2.44","51.3","2438.48","50.21","0.74","8.26"
"Filatex India","Textiles - Manmade","4285.9","110.66","1025.84","34.84","-2.0","2097.65","232.85","9.61","57.5"
"Filtra Consult.","Trading","99.72","3.57","56.44","1.52","0","39.03","0.0","15.91","109.5"
"Fine Line Cir.","Electronics - Components","24.28","0.11","7.34","0.09","0.55","17.95","6.03","1.29","90.0"
"Fine Organic","Chemicals","1951.14","367.55","521.52","104.31","-25.35","2044.12","4.23","21.75","5069.55"
"Finelistings","Computers - Software - Medium / Small","13.59","1.74","5.66","0.67","0","7.55","1.1","49.43","60.01"
"Fineotex Chem","Chemicals","568.97","121.03","153.02","30.48","11.13","548.15","5.19","30.11","385.15"
"Finkurve Fin.","Finance & Investments","90.04","16.07","23.35","4.89","35.05","283.65","75.39","8.9","59.7"
"Fino Payments","Banks - Private Sector","150.05","86.22","41.4","25.21","40.82","2466.4","1351.21","15.6","302.7"
"Finolex Cables","Cables - Power","5014.39","571.6","1401.02","146.22","14.43","4627.87","18.06","14.44","1590.05"
"Finolex Inds.","Plastics Products","4317.43","455.3","1235.42","161.43","8.27","6927.72","393.95","8.79","327.2"
"First Custodian","Finance & Investments","2.82","1.64","0.98","0.75","512.5","14.39","0.11","12.46","127.7"
"First Fintec","Computers - Software - Medium / Small","1.79","-0.19","0.49","-0.11","-69.57","12.28","0.21","-1.77","7.71"
"Firstsour.Solu.","Computers - Software - Medium / Small","6336.25","514.73","1670.46","133.5","7.3","6083.04","1533.23","14.57","213.0"
"Fischer Medical","Trading","20.98","1.84","20.79","2.59","0","86.32","1.68","0","645.0"
"Five-Star Bus.Fi","Finance & Investments","2182.85","835.92","616.29","236.06","41.42","11688.78","6315.85","17.53","819.05"
"Flair Writing","Printing & Stationery","918.66","118.17","228.76","32.41","-6.16","1073.35","56.23","17.97","297.0"
"Flex Foods","Food - Processing - Indian","121.28","-25.93","44.44","-1.75","27.7","392.46","262.68","-29.25","124.9"
"Flexituff Vent.","Packaging","598.56","-184.1","113.23","-63.6","-38.47","1183.54","672.15","0","30.9"
"Flomic Global","Miscellaneous","332.16","2.19","100.83","1.79","34.05","202.18","113.34","5.15","72.61"
"Flora Corporatio","Trading","145.14","0.38","72.25","0.01","237.93","36.98","0.0","8.4","11.87"
"Flora Textiles","Textiles - Processing","0.46","6.08","0.15","6.56","50.0","0.21","6.34","0","24.42"
"Fluidomat","Engineering","55.49","13.05","15.65","4.15","9.52","71.12","0.0","23.7","610.3"
"Foce India","Trading","80.25","15.89","54.34","10.72","0","110.6","21.86","32.79","995.0"
"Focus Lighting","Electric Equipment","223.81","38.72","59.62","10.41","45.81","190.27","12.85","35.42","147.55"
"Fone4 Communica.","Trading","142.45","-6.5","78.36","-6.42","0","38.07","2.59","-47.72","4.5"
"Fonebox","Trading","297.61","3.43","157.41","1.88","0","61.49","0.19","155.91","177.7"
"Foods & Inns","Food - Processing - Indian","1020.13","36.72","345.22","5.23","3.75","1027.21","468.84","11.31","151.1"
"Forbes & Co","Engineering","125.9","-4.46","87.08","3.39","673.36","420.65","9.1","11.83","640.0"
"Forbes Precision","Engineering","228.5","29.71","66.14","10.8","0","202.6","8.83","43.12","352.8"
"Force Motors","Automobiles - LCVs / HCVs","6992.13","388.21","2011.21","140.29","34.96","4414.69","524.5","18.79","9032.2"
"Fortis Health.","Healthcare","6892.92","645.22","1785.88","203.14","8.72","13288.78","1155.02","7.89","478.95"
"Fortis Malar","Healthcare","59.01","45.32","5.52","54.05","-73.28","115.88","0.0","-9.12","62.7"
"Fortune Interntl","Trading","0.0","5.05","0.0","1.99","0","39.56","0.43","13.8","51.0"
"Foseco India","Chemicals","489.01","74.59","122.55","15.85","10.46","419.51","1.15","24.32","4199.95"
"Foundry Fuel","Miscellaneous","0.0","-0.25","0.0","-0.11","0","0.12","0.86","0","10.35"
"Fourth Gen.","Computers - Software - Medium / Small","0.06","-0.14","0.02","-0.05","0","1.76","0.29","0","5.45"
"Franklin Indust.","Trading","50.58","10.46","18.06","5.66","120.51","25.34","0.25","112.29","5.29"
"Franklin Leasing","Finance & Investments","11.24","0.19","5.89","0.39","0","37.86","0.0","0.51","15.3"
"Fraser & Company","Trading","0.03","-0.79","0.0","-0.37","0","14.59","0.32","-10.58","5.03"
"Fredun Pharma","Pharmaceuticals - Indian - Formulations","349.07","15.62","118.03","5.06","47.89","307.6","105.51","14.91","876.0"
"Freshtrop Fruits","Food - Processing - Indian","106.53","59.95","37.83","-0.21","31.95","161.95","5.52","-3.89","132.0"
"Frog Cellsat","Telecommunications - Equipment","157.68","15.11","44.46","6.6","42.82","155.64","4.69","12.19","329.4"
"Frontier Capital","Finance & Investments","0.28","0.11","0.1","0.03","25.0","3.11","0.07","4.59","21.7"
"Frontier Springs","Auto Ancillaries","135.41","12.99","44.14","5.05","51.42","123.37","3.72","15.84","1550.0"
"Frontline Corp.","Trading","87.85","1.22","22.56","0.25","9.73","77.18","56.99","10.23","40.69"
"Fruition Venture","Finance & Investments","0.16","-0.37","0.16","-0.22","0","6.96","1.8","-7.01","61.75"
"FSN E-Commerce","Trading","6385.63","39.75","1667.98","9.07","28.14","3400.63","969.48","2.44","176.85"
"Fundviser Capit.","Finance & Investments","0.97","0.44","0.25","0.0","933.33","13.32","0.0","4.47","141.3"
"Fusion Microfin.","Finance & Investments","2316.73","505.29","645.99","132.69","28.97","11774.32","8615.91","19.55","452.2"
"Future Consumer","Trading","369.8","-134.68","93.67","-20.57","10.11","507.75","410.04","0","0.97"
"Future Ent. DVR","Trading","0","0","2899.46","6.1","22.43","0","0","0","5.88"
"Future Enterp.","Trading","104.53","-677.96","7.89","-1422.11","-97.55","5695.22","5396.05","0","0.8"
"Future Lifestyle","Trading","2313.29","-2135.07","177.61","-7.53","-78.68","3769.44","1609.67","0","2.54"
"Future Market","Miscellaneous","93.03","-8.2","23.09","-5.72","-8.45","328.57","130.65","-22.45","6.55"
"Future Retail","Trading","8541.03","-4445.43","2786.4","-1078.19","87.47","17608.25","13811.1","-133.88","3.09"
"Future Supply","Miscellaneous","546.81","-685.32","67.04","-30.02","-48.03","764.47","542.81","-12.37","3.37"
"Futuristic Sec.","Finance & Investments","0.06","-0.07","0.02","0.0","0.0","1.39","0.0","-4.98","20.59"
"Futuristic Solu","Finance & Investments","3.52","1.41","1.93","1.29","-44.86","16.98","0.0","9.31","102.0"
"G D Trad&Agency","Finance & Investments","0.38","-0.02","0.38","0.08","0","0.42","8.0","0","21.07"
"G G Automotive","Engineering","95.28","4.43","29.37","1.24","30.53","80.68","27.23","16.38","148.6"
"G G Dandekar","Miscellaneous","2.96","-4.39","0.62","-3.71","-22.5","54.54","4.37","-8.59","103.0"
"G G Engineering","Trading","212.11","7.1","76.42","5.47","206.54","232.14","2.88","5.12","2.06"
"G K Consultants","Finance & Investments","1.1","0.14","0.45","0.01","164.71","6.99","0.0","2.03","16.45"
"G K P Printing","Trading","28.2","-1.77","5.73","-1.95","-57.84","34.27","3.29","-7.89","9.89"
"G M Breweries","Breweries & Distilleries","615.23","151.52","159.85","86.64","2.49","917.44","0.0","19.64","657.0"
"G M D C","Mining / Minerals / Metals","2462.88","617.24","750.75","207.13","-20.82","7366.85","2.98","10.36","396.3"
"G M Polyplast","Plastics Products","92.02","7.09","48.68","2.0","0","41.44","1.19","27.98","182.0"
"G N F C","Chemicals","7930.0","485.0","2110.0","127.0","-7.09","10561.0","3.0","5.64","724.95"
"G R Infraproject","Construction","8980.15","1322.97","2485.12","553.09","0.98","12941.56","3816.76","15.71","1729.0"
"G S Auto Intl.","Auto Ancillaries","150.7","0.69","39.11","0.29","3.0","98.32","34.02","3.21","36.55"
"G S F C","Fertilizers","9154.64","563.78","1965.25","24.42","-17.56","15050.69","5.1","4.55","247.25"
"G V Films","Entertainment / Electronic Media Software","0.58","-0.43","0.0","0.35","-100.0","71.13","19.65","-2.08","0.84"
"G-Tec Janix","Miscellaneous","8.32","-0.12","1.76","-0.47","-20.0","7.02","0.95","-2.43","70.0"
"G-Tech Info.","Computers - Software - Medium / Small","0.0","0.01","0.0","0.0","0","0.43","0.0","9.09","1.6"
"Gabriel India","Auto Ancillaries","3342.65","185.16","858.63","52.71","16.51","1612.03","10.25","19.71","486.5"
"Gabriel Pet","Textiles - Manmade","10.72","0.65","9.82","0.57","0","0","0","0","150.0"
"GACM Tech","Finance & Investments","7.21","1.1","2.13","0.32","-37.54","17.27","7.85","666.67","1.21"
"GACM Tech-DVR","Finance & Investments","9.62","-1.22","2.19","0.02","0","12.35","17.2","0","2.89"
"Gagan Gases","Chemicals","2.13","0.06","0.64","0.02","88.24","3.64","0.39","1.99","22.09"
"GAIL (India)","Miscellaneous","133228.46","9902.81","32756.32","2474.31","-1.36","124717.23","21793.77","13.95","220.1"
"Gajanan Sec.Serv","Finance & Investments","0.36","0.98","0.13","0.69","533.33","115.74","0.0","0.86","89.0"
"Gala Global","Printing & Stationery","75.3","0.21","16.2","-0.66","-46.94","108.7","25.71","-0.33","3.6"
"Galactico Corpo.","Finance & Investments","22.63","2.06","6.0","0.29","-64.01","73.23","24.45","6.58","3.96"
"Galada Finance","Finance & Investments","1.34","0.34","0.48","0.2","65.52","9.95","4.35","6.37","16.47"
"Galaxy Agrico","Castings & Forgings","7.32","-0.56","0.82","-0.15","-51.19","6.3","1.63","-12.79","41.55"
"Galaxy Bearings","Bearings","127.12","18.84","38.97","6.12","-9.41","126.27","15.95","22.47","1412.1"
"Galaxy Cloud","Food - Processing - Indian","2.12","-14.23","0.39","-1.65","-83.88","4.63","17.37","0","42.07"
"Galaxy Surfact.","Chemicals","3794.38","301.47","929.0","77.5","-5.17","2914.68","187.42","14.84","2755.4"
"Gallantt Ispat L","Steel - Medium / Small","4227.12","225.34","1177.39","95.39","7.58","3135.53","461.91","9.64","361.0"
"Gallops Enterp.","Construction","0.08","0.01","0.08","-0.03","-20.0","1.55","0.0","0.67","22.1"
"Gandhar Oil Ref.","Refineries","4113.21","165.32","939.24","12.11","-4.81","1939.99","270.99","14.81","208.8"
"Gandhi Spl. Tube","Steel - Medium / Small","170.88","55.58","39.45","13.36","13.69","242.68","0.29","27.46","801.7"
"Ganesh Benzopl.","Miscellaneous","226.72","60.63","60.25","16.19","16.36","629.77","55.46","14.33","151.55"
"Ganesh Holdings","Finance & Investments","0.14","-0.04","0.03","-0.02","0.0","2.05","0.0","-1.98","170.0"
"Ganesh Housing","Construction","892.01","460.71","276.78","112.8","54.37","1769.12","26.04","34.64","954.2"
"Ganesha Ecosphe.","Textiles - Processing","1122.93","40.57","305.53","21.6","1.32","1624.53","398.79","4.8","1410.8"
"Ganesha Ecoverse","Textiles - Products","5.93","4.23","4.83","3.86","0","29.36","18.86","39.35","70.01"
"Ganga Forging","Castings & Forgings","37.21","0.44","10.24","-0.02","21.33","46.31","9.98","1.92","7.7"
"Ganga Papers","Paper","245.5","1.48","62.39","0.59","-14.42","83.67","37.09","5.22","102.23"
"Ganga Pharma.","Pharmaceuticals - Indian - Formulations","2.74","0.05","1.42","0.03","0","8.65","1.35","0.92","24.67"
"Ganges Securitie","Finance & Investments","34.82","3.48","2.64","-4.01","-40.94","570.29","0.0","0.7","183.6"
"Gangotri Textile","Textiles - Cotton/Blended","0.0","-0.07","0.0","-0.02","0","15.18","246.03","0","1.44"
"Ganon Products","Trading","27.9","0.13","9.85","-0.28","27.1","32.7","0.0","1.19","6.8"
"Garbi Finvest","Finance & Investments","4.3","-0.9","1.17","-2.08","-63.78","75.6","0.0","-1.24","18.59"
"Garden Reach Sh.","Miscellaneous","3592.64","357.27","1015.73","111.6","68.96","10251.91","65.67","23.14","2290.4"
"Garg Furnace","Steel - Medium / Small","258.03","5.56","71.02","2.83","13.91","60.96","1.49","16.02","277.0"
"Garment Mantra","Textiles - Products","164.13","2.47","70.33","0.37","1.38","149.12","78.0","6.85","6.14"
"Garnet Construct","Construction","11.13","2.94","6.86","-0.6","1224.59","163.09","9.88","3.13","25.75"
"Garnet Intl.","Finance & Investments","20.33","-5.98","19.67","-5.02","92.84","33.97","4.93","-1.89","66.79"
"Garodia Chemical","Trading","0.0","-0.13","0.0","-0.03","0","0.11","4.5","0","7.87"
"Garware Hi Tech","Packaging","1677.02","203.29","446.58","57.81","27.96","2323.7","19.91","10.42","2468.85"
"Garware Marine","Miscellaneous","0.66","-0.07","0.15","-0.07","-21.05","11.49","0.0","-0.74","12.3"
"Garware Synth","Textiles - Products","10.7","-0.05","2.61","0.14","-5.09","14.52","5.31","0","18.3"
"Garware Tech.","Textiles - Products","1325.61","208.19","382.27","69.56","3.18","1771.0","123.1","18.5","4063.1"
"Gateway Distri","Miscellaneous","1496.94","245.36","366.08","51.55","-0.43","2554.79","485.84","13.52","104.9"
"Gautam Exim","Trading","168.56","0.15","63.95","-0.02","0","24.77","9.87","1.16","68.73"
"Gautam Gems","Trading","101.34","0.38","28.11","-0.18","-5.29","73.85","4.29","1.01","8.76"
"Gayatri BioOrga.","Miscellaneous","0.0","-0.68","0.0","-0.23","-100.0","1.58","36.36","0","6.34"
"Gayatri Highways","Construction","1.72","-441.12","1.18","-168.26","-20.27","1974.46","405.91","0","1.58"
"Gayatri Projects","Construction","1369.06","-1455.38","232.89","-291.56","-70.97","4518.26","3502.05","-172.44","6.41"
"Gayatri Rubbers","Miscellaneous","24.41","1.56","13.63","0.95","0","12.85","0.52","16.07","323.3"
"Gayatri Sugars","Sugar","377.11","7.04","224.63","33.62","-0.9","189.99","131.42","0","22.51"
"GCM Capital","Finance & Investments","1.41","0.52","0.72","0.37","-12.8","29.52","0.71","1.9","7.1"
"GCM Commodity","Finance & Investments","2.97","-0.68","2.14","0.05","0","29.2","0.0","-4.54","6.56"
"GCM Securit.","Finance & Investments","0.0","-0.38","0.0","-0.05","0","23.36","0.0","-2.79","1.0"
"Gconnect Logitec","Miscellaneous","4.01","0.24","1.89","0.01","0","4.13","0.0","31.17","73.5"
"GE Power","Engineering - Turnkey Services","1624.76","-171.33","390.76","25.94","13.43","2580.83","162.66","-113.72","404.05"
"GE Shipping Co","Shipping","5255.17","2614.18","1497.33","905.08","2.84","16807.86","3048.3","23.06","1225.0"
"GE T&D India","Electric Equipment","3167.91","181.05","913.6","66.29","29.95","3584.39","41.82","15.64","1536.0"
"GEE","Electrodes - Welding Equipment","369.14","12.86","91.91","0.84","-7.67","323.56","81.61","6.47","121.15"
"GeeCee Vent.","Construction","96.68","37.22","63.14","17.9","1358.2","729.08","0.0","6.17","382.45"
"Geekay Wires","Steel - Medium / Small","411.55","38.53","98.71","9.87","-4.7","232.28","73.22","42.12","92.52"
"Geetanjali Cred.","Finance & Investments","0.01","0.0","0.01","0.01","0","3.26","0.02","0.0","4.75"
"Gem Enviro","Miscellaneous","42.5","10.02","0","0","0","35.75","0.0","48.57","173.15"
"Gem Spinners","Textiles - Cotton/Blended","0.0","-0.58","0.0","-0.16","0","6.93","0.0","0","3.52"
"Gemstone Invest.","Finance & Investments","2.11","0.35","0.58","-0.64","65.71","24.57","0.0","1.44","1.78"
"General Insuranc","Finance & Investments","45374.94","6685.88","10254.16","2580.42","-3.77","184452.25","0.0","13.31","385.8"
"Generic Engineer","Construction","289.36","11.14","140.4","4.33","61.73","463.28","67.67","4.37","48.41"
"Genesys Intl.","Computers - Software - Medium / Small","198.24","21.61","71.17","14.79","52.66","634.6","59.52","4.93","601.0"
"Gennex Lab.","Pharmaceuticals - Indian - Bulk Drugs","91.62","13.18","35.52","4.5","70.77","229.99","18.94","10.51","15.65"
"Genomic Valley","Miscellaneous","0.17","0.02","0.0","-0.04","-100.0","4.33","0.0","0.57","62.7"
"Genpharmasec","Trading","30.41","-0.17","10.2","-0.27","63.99","71.13","3.89","-0.33","2.16"
"Gensol Engineer.","Engineering - Turnkey Services","963.1","53.46","398.82","19.78","143.29","2327.8","1509.62","20.0","1049.75"
"Genus Paper & Bo","Paper","711.84","3.46","184.42","0.47","-17.43","1018.73","339.66","0.73","20.28"
"Genus Power","Electronics - Components","1200.58","75.17","420.12","31.37","107.65","2758.23","587.95","5.9","325.1"
"Genus Prime","Construction","0.23","-2.0","0.03","0.0","-40.0","69.57","21.63","-4.05","18.59"
"Geojit Fin. Ser.","Finance & Investments","623.29","149.38","208.13","51.91","87.81","2020.29","397.66","18.61","103.15"
"Getalong Enterp.","Miscellaneous","1.7","-1.9","1.37","-2.25","0","13.17","1.71","16.92","195.0"
"GFL","Finance & Investments","3.2","-7.57","0.8","-20.49","0.0","2732.11","0.0","-0.29","82.36"
"GHCL","Chemicals","3446.54","793.9","823.38","124.86","-26.47","3769.56","210.08","17.27","554.35"
"GHCL Textiles","Textiles - Spinning - Synthetic / Blended","1053.87","25.05","286.15","10.25","0","1632.86","71.82","3.52","91.07"
"Gian Lifecare","Healthcare","13.12","4.3","4.6","2.2","196.77","32.07","4.16","24.62","21.33"
"GIC Housing Fin","Finance - Housing","1057.16","151.16","260.03","53.59","-7.52","10470.42","8584.4","8.57","248.55"
"Gilada Finance","Finance & Investments","6.25","1.7","1.48","0.07","74.12","35.01","11.99","8.04","10.0"
"Gillanders Arbut","Diversified - Medium / Small","363.28","-48.62","68.75","-24.65","-11.2","476.88","117.1","-19.64","102.0"
"Gillette India","Personal Care - Multinational","2607.19","387.48","680.74","99.09","9.96","1811.2","0.05","38.49","7437.6"
"Gini Silk Mills","Textiles - Processing","43.73","3.04","11.62","0.7","-5.83","64.46","8.71","6.1","137.95"
"Ginni Filaments","Textiles - Cotton/Blended","350.87","-84.49","97.82","-50.82","24.64","353.67","78.23","-0.22","31.9"
"Giriraj Civil","Construction","134.67","10.12","93.02","8.52","0","172.17","10.07","16.77","385.0"
"Gita Renewable","Power Generation And Supply","0.87","0.36","0.28","0.1","300.0","14.11","0.0","2.63","186.7"
"GKB Ophthalmics","Personal Care - Indian","88.25","-2.98","21.56","-0.89","8.02","114.5","11.49","-4.59","98.75"
"GKW","Finance & Investments","38.77","13.85","7.85","-3.88","184.42","2956.72","0.03","0.61","2787.0"
"Glance Finance","Finance & Investments","23.23","1.94","9.33","0.57","307.42","46.92","6.81","6.31","90.21"
"Gland Pharma","Pharmaceuticals - Indian - Formulations","5664.72","772.46","1537.45","192.42","95.85","10661.25","372.17","9.26","1823.15"
"Glaxosmi. Pharma","Pharmaceuticals - Multinational","3453.71","589.96","929.8","194.48","18.08","3556.62","18.67","37.32","2653.7"
"Gleam Fabmat","Trading","0.65","0.08","0.65","0.15","0","19.56","5.26","0.82","2.71"
"Glenmark Life","Pharmaceuticals - Indian - Bulk Drugs & Formln","2283.21","470.89","536.6","97.94","-13.64","2850.41","17.15","21.07","878.45"
"Glenmark Pharma.","Pharmaceuticals - Indian - Bulk Drugs & Formln","11813.1","-1433.52","3062.96","-1214.27","2.08","14358.62","1230.93","-32.3","1242.05"
"Glittek Granites","Miscellaneous","6.93","-6.14","1.61","-3.06","-72.76","26.89","20.29","-76.65","3.4"
"Global Cap.Mkt.","Finance & Investments","1.2","0.01","0.29","-0.11","114.15","51.85","0.12","0.02","1.05"
"Global Education","Miscellaneous","71.64","30.45","17.42","5.62","-20.78","93.68","0.0","40.25","170.15"
"Global Health","Healthcare","3275.11","478.06","808.63","127.35","14.37","4304.08","801.87","17.93","1255.8"
"Global Longlife","Healthcare","13.51","-2.19","1.18","-3.22","0","41.73","12.74","-3.41","33.8"
"Global Offshore","Shipping","39.21","37.67","7.74","48.79","-35.01","142.76","37.37","-20.95","64.37"
"Global Pet Indus","Engineering","39.15","2.06","23.26","1.27","0","34.56","0.0","19.87","97.05"
"Global Surfaces","Miscellaneous","225.29","19.78","108.62","10.83","174.29","521.79","144.64","6.32","216.0"
"Global Vectra","Transport - Airlines","502.73","1.21","150.5","6.03","36.03","927.78","517.25","4.85","204.0"
"Globalspace Tech","Computers - Software - Medium / Small","29.05","-3.53","4.7","-4.04","-1.88","70.46","11.42","0.71","18.1"
"Globe Commercial","Trading","162.36","3.05","49.86","1.05","54.37","58.34","1.47","27.79","19.95"
"Globe Intl. Car.","Miscellaneous","114.5","2.47","57.37","1.72","0","83.39","18.87","8.74","43.0"
"Globe Textiles","Textiles - Products","428.22","5.75","100.61","1.3","-8.57","247.25","63.6","7.27","3.34"
"Globesecure Tech","Computers - Software - Medium / Small","23.89","1.01","13.83","0.8","0","34.68","8.82","5.01","44.3"
"Globus Power","Miscellaneous","0.04","6.75","0.0","6.19","0","9.6","0.0","-27.21","35.4"
"Globus Spirits","Breweries & Distilleries","2414.68","96.04","589.94","0.08","0","1769.66","328.97","0","771.85"
"Gloster Ltd","Textiles - Jute - Yarn / Products","646.4","24.35","184.98","7.68","3.75","1469.88","193.55","2.22","834.8"
"GMM Pfaudler","Engineering","3446.48","174.1","740.73","28.71","-14.46","3156.91","906.03","19.65","1354.0"
"GMR Airports Inf","Engineering - Turnkey Services","8754.56","-827.5","2446.78","-167.58","29.48","48683.06","35904.99","0","96.95"
"GMR Urban","Engineering - Turnkey Services","4488.98","-127.47","1634.48","170.39","14.83","19468.7","13875.61","0","85.06"
"GNA Axles","Auto Ancillaries","1506.26","100.02","371.02","16.75","-3.32","1218.52","189.17","13.19","396.75"
"Go Digit General","Finance & Investments","8147.32","181.68","2256.16","52.66","40.87","17682.1","350.0","6.2","350.95"
"Go Fashion (I)","Textiles - Products","762.83","82.78","181.74","13.05","15.32","1139.47","469.1","14.72","1038.65"
"Goa Carbon","Petrochemicals","1057.3","85.5","178.46","9.36","-43.53","613.28","333.69","39.44","803.9"
"Goblin India","Trading","44.43","2.48","22.41","1.25","0","72.17","21.69","7.92","42.49"
"GOCL Corpn.","Chemicals","713.58","48.25","186.0","4.94","-23.07","2900.29","1187.67","3.26","470.45"
"Godavari Drugs","Pharmaceuticals - Indian - Bulk Drugs","156.71","5.55","38.64","2.66","3.4","134.75","55.63","15.53","103.8"
"Godawari Power","Steel - Large","5455.35","935.59","1529.81","218.85","16.19","5545.24","51.63","22.27","1083.45"
"Godfrey Phillips","Cigarettes","4419.59","883.97","965.78","215.12","21.31","5843.26","345.39","22.7","4262.45"
"Godha Cabcon","Cables - Power","16.76","0.51","16.69","1.22","356.01","70.66","1.91","1.11","0.93"
"Godrej Agrovet","Food - Processing - Indian","9560.55","359.45","2134.28","65.48","1.88","5703.27","1415.88","14.81","685.0"
"Godrej Consumer","Personal Care - Indian","14096.11","-560.55","3385.61","-1893.21","5.8","18495.89","3222.2","14.52","1385.25"
"Godrej Industrie","Chemicals","16600.62","595.16","4567.27","-25.34","-5.87","61548.2","28995.9","0.75","868.1"
"Godrej Propert.","Construction","3035.62","747.06","1426.09","478.01","-13.37","35734.86","10679.29","7.53","3193.75"
"Goel Food","Food - Processing - Indian","23.65","5.0","13.88","3.4","0","58.43","29.62","25.38","178.15"
"Goenka Business","Finance & Investments","85.96","2.19","18.29","1.0","-39.84","191.84","0.0","7.23","7.74"
"Goenka Diamond","Diamond Cutting / Jewellery","0.64","-2.85","0.27","-0.74","22.73","793.8","181.2","-1.2","0.97"
"Gogia Capital","Finance & Investments","-20.2","-22.46","1.77","1.93","-11.06","29.61","0.93","-61.84","77.0"
"Gokak Textiles","Textiles - Cotton/Blended","131.06","-19.44","24.27","-5.85","-20.01","316.57","267.95","0","156.3"
"Gokaldas Exports","Textiles - Products","2378.88","130.97","812.42","44.28","55.34","2741.12","804.86","12.03","962.65"
"Gokul Agro","Solvent Extraction","13853.93","135.75","3937.6","44.23","49.21","3206.83","603.55","18.89","168.5"
"Gokul Refoils","Solvent Extraction","3019.87","1.81","697.41","1.96","-19.21","739.4","330.96","5.23","39.4"
"Goldcoin Health","Trading","0.04","-0.32","0.01","-0.12","0.0","1.83","0.33","-12.83","7.74"
"Golden Carpets","Textiles - Products","0.86","-0.05","0.27","0.07","80.0","5.27","4.66","0","13.0"
"Golden Crest","Miscellaneous","0.21","0.07","0.09","0.07","-10.0","10.68","0.0","0.66","79.4"
"Golden Tobacco","Construction","32.66","6.92","3.8","-1.55","-18.28","148.7","2.33","0","42.22"
"Goldiam Intl.","Diamond Cutting / Jewellery","602.87","90.9","147.86","17.77","9.57","734.33","4.7","14.95","161.6"
"Goldkart Jewels","Trading","68.21","0.97","36.56","0.83","0","50.63","14.45","4.24","99.1"
"Goldline Intl.","Finance & Investments","1.62","0.11","0.23","0.02","27.78","63.82","0.32","0.13","0.71"
"Goldstar Power","Auto Ancillaries","50.17","4.05","21.71","1.97","0","53.84","18.22","16.77","14.5"
"Golkunda Diamond","Diamond Cutting / Jewellery","230.47","9.62","80.67","4.36","43.75","115.55","39.22","19.33","176.0"
"Goodluck India","Steel - Medium / Small","3524.77","132.27","902.49","37.21","18.04","2032.4","612.04","15.08","920.1"
"Goodricke Group","Tea","823.98","-69.3","130.25","-75.83","29.89","648.15","125.5","-25.1","195.95"
"Goodyear India","Tyres","2551.71","94.85","550.53","-4.21","-15.64","1179.39","6.89","15.98","1193.7"
"Gopal Iron Stl.","Trading","4.19","0.06","0.29","0.0","-58.57","2.65","0.52","6.78","8.15"
"Gopal Snacks","Food - Processing - Indian","1402.49","99.57","358.73","26.11","8.04","538.54","67.48","29.23","329.2"
"Gorani Industrie","Domestic Appliances","42.32","1.36","11.6","0.58","46.1","28.02","10.21","11.45","109.0"
"Gothi Plascon","Construction","4.38","1.53","1.05","-0.23","0.0","14.9","0.15","12.93","35.0"
"Gourmet Gateway","Hotels","146.04","5.62","37.22","1.22","2.08","177.5","78.11","12.35","48.5"
"Gowra Leasing","Finance & Investments","2.77","2.21","0.6","0.31","27.66","18.0","0.5","13.6","42.0"
"Goyal Aluminiums","Trading","68.46","2.32","24.98","0.5","164.06","23.55","1.57","12.45","9.75"
"Goyal Associates","Finance & Investments","3.75","0.61","0.92","0.24","-26.98","6.03","1.17","20.82","1.9"
"Goyal Salt","Food - Processing - Indian","117.75","9.45","70.95","7.04","0","50.63","5.53","58.41","173.0"
"GP Eco","Electric Equipment","101.19","3.7","0","0","0","47.15","13.17","57.81","355.1"
"GP Petroleums","Chemicals","655.16","27.71","160.84","7.09","-11.58","363.45","17.55","9.56","67.35"
"GPT Healthcare","Healthcare","400.19","47.77","99.43","12.82","3.49","345.52","30.54","24.89","150.8"
"GPT Infraproject","Construction","1018.28","55.63","295.0","14.86","10.03","727.77","190.62","19.19","282.9"
"Grand Foundry","Steel - Medium / Small","0.0","-0.57","0.02","-0.13","-80.0","0.03","4.89","0","8.6"
"Grandma Trading","Trading","0.13","-0.02","0.13","0.07","0","1.6","0.02","-1.3","2.98"
"Granules India","Pharmaceuticals - Indian - Bulk Drugs & Formln","4506.37","405.31","1175.78","129.65","-1.65","5520.98","1315.07","13.38","491.7"
"Graphisads","Miscellaneous","112.87","3.66","66.77","2.31","0","158.46","18.21","8.54","43.6"
"Graphite India","Electrodes - Graphites","2950.0","805.0","720.0","16.0","-11.66","6796.0","177.0","15.22","566.35"
"Grasim Inds","Textiles - Manmade","130978.48","9925.65","37727.13","2721.81","12.75","412539.08","137155.05","7.0","2717.7"
"Gratex Industrie","Paper","3.99","0.09","0.94","0.03","-7.84","4.22","0.08","2.6","22.5"
"Grauer & Weil","Chemicals","1068.9","146.28","333.12","29.17","1.82","1125.3","26.86","19.71","90.61"
"Graviss Hospital","Hotels","54.14","3.01","16.82","1.01","-7.58","215.2","2.93","1.66","39.0"
"Gravita India","Mining / Minerals / Metals","3160.75","242.28","863.41","69.42","15.29","1602.35","547.59","33.54","1472.5"
"Gravity (India)","Textiles - Processing","2.25","-6.16","0.21","-3.73","-94.68","7.57","2.68","-86.15","4.62"
"Greaves Cotton","Engines","2633.19","-367.27","672.53","-13.35","-18.67","2464.39","80.75","-3.23","135.0"
"Greenchef Appli.","Domestic Appliances","330.65","4.83","180.36","0.94","0","289.77","120.97","7.95","71.0"
"Greencrest Finan","Finance & Investments","39.27","1.06","8.28","-6.8","-23.83","92.08","32.34","2.31","0.98"
"Greenhitech","Miscellaneous","8.32","1.18","6.28","1.27","0","32.41","4.54","0","110.0"
"Greenlam Industr","Miscellaneous","2306.35","138.0","624.09","40.79","16.91","2735.77","1109.3","13.49","612.05"
"Greenpanel Inds.","Miscellaneous","1567.25","142.68","396.6","29.81","-10.15","1890.74","296.08","11.38","326.7"
"Greenply Industr","Miscellaneous","2179.92","69.95","599.79","28.36","40.4","1663.93","549.11","10.0","326.1"
"Gretex Corporate","Finance & Investments","138.37","39.67","83.24","18.13","1077.37","168.01","4.42","44.12","528.0"
"Gretex Industrie","Trading","31.13","9.98","15.42","9.58","0","29.6","1.06","215.2","127.35"
"Grill Splendour","Hotels","13.47","-0.24","6.76","-0.93","0","22.19","15.49","-11.94","70.0"
"Grindwell Norton","Abrasives And Grinding Wheels","2686.77","383.96","691.08","92.68","3.95","2765.61","82.59","19.01","2805.0"
"GRM Overseas","Food - Processing - Indian","1312.44","60.72","405.93","21.17","-6.39","770.27","393.11","20.08","178.25"
"Groarc Industrie","Finance & Investments","40.67","0.27","1.17","-0.49","-95.34","39.24","0.0","0.69","9.8"
"Grob Tea Co","Tea","99.96","-0.01","15.41","-13.97","19.64","102.83","9.35","-0.01","933.1"
"Grovy India","Construction","19.55","1.0","3.51","0.04","-66.86","30.4","9.96","5.49","163.0"
"Growington Vent","Trading","34.3","1.14","11.11","-0.61","-1.68","29.94","0.0","6.36","5.24"
"GRP","Miscellaneous","461.38","22.64","137.94","11.67","44.38","342.45","113.19","15.56","14950.0"
"GSB Finance","Finance & Investments","3.67","1.26","0.86","-0.44","177.42","14.16","0.0","9.79","21.9"
"GSL Securities","Finance & Investments","0.84","0.47","0.61","0.45","662.5","5.71","0.0","8.45","21.25"
"GSM Foils","Aluminium and Aluminium Products","27.18","1.25","0","0","0","22.08","14.13","0","47.85"
"GSS Infotech","Computers - Software - Medium / Small","170.82","7.45","40.64","6.86","65.95","536.13","1.37","2.72","92.0"
"GTL","Telecommunications - Service Provider","201.92","210.8","65.69","136.2","39.8","205.45","5765.43","0","13.88"
"GTL Infra.","Telecommunications - Equipment","1372.01","-681.36","331.09","-214.72","-12.38","4206.04","3900.58","0","3.43"
"GTN Industries","Textiles - Cotton/Blended","185.38","-6.34","40.32","-1.47","-7.97","146.39","40.59","-6.89","33.62"
"GTN Textiles","Textiles - Cotton/Blended","0.0","-12.04","0.0","-1.95","0","93.94","45.07","0.0","13.39"
"GTPL Hathway","Entertainment / Electronic Media Software","3212.5","111.79","807.98","16.05","16.69","3054.48","288.35","9.46","178.1"
"GTV Engineering","Castings & Forgings","120.62","5.41","32.07","2.33","15.53","75.82","17.54","16.07","562.0"
"Gufic BioScience","Pharmaceuticals - Indian - Bulk Drugs & Formln","806.67","86.14","194.99","20.05","12.68","1092.54","332.92","19.57","351.75"
"Guj Apollo Inds","Engineering","57.07","11.06","13.0","-1.81","-28.88","518.95","21.67","2.3","243.01"
"Guj Inds. Power","Power Generation And Supply","1348.64","198.51","372.69","66.18","-12.13","5218.31","614.43","6.15","241.9"
"Guj Pipavav Port","Miscellaneous","988.43","342.0","251.28","65.84","7.05","2936.5","79.21","16.43","211.55"
"Guj. Ambuja Exp","Solvent Extraction","4926.93","345.92","1346.44","91.4","-5.74","3303.05","197.02","13.27","135.45"
"Guj. Containers","Packaging","141.48","9.02","36.15","2.0","13.64","76.36","24.92","22.98","170.0"
"Guj. Craft Inds","Packaging","175.56","3.03","53.62","0.76","21.95","139.01","49.87","5.15","109.3"
"Guj. Credit Corp","Construction","0.0","-0.11","0.0","-0.04","0","32.71","18.71","-0.79","21.57"
"Guj. Inject(Ker)","Pharmaceuticals - Indian - Formulations","5.79","0.08","5.42","0.04","0","8.69","0.0","2.08","17.55"
"Guj. Lease Fin.","Finance & Investments","0.0","0.09","0.0","0.04","0","6.28","10.0","0","7.18"
"Guj. Petrosynth.","Plastics Products","13.85","1.66","3.19","0.14","-30.95","50.71","0.12","3.49","63.39"
"Guj. Raffia Inds","Textiles - Products","30.91","0.52","7.11","0.13","-34.35","26.04","3.52","2.55","44.48"
"Guj. State Fin.","Finance - Term-Lending Institutions","17.65","-119.21","0.62","-29.57","1140.0","206.24","661.68","0","24.85"
"Guj. Terce Labs.","Pharmaceuticals - Indian - Formulations","47.97","0.24","12.21","0.54","-5.28","23.27","3.87","3.44","48.8"
"Guj. Themis Bio.","Pharmaceuticals - Indian - Bulk Drugs","169.82","59.16","42.01","15.89","52.27","221.11","2.77","33.76","473.7"
"Guj. Toolroom","Engineering","555.37","70.84","324.1","53.88","19662.2","491.43","0.2","164.84","14.5"
"Guj.Nat.Resour.","Oil Drilling / Allied Services","27.4","-3.88","7.84","-2.77","133.33","159.5","40.74","-3.55","14.1"
"Guj.St.Petronet","Miscellaneous","17294.84","2183.74","4532.2","663.11","6.14","19055.84","139.61","16.06","300.15"
"Gujarat Alkalies","Chlor Alkali / Soda Ash","3806.63","-236.84","1001.62","-46.19","-11.99","8023.39","544.14","-3.88","780.0"
"Gujarat Cotex","Trading","16.91","0.19","3.67","0.01","22.33","13.64","1.0","2.9","5.99"
"Gujarat Fluoroch","Chemicals","4280.82","434.95","1133.03","100.97","-23.0","9234.07","2095.95","7.59","3237.15"
"Gujarat Gas","Miscellaneous","15690.19","1142.77","4134.18","409.54","5.23","11658.35","150.26","15.0","633.6"
"Gujarat Hotels","Hotels","3.44","4.72","1.08","1.34","-0.92","46.78","0.0","11.2","210.0"
"Gujarat Hy-Spin","Textiles - Cotton/Blended","91.76","0.17","43.42","1.36","0","35.63","9.74","0.9","13.75"
"Gujarat Intrux","Castings & Forgings","57.2","7.41","14.88","1.87","16.25","70.63","0.0","12.34","384.9"
"Gujarat Poly","Trading","16.92","2.16","4.31","0.72","5.64","21.57","10.23","26.34","100.2"
"Gujchem Distill","Trading","1.57","0.39","1.57","0.3","0","39.22","22.01","2.36","226.75"
"Gulf Oil Lubric.","Chemicals","3284.1","308.1","852.82","85.43","7.67","2304.5","357.79","24.91","1279.0"
"Gulshan Polyols","Miscellaneous","1377.98","17.64","405.59","6.37","34.51","1156.51","349.83","3.05","203.8"
"GVK Power Infra.","Engineering - Turnkey Services","1080.14","211.21","68.7","-142.94","-63.11","7809.22","4599.14","0","11.22"
"GVP Infotech","Computers - Software - Medium / Small","33.25","2.84","6.62","3.11","-32.79","176.36","0.03","1.69","13.66"
"Gyan Developers","Construction","0.56","0.14","0.0","-0.01","0","3.9","0.0","3.77","15.35"
"H D I L","Construction","2.05","-10.32","0.82","-4.72","127.78","3965.78","2483.64","0","4.34"
"H P C L","Refineries","433856.51","16014.61","114677.63","2709.31","6.13","182784.68","66683.82","40.45","334.0"
"H P Cotton Tex","Textiles - Cotton/Blended","93.56","0.92","19.07","-2.26","-4.51","88.44","39.25","6.87","128.15"
"H T Media","Entertainment / Electronic Media Software","1694.72","-91.38","464.41","-0.31","5.21","4108.02","889.6","-1.46","27.0"
"H U D C O","Finance - Housing","7784.29","2116.69","2065.22","700.16","11.49","93422.34","73995.9","13.21","285.2"
"H. S. India","Hotels","25.59","1.33","6.7","0.39","9.3","51.85","19.18","4.47","17.5"
"H.G. Infra Engg.","Construction","5378.48","538.59","1708.26","190.03","11.26","5434.38","1513.16","24.02","1745.75"
"Halder Venture","Trading","643.66","11.67","133.76","-1.94","176.31","443.7","237.84","20.91","723.45"
"Haldyn Glass","Glass & Glass Products","298.77","24.57","84.21","6.76","14.09","449.59","122.95","13.04","139.6"
"Hampton Sky","Finance & Investments","238.7","28.85","83.54","20.23","490.39","302.18","58.72","10.46","32.48"
"Hanman Fit","Miscellaneous","0.2","0.67","0.2","0.85","0","3.4","0.7","4.37","3.69"
"Happiest Minds","Computers - Software - Medium / Small","1624.66","248.39","417.29","71.98","10.4","2234.76","512.19","20.56","830.85"
"Happy Forgings","Castings & Forgings","1358.24","242.99","343.34","65.79","13.51","1885.95","143.01","18.69","1242.9"
"Hardcast.& Waud","Miscellaneous","5.41","2.58","1.29","0.55","16.22","45.92","0.0","5.98","1174.1"
"Hardwyn India","Trading","135.5","9.75","36.94","3.3","23.63","442.88","9.05","2.58","31.03"
"Haria Apparels","Textiles - Products","0.0","0.89","0.0","0.1","0","15.1","1.32","18.37","5.23"
"Haria Exports","Textiles - Products","0.0","0.09","0.0","0.04","0","14.04","0.0","0.64","5.6"
"Hariom Pipe","Steel - Medium / Small","1153.19","56.8","330.92","16.77","31.58","880.24","372.1","13.54","587.65"
"Harish Textile","Textiles - Products","131.04","-0.28","35.82","-0.86","19.2","77.61","36.12","-2.98","53.0"
"Hariyana Ship","Miscellaneous","148.63","3.23","0.72","0.04","-95.33","163.23","14.91","2.25","119.4"
"Harmony Capital","Finance & Investments","0.0","-0.07","0.0","0.0","0","1.9","0.05","-5.09","40.58"
"Harri. Malayalam","Miscellaneous","488.12","-7.3","140.98","-9.56","19.56","462.8","97.56","0.19","213.95"
"Harsha Engg Intl","Auto Ancillaries","1080.94","126.91","297.53","37.59","20.1","1528.7","102.33","10.71","557.15"
"Harshdeep","Miscellaneous","48.25","6.55","25.27","3.6","0","44.95","0.0","13100.0","62.0"
"Harshil Agrotech","Trading","12.93","0.8","3.32","0.05","228.71","22.84","0.68","13.4","23.89"
"Haryana Capfin","Finance & Investments","4.39","2.82","0.36","0.12","-23.4","519.82","0.0","0.97","218.0"
"Haryana Leather","Chemicals","46.58","4.62","13.53","2.37","24.36","48.21","0.28","11.83","105.45"
"Hasti Finance","Finance & Investments","0.45","-0.51","0.11","-0.37","-64.52","21.84","0.0","-2.48","8.43"
"Hathway Bhawani","Entertainment / Electronic Media Software","2.68","-0.04","0.66","-0.01","-5.71","2.51","0.0","-2.26","19.89"
"Hathway Cable","Telecommunications - Service Provider","1980.97","99.29","493.37","34.57","7.35","4963.41","19.66","2.34","21.87"
"Hatsun Agro","Food - Processing - Indian","7990.4","267.29","2046.87","52.16","14.38","4734.6","2698.3","17.74","1035.2"
"Havells India","Electric Equipment","18590.01","1270.76","5442.02","446.7","11.99","12432.69","303.16","17.95","1845.5"
"Hawa Engineers","Engineering","119.64","1.8","31.03","0.2","3.5","66.53","19.15","10.39","172.85"
"Hawkins Cookers","Domestic Appliances","1024.15","109.84","276.76","34.13","9.03","526.2","31.36","36.04","8050.0"
"Haz.Multi Proj.","Construction","544.56","63.77","463.93","53.94","0","655.53","110.39","0","350.0"
"HB Estate Devel.","Hotels","109.4","3.89","31.36","4.52","12.81","494.19","311.11","2.64","73.86"
"HB Leasing &Fin.","Finance & Investments","0.48","0.08","0.14","0.05","-53.33","3.24","0.06","3.17","26.72"
"HB Portfolio","Finance & Investments","54.04","7.02","37.33","1.52","1399.2","301.6","0.8","2.94","76.35"
"HB Stockholdings","Finance & Investments","44.36","37.54","5.74","4.35","1175.56","109.55","0.83","44.4","110.5"
"HBL Power System","Auto Ancillaries","2233.36","280.35","610.09","81.21","51.53","1654.1","67.46","27.7","503.2"
"HCKK Ventures","Computers - Software - Medium / Small","0.62","0.26","0.16","0.08","33.33","4.3","0.05","6.44","91.0"
"HCL Infosystems","Computers - Hardware","32.17","-15.88","6.72","-5.53","-18.64","455.7","355.0","0","17.0"
"HCL Technologies","Computers - Software - Large","109913.0","15710.0","28499.0","3995.0","7.11","99777.0","5756.0","23.49","1467.7"
"HCP Plastene","Packaging","294.56","0.3","76.63","1.21","-0.76","232.72","157.9","0.6","160.0"
"HDFC AMC","Finance & Investments","2584.37","1945.88","695.43","541.09","28.56","7557.55","0.0","29.51","4066.45"
"HDFC Bank","Banks - Private Sector","283649.02","65446.5","79433.61","18012.87","67.06","2530432.44","2139211.91","22.13","1696.6"
"HDFC Life Insur.","Finance & Investments","101481.8","1574.08","28041.28","411.64","34.44","302686.95","950.0","11.38","595.45"
"Heads UP Venture","Trading","0.63","-4.32","0.16","-1.96","1500.0","16.27","0.0","-26.92","12.0"
"Health.Global","Healthcare","1912.12","41.32","494.63","23.46","11.98","2707.5","1274.37","4.67","376.0"
"Healthy Life","Trading","132.95","2.51","92.63","2.08","0","33.64","2.51","10.29","38.36"
"HEC Infra Proj.","Engineering - Turnkey Services","73.79","4.72","28.18","0.26","44.74","79.0","30.21","14.52","120.0"
"Heera Ispat","Steel - Medium / Small","0.0","-0.16","0.0","-0.01","0","0.12","0.06","0","6.31"
"HEG","Electrodes - Graphites","2394.9","311.67","546.9","32.91","-11.34","5701.37","622.68","7.16","2203.0"
"Heidelberg Cem.","Cement - North India","2365.78","167.75","596.55","48.16","-0.91","2661.12","137.04","11.45","223.75"
"Helpage Finlease","Finance & Investments","4.55","0.87","1.28","0.03","82.86","61.57","44.22","5.84","20.0"
"Hemadri Cements","Cement - South India","55.86","-10.93","14.36","-2.51","-25.09","47.65","11.36","-38.18","99.97"
"Hemang Resources","Trading","37.12","-1.09","6.91","12.35","-81.85","58.64","1.87","-4.2","31.63"
"Hemant Surgical","Healthcare","105.61","9.8","58.1","5.88","0","96.64","6.75","41.53","133.9"
"Hemisphere Prop","Construction","0.52","-9.82","0.13","-4.36","-45.83","1068.27","62.3","-2.72","189.85"
"Hemo Organic","Chemicals","0.02","-0.26","0.02","-0.23","0","1.06","1.24","0","11.5"
"Heranba Inds","Pesticides / Agrochemicals - Indian","1257.07","34.5","257.91","-0.73","-0.87","1479.63","164.96","4.17","358.75"
"Hercules Hoists","Engineering","179.53","36.02","57.3","11.91","20.71","1050.65","5.42","4.35","561.3"
"Heritage Foods","Food - Processing - Indian","3793.9","106.55","950.57","40.5","16.26","1281.1","132.17","13.92","557.9"
"Hero Motocorp","Automobiles - Motorcycles / Mopeds","37788.62","3742.16","9616.68","943.46","14.02","26152.79","606.41","22.47","5691.0"
"Hester Bios","Pharmaceuticals - Indian - Formulations","304.55","21.17","79.26","6.4","17.77","662.35","244.38","6.61","2470.0"
"Heubach Colorant","Dyes And Pigments","790.7","41.14","204.91","5.84","14.06","725.5","27.02","9.09","479.45"
"Hexa Tradex","Trading","133.23","92.29","-3.63","-1.47","-1030.77","4745.71","45.52","3.03","192.35"
"HFCL","Engineering - Turnkey Services","4465.05","337.52","1326.06","109.36","-7.46","6486.83","991.22","9.34","117.1"
"Hi-Green Carbon","Chemicals","70.25","10.28","36.83","5.09","0","105.34","23.99","42.36","183.1"
"Hi-Tech Pipes","Steel - Medium / Small","2699.29","43.93","681.03","11.13","-2.97","1178.7","365.79","9.68","130.55"
"Hi-Tech Winding","Paper","0.0","0.0","0.0","-0.01","0","4.22","0.0","0.0","3.45"
"High Energy Bat.","Electric Equipment","78.14","17.16","19.87","4.7","-35.67","109.09","4.77","22.22","825.05"
"High Street Fila","Trading","1.46","0.06","1.21","0.16","0","0.43","1.55","0","59.15"
"Hikal","Pharmaceuticals - Indian - Bulk Drugs","1784.6","69.6","514.1","33.97","-5.72","2487.06","817.57","6.0","346.65"
"Hil Ltd","Cement Products","3374.97","34.79","852.01","-0.11","-1.3","2743.24","776.0","2.54","2911.9"
"Hiliks Technolog","Computers - Software - Medium / Small","0.99","0.05","0.9","0.48","-39.19","9.74","0.0","0.74","71.32"
"Hilton Met.Forg.","Castings & Forgings","138.07","6.69","33.83","0.55","10.34","184.57","51.18","7.09","95.89"
"Him Teknoforg.","Auto Ancillaries","373.43","7.11","98.91","3.7","3.55","413.63","149.48","4.03","185.0"
"Himadri Special","Chemicals","4184.89","410.68","1176.95","115.18","14.39","4448.79","604.96","15.7","395.15"
"Himalaya Food","Food - Processing - Indian","47.19","4.9","12.47","1.88","-16.14","208.15","0.0","3.61","24.69"
"Himatsing. Seide","Textiles - Products","2841.45","112.82","696.87","23.74","1.05","5794.51","2897.85","7.5","145.15"
"Hind Aluminium","Power Generation And Supply","1.33","15.98","0.33","0.38","176.74","77.43","0.0","22.43","61.34"
"Hind Rectifiers","Electronics - Components","517.55","12.51","151.36","5.12","35.64","331.02","135.09","14.78","684.5"
"Hind. Unilever","Personal Care - Multinational","61896.0","10282.0","15210.0","2561.0","-0.03","78489.0","1484.0","20.24","2500.35"
"Hind.Adhesive","Packaging","304.16","16.41","71.61","3.76","32.12","180.12","60.4","24.2","405.5"
"Hind.Aeronautics","Engineering","30380.84","7595.04","14768.78","4292.04","18.2","77983.71","0.35","28.9","5275.1"
"Hind.Appliances","Trading","0.0","0.13","0.0","0.06","0","50.44","35.83","0.9","62.4"
"Hind.Bio Science","Trading","1.03","0.06","0.39","0.04","18.18","3.37","2.56","7.74","8.34"
"Hind.Composites","Auto Ancillaries","297.68","34.41","78.57","7.97","0.76","1081.27","0.12","3.6","524.25"
"Hind.Construct.","Construction","7006.71","478.16","1773.13","245.93","-42.69","9059.38","2222.54","0","47.95"
"Hind.Fluoro Carb","Petrochemicals","0.0","1.23","0.0","0.4","0","63.65","123.64","0","18.11"
"Hind.Natl.Glass","Glass & Glass Products","2552.35","163.37","621.84","-33.21","-5.99","2891.61","2263.69","0","25.07"
"Hind.Oil Explor.","Oil Drilling / Allied Services","749.13","226.43","289.61","70.61","65.41","1951.45","174.07","18.52","197.35"
"Nidhi Granites","Finance & Investments","38.51","0.68","11.38","0.09","91.91","21.82","4.47","6.38","143.0"
"Hind.Organ.Chem.","Chemicals","703.89","-54.09","182.87","-11.74","-5.66","1572.34","834.1","0","45.85"
"Hind.Tin Works","Packaging","419.35","17.04","87.77","3.02","8.29","316.13","82.46","8.65","170.0"
"Hind.Urban Infra","Electric Equipment","528.26","-35.79","160.72","-9.05","6.85","901.36","361.86","-6.46","2742.0"
"Hindalco Inds.","Aluminium and Aluminium Products","215962.0","10155.0","55994.0","3174.0","0.25","231907.0","56356.0","10.09","694.55"
"Hindcon Chemical","Chemicals","64.51","6.23","14.34","1.8","-25.51","59.57","0.0","13.39","50.6"
"Hindoo. Mills","Textiles - Products","88.27","1.27","22.66","0.91","-26.0","75.11","1.5","2.57","338.85"
"Hindprakash Indu","Dyes And Pigments","99.5","1.53","26.76","0.25","-38.75","84.7","22.35","3.37","162.15"
"Hinduja Global","Computers - Software - Medium / Small","4615.72","131.17","1098.71","87.92","2.7","11124.62","2106.67","1.64","850.25"
"Hindustan Agrig.","Miscellaneous","0.07","0.47","0.0","0.13","0","12.75","0.0","3.89","44.2"
"Hindustan Copper","Mining / Minerals / Metals","1717.0","295.41","565.37","124.31","1.0","3270.02","222.46","13.53","324.1"
"Hindustan Foods","Food - Processing - Indian","2754.71","93.02","730.96","22.94","10.8","1925.25","729.81","18.24","534.9"
"Hindustan Hardy","Auto Ancillaries","67.84","4.87","18.05","1.27","3.14","42.98","4.09","23.28","556.2"
"Hindustan Media","Entertainment / Electronic Media Software","704.09","7.98","188.05","11.1","-0.04","2245.2","94.17","0.5","97.89"
"Hindustan Motors","Automobiles - Passenger Cars","3.25","25.42","1.88","16.1","0","52.8","0.0","696.44","33.32"
"Hindustan Zinc","Mining / Minerals / Metals","28934.0","7787.0","7550.0","2042.0","-11.27","33904.0","8722.0","55.28","653.95"
"Hindusthan Udyog","Engineering","0.0","181.9","0.0","17.76","0","632.97","9.96","35.03","3.31"
"Hindware Home In","Trading","2800.03","27.63","773.67","2.73","0.76","2420.31","1046.2","4.39","443.1"
"Hipolin","Detergents / Intermediates","19.73","-0.89","5.85","-0.16","36.36","16.28","2.08","-7.5","120.6"
"Hisar Met.Inds.","Steel - Medium / Small","241.43","6.47","60.77","1.06","3.79","169.78","80.63","11.31","197.3"
"Hisar Spg. Mills","Textiles - Cotton/Blended","41.98","2.02","10.34","0.7","-2.91","26.86","3.09","9.5","55.49"
"Hit Kit Global","Trading","0.27","-2.72","0.07","-2.57","40.0","7.57","0.14","-1.94","1.18"
"Hitachi Energy","Electric Equipment","5237.49","163.78","1695.28","113.66","27.08","4707.37","213.68","12.72","13309.15"
"Hitech Corp.","Packaging","561.79","22.0","138.63","6.64","7.89","389.19","80.38","8.68","217.35"
"Hittco Tools","Engineering","5.97","0.19","1.45","0.18","-24.08","8.35","3.93","5.66","13.15"
"HLE Glascoat","Engineering","967.92","40.89","306.9","14.8","2.87","1201.96","389.62","8.64","498.25"
"HLV","Hotels","199.1","23.8","59.74","10.35","14.82","579.67","32.71","5.52","24.69"
"HMA Agro Inds.","Food - Processing - Indian","4813.29","100.59","1390.14","1.54","65.74","1439.46","492.05","16.89","53.8"
"HMT","Engineering","222.12","-123.9","32.26","-31.69","-14.79","655.13","3728.9","0","67.55"
"Hoac Foods","Food - Processing - Indian","15.63","1.02","8.42","0.54","0","7.96","2.25","64.97","194.95"
"Holmarc Opto","Engineering","33.46","3.43","19.45","2.37","0","27.72","0.0","29.57","114.25"
"Home First Finan","Finance - Housing","1156.51","305.72","312.76","83.47","37.88","9533.96","7302.1","15.52","1168.1"
"Homesfy Realty","Construction","60.39","3.75","36.32","7.86","0","50.01","0.14","11.4","743.0"
"Honasa Consumer","Trading","1764.39","120.97","427.17","26.71","18.55","1613.09","110.19","13.81","448.4"
"Honda India","Electric Equipment","989.07","92.21","231.16","15.8","-26.22","991.93","0.47","11.52","3787.05"
"Honeywell Auto","Electronics - Components","4058.2","501.4","950.7","148.2","11.89","4895.1","59.6","14.76","56583.2"
"HOV Services","Computers - Software - Medium / Small","16.12","2.69","4.27","0.81","36.42","35.69","1.05","11.67","64.0"
"Howard Hotels","Hotels","13.15","0.95","4.63","0.02","37.8","19.6","5.07","9.0","23.5"
"HP Adhesives","Chemicals","236.02","20.57","59.35","5.61","2.58","197.81","3.16","12.87","97.71"
"HPL Electric","Electric Equipment","1460.86","43.62","424.09","13.72","16.91","1874.15","626.51","5.37","450.85"
"HRH Next","Computers - Software - Medium / Small","45.37","1.84","23.98","0.33","0","37.13","10.16","17.61","32.0"
"Hubtown","Construction","257.72","-86.17","105.79","-90.11","29.63","4909.88","940.55","-6.67","169.0"
"Huhtamaki India","Packaging","2498.03","400.18","610.12","26.03","-7.77","2000.96","254.57","13.04","362.95"
"Humming Bird Edu","Miscellaneous","5.51","0.04","1.56","-0.42","0","2.64","0.0","1.95","570.0"
"Hybrid Financial","Finance & Investments","5.09","1.94","2.02","0.88","184.51","47.89","0.0","7.57","11.17"
"Hypersoft Tech.","Computers - Software - Medium / Small","0.83","-0.67","0.19","-0.52","-9.52","2.79","0.02","-10.64","15.19"
"I D F C","Finance & Investments","65.54","1045.58","9.77","347.85","-81.43","13428.7","0.0","8.37","121.35"
"I G Petrochems","Chemicals","2099.07","39.71","553.98","9.21","-8.43","2093.85","337.33","3.22","600.25"
"I O B","Banks - Public Sector","24049.73","2655.62","6628.89","808.1","27.66","352033.61","316292.55","9.98","64.02"
"I O C L","Refineries","776351.85","43161.15","198649.76","5487.92","-2.56","482362.0","132627.56","25.83","167.45"
"I Power Solution","Computers - Software - Medium / Small","0.0","-0.16","0.0","-0.02","0","4.36","0.25","-3.83","11.87"
"I R C T C","Travel Agencies","4270.18","1111.26","1154.77","284.37","19.66","6091.1","60.35","40.44","996.2"
"I R F C","Finance - Term-Lending Institutions","26645.36","6412.1","6473.56","1717.32","4.51","485066.78","412038.51","13.55","172.45"
"I T D C","Hotels","532.02","70.33","147.88","15.71","-3.82","1065.68","0.63","19.5","822.35"
"IB Infotech","Trading","5.83","0.73","1.53","0.16","150.82","1.89","0.0","50.52","140.25"
"IBL Finance","Finance & Investments","14.12","2.28","7.6","0.95","0","66.36","4.91","11.13","52.0"
"ICDS","Miscellaneous","2.28","2.04","0.71","0.31","18.33","28.66","0.13","7.69","33.89"
"ICE Make Refrig.","Electric Equipment","378.38","26.13","139.92","14.26","23.21","211.38","27.25","28.2","858.0"
"ICICI Bank","Banks - Private Sector","159515.92","46080.51","42606.72","12200.05","23.72","1958490.5","1399893.96","20.63","1202.7"
"ICICI Lombard","Finance & Investments","20487.37","1918.59","5367.05","519.5","18.77","63308.29","35.0","16.96","1818.0"
"ICICI Pru Life","Finance & Investments","89683.04","850.66","22481.61","173.67","104.68","299000.65","1200.0","8.07","610.25"
"ICICI Securities","Finance & Investments","5049.21","1696.69","1543.17","536.53","74.41","25622.67","16886.54","50.09","758.0"
"ICRA","Miscellaneous","446.11","152.24","123.96","47.06","13.64","1187.83","12.68","15.68","5900.0"
"IDBI Bank","Banks - Private Sector","26445.66","5814.1","6994.7","1672.0","22.08","331497.7","267959.91","12.5","84.3"
"Ideaforge Tech","Engineering","317.02","47.85","104.6","11.79","170.56","745.55","14.49","9.69","789.35"
"IDFC First Bank","Banks - Private Sector","30325.11","2942.35","8220.48","731.9","27.96","239882.05","201681.59","11.38","81.76"
"IEL","Trading","17.26","0.26","9.12","0.14","785.44","3.76","0.9","23.74","6.45"
"IFB Agro Inds.","Breweries & Distilleries","931.63","-8.08","216.05","-2.83","-4.45","636.1","11.18","-1.47","459.45"
"IFB Industries","Domestic Appliances","4311.68","68.88","1055.33","13.86","7.14","2162.85","161.92","9.96","1671.15"
"IFCI","Finance - Term-Lending Institutions","1986.58","241.06","605.42","157.33","46.36","18917.57","5366.98","2.49","62.18"
"IFGL Refractori.","Refractories / Intermediates","1639.49","81.67","393.94","12.54","7.01","1490.36","174.1","7.86","663.0"
"IFL Enterprises","Trading","8.24","1.0","1.99","-0.54","35.37","28.14","0.3","3.94","1.65"
"Igarashi Motors","Electric Equipment","725.04","9.57","204.6","5.14","18.31","773.6","138.09","2.16","490.0"
"IGC Industries","Trading","0.0","-0.39","0.0","-0.01","0","10.43","0.0","-43.09","42.68"
"IIFL Finance","Finance & Investments","10249.43","1974.22","2853.57","430.63","30.46","62421.16","47160.7","17.97","510.2"
"IIFL Securities","Finance & Investments","2161.28","513.34","686.43","180.56","70.8","7874.74","1153.85","32.67","214.75"
"IIRM Holdings","Miscellaneous","177.83","22.64","177.83","22.64","0","156.22","19.24","0","33.79"
"IITL Projects","Construction","4.58","22.51","2.56","4.91","11.79","33.14","0.0","0","46.63"
"IKIO Lighting","Electric Equipment","437.95","60.57","94.79","9.52","-17.5","657.7","70.32","17.43","300.35"
"IL&FS Engg.","Construction","258.54","-77.45","84.66","-98.11","0.34","1694.95","2670.77","0","20.0"
"IL&FS Inv.Manag.","Finance & Investments","51.92","12.05","13.18","4.94","-24.73","249.38","0.0","4.83","12.96"
"IL&FS Transport","Engineering - Turnkey Services","99.51","-972.95","806.58","-248.01","7.66","2994.16","15512.54","0","6.68"
"IM+ Capitals","Finance & Investments","525.12","93.7","139.62","12.23","151.3","498.51","57.72","28.37","790.0"
"Imagica. Enter.","Recreation / Amusement Parks","260.02","540.93","56.63","4.84","5.08","1097.69","252.18","6.57","78.07"
"IMEC Services","Miscellaneous","6.41","299.86","3.54","307.35","-11.28","2.88","0.0","0","7.32"
"Impex Ferro Tech","Mining / Minerals / Metals","6.38","-0.26","0.55","-3.53","-89.28","219.67","267.67","0","3.63"
"Inani Marbles","Miscellaneous","56.2","1.57","18.23","1.27","57.29","88.17","23.3","3.0","31.4"
"Inani Securities","Finance & Investments","1.24","1.32","0.5","1.26","138.1","27.7","0.22","6.92","37.49"
"Incap","Electronics - Components","19.36","0.67","3.96","0.02","-31.25","27.43","2.76","4.18","60.62"
"Incon Engineers","Engineering","0.0","-0.47","0.0","-0.09","0","0.74","0.52","-162.07","15.61"
"Incredible Indus","Steel - Medium / Small","818.16","5.97","222.35","3.12","6.44","210.04","43.21","4.61","43.0"
"Ind Bank Housing","Finance - Housing","0.0","-0.69","0.0","-0.06","0","8.94","0.0","0","68.89"
"IND Renewable","Power Generation And Supply","0.0","0.05","0.0","-0.26","0","26.74","0.41","0.34","14.9"
"Ind-Agiv Commer.","Trading","10.8","-5.12","1.71","-0.53","-21.92","29.97","3.86","0","69.45"
"Ind-Swift","Pharmaceuticals - Indian - Formulations","502.25","14.23","135.23","37.54","27.72","654.47","1013.99","0","21.42"
"Ind-Swift Labs.","Pharmaceuticals - Indian - Bulk Drugs & Formln","1280.9","420.96","393.33","238.82","29.28","1165.11","16.62","18.36","134.9"
"Indag Rubber","Miscellaneous","251.18","16.75","61.32","3.38","-4.28","262.84","5.94","7.64","243.8"
"Indbank Merchant","Finance & Investments","24.92","9.0","6.86","2.5","62.56","106.34","0.0","10.18","51.43"
"Indbull.RealEst.","Construction","413.8","-1038.35","21.02","-302.28","-80.56","5847.4","306.57","-13.07","148.1"
"Indegene","Miscellaneous","2589.6","336.7","673.0","94.8","6.45","2545.6","489.6","26.87","557.5"
"Indergiri Fin.","Finance & Investments","0.79","-0.65","0.27","0.07","68.75","8.36","1.61","-13.95","52.96"
"India Cem. Cap.","Finance & Investments","6.84","1.51","1.52","0.14","23.58","67.01","44.32","8.87","21.6"
"India Cements","Cement - South India","5112.24","-226.7","1266.65","-60.73","-14.75","10700.63","2618.24","-4.72","287.6"
"India Finsec","Finance & Investments","63.69","12.17","16.7","3.31","22.61","303.55","183.2","18.85","130.25"
"India Gelatine","Chemicals","205.84","28.39","51.21","5.02","-9.44","184.41","8.01","19.55","393.25"
"India Glycols","Breweries & Distilleries","3293.97","172.99","926.14","42.21","49.54","5616.8","1348.23","8.75","935.95"
"India Grid Trust","Power Generation And Supply","2965.57","296.48","813.54","58.48","31.7","20212.38","14504.96","5.76","136.14"
"India Home Loans","Finance - Housing","12.02","-3.44","2.33","-2.11","-58.47","104.0","56.86","-8.02","31.6"
"India Infr Trust","Construction","2744.02","546.08","1378.37","133.07","0","14918.93","6468.03","17.88","92.0"
"India Lease Dev.","Finance & Investments","0.56","-0.15","0.14","-0.1","-6.67","11.33","0.0","-1.35","10.1"
"India Motor Part","Auto Ancillaries","724.77","72.52","175.08","19.33","5.33","2303.4","0.0","4.23","1089.5"
"India Nipp.Elec.","Auto Ancillaries","724.08","59.3","195.68","20.42","23.87","837.03","2.94","10.02","819.0"
"India Pesticides","Pesticides / Agrochemicals - Indian","680.62","61.2","126.53","1.03","-36.15","996.06","19.79","7.64","235.05"
"India Power Corp","Power Generation And Supply","649.7","17.18","162.26","7.56","1.36","2058.91","212.8","1.7","18.05"
"INDIA SHELTE FIN","Finance - Housing","828.7","246.87","234.49","77.75","38.37","5829.64","3415.1","13.96","742.75"
"India Steel","Steel - Medium / Small","0.82","-11.62","0.0","6.15","-100.0","402.34","93.05","-39.51","4.41"
"Indiabulls Enter","Miscellaneous","55.53","-25.24","13.44","-18.36","-17.14","525.94","251.35","-10.51","12.24"
"Indiabulls Hous.","Finance - Housing","8474.87","1214.39","2204.61","319.43","6.23","73066.4","48493.42","6.55","168.9"
"Indiamart Inter.","Miscellaneous","1196.78","333.95","314.7","99.6","17.08","3448.59","40.67","17.65","2681.1"
"Indian","Chemicals","66.68","8.82","0","0","0","34.32","20.31","88.73","411.0"
"Indian Acrylics","Textiles - Manmade","546.16","-54.05","106.34","-12.34","-53.19","398.25","186.83","-81.35","12.99"
"Indian Bank","Banks - Public Sector","55649.73","8422.52","14633.41","2296.47","19.41","795708.82","711095.95","15.35","545.8"
"Indian Bright St","Steel - Medium / Small","0.0","-1.21","0.0","-0.02","0","42.93","0.0","-6.01","174.4"
"Indian CardCloth","Textile Machinery","55.46","7.97","12.27","1.46","-18.25","292.08","24.97","3.31","275.35"
"Indian Energy Ex","Miscellaneous","449.15","341.44","121.28","95.1","13.31","1749.15","10.36","39.41","187.75"
"Indian Hotels Co","Hotels","6768.75","1330.24","1905.34","438.33","17.22","14733.42","2736.23","14.26","617.3"
"Indian Hume Pipe","Construction","1388.63","77.63","404.28","43.67","-10.99","2080.98","510.54","10.18","407.2"
"Indian Infotech","Finance & Investments","21.05","1.72","4.69","-9.06","-88.32","273.16","0.0","0.69","1.45"
"Indian Link Ch.","Trading","0.0","0.09","0.0","0.07","0","3.61","0.0","2.83","200.0"
"Indian Metals","Mining / Minerals / Metals","2780.17","372.39","700.56","63.57","10.0","2831.82","184.28","18.65","750.0"
"Indian Renewable","Finance - Term-Lending Institutions","4965.23","1252.23","1391.25","337.38","34.29","62600.43","49686.86","17.29","197.3"
"Indian Sucrose","Sugar","528.62","32.75","260.87","32.1","37.87","589.63","208.78","16.53","117.2"
"Indian Terrain","Textiles - Products","456.01","-14.93","114.16","0.03","-9.35","522.46","143.33","-7.31","76.8"
"Indian Toners","Dyes And Pigments","156.75","26.14","42.79","8.62","-0.51","233.19","0.0","13.14","309.7"
"Indian Wood Prod","Miscellaneous","191.74","3.66","48.58","1.4","10.03","533.22","77.74","1.03","29.59"
"IndiaNivesh","Finance & Investments","6.13","2.53","0.52","-2.28","271.43","92.06","123.08","0","12.52"
"Indifra Ltd","Diversified - Medium / Small","9.86","-1.19","9.41","-0.01","0","18.44","0.0","-70.0","34.65"
"Indigo Paints","Paints / Varnishes","1254.86","148.65","366.14","53.52","12.5","1221.95","16.84","17.58","1387.25"
"Inditrade Cap.","Finance & Investments","167.24","3.13","41.06","1.38","19.99","404.32","149.52","1.66","19.88"
"Indl. Inv. Trust","Finance & Investments","36.47","71.23","17.73","26.65","9750.0","436.29","0.0","11.72","175.0"
"Indl.& Prud.Inv.","Finance & Investments","6.05","49.46","0.58","12.12","-10.77","801.55","0.0","7.12","6798.0"
"Indo Amines","Chemicals","943.64","42.81","253.24","9.12","7.96","633.47","216.98","17.52","140.4"
"Indo Borax & Ch.","Chemicals","191.3","38.98","45.46","11.44","-18.73","311.26","0.03","14.21","175.75"
"Indo Cotspin","Textiles - Cotton/Blended","16.62","0.07","5.09","-0.02","-19.46","7.97","0.05","1.03","63.0"
"Indo Count Inds.","Textiles - Cotton/Blended","3557.07","337.93","1093.26","91.94","35.46","3568.6","955.93","17.41","440.0"
"Indo Credit Cap.","Finance & Investments","0.06","-0.05","0.06","0.1","50.0","9.87","0.0","-0.85","1.95"
"Indo Euro Indch.","Trading","10.82","0.04","7.41","0.02","166.55","16.32","0.0","0.38","14.65"
"Indo National","Dry Cells","640.6","14.64","168.93","9.08","17.98","599.31","140.06","4.11","591.65"
"Indo Rama Synth.","Textiles - Manmade","3873.26","-203.44","904.14","-40.48","2.74","2906.9","1319.26","-43.25","45.43"
"Indo Tech.Trans.","Electric Equipment","503.61","46.86","175.11","25.57","21.04","382.09","5.0","24.15","1683.2"
"Indo Thai Sec.","Finance & Investments","31.28","15.31","6.59","2.46","203.69","121.52","6.18","23.28","279.75"
"Indo US Bio-Tech","Miscellaneous","72.84","8.25","15.77","0.52","-12.92","84.46","14.32","14.07","210.0"
"Indo-City Info.","Finance & Investments","20.71","0.39","2.63","-0.21","-50.84","12.75","0.0","7.31","14.43"
"Indoco Remedies","Pharmaceuticals - Indian - Bulk Drugs & Formln","1817.29","97.01","449.64","22.03","5.02","2144.73","671.96","8.3","328.75"
"Indokem","Dyes And Pigments","164.8","-6.23","40.04","-1.05","-1.65","127.67","22.39","-10.31","91.0"
"Indong Tea Co","Tea","21.32","-1.36","8.48","-3.38","0","65.97","10.35","-2.63","25.46"
"Indostar Capital","Finance & Investments","1392.98","115.84","474.37","35.26","66.35","11120.7","7571.65","3.65","251.1"
"Indowind Energy","Power Generation And Supply","39.71","7.27","4.44","0.63","-1.55","312.37","55.19","3.5","27.71"
"Indra Industries","Fertilizers","0.45","0.17","0.12","-0.22","-83.1","3.15","2.96","0","18.97"
"Indrapr.Medical","Healthcare","1244.7","123.96","314.73","31.17","14.84","723.24","33.95","28.92","239.0"
"Indraprastha Gas","Miscellaneous","14000.02","1748.08","3596.79","382.8","-2.31","13120.57","81.17","22.36","517.55"
"Indrayani Biotec","Hotels","166.23","10.42","44.38","4.73","-9.89","235.03","112.52","11.41","62.71"
"Indsil Hydro","Mining / Minerals / Metals","116.61","-9.96","30.11","-1.13","-48.78","232.6","94.74","-8.81","59.5"
"Inducto Steel","Miscellaneous","104.05","0.16","20.73","-0.17","40.83","47.36","3.48","0.37","61.01"
"Indus Finance","Finance & Investments","3.99","0.75","1.77","0.22","1461.54","38.93","14.01","3.49","23.5"
"Indus Towers","Transmisson Line Towers / Equipment","28600.6","6036.2","7193.2","1853.1","6.52","55867.6","20531.0","25.07","381.9"
"IndusInd Bank","Banks - Private Sector","45748.21","8949.78","12198.53","2346.84","21.73","457804.05","385449.37","16.39","1456.55"
"Infibeam Avenues","Computers - Software - Medium / Small","3171.09","155.95","726.85","49.24","11.37","5216.07","83.39","4.71","30.82"
"Infinium Pharma","Pharmaceuticals - Indian - Bulk Drugs","135.66","11.5","74.18","5.22","0","85.45","0.0","50.09","220.0"
"Inflame Applian.","Domestic Appliances","92.44","1.05","49.45","1.04","0","104.22","38.26","2.54","453.3"
"Info Edg.(India)","Miscellaneous","2536.34","594.56","657.42","87.96","8.7","36090.82","246.39","2.96","6900.0"
"InfoBeans Tech.","Computers - Software - Medium / Small","368.52","22.47","96.94","9.24","5.43","404.99","24.49","7.92","452.4"
"Infollion Resea.","Miscellaneous","51.75","8.57","26.64","4.34","0","46.79","0.0","67.85","236.5"
"Infomedia Press","Printing & Stationery","0.0","-3.87","0.0","-0.93","0","9.59","36.81","0","7.68"
"Informed Techn.","Computers - Software - Medium / Small","2.4","2.77","0.75","0.56","25.0","20.59","0.14","15.73","81.1"
"Infosys","Computers - Software - Large","153670.0","26248.0","37923.0","7975.0","1.29","136020.0","8359.0","31.83","1573.85"
"Infronics Sys.","Computers - Software - Medium / Small","4.34","2.52","1.3","0.82","23.81","4.26","1.08","261.14","53.99"
"Ingersoll-Rand","Compressors / Drilling Equipment","1213.69","222.39","303.64","63.87","-0.25","852.08","6.08","38.4","4592.0"
"Inland Printers","Printing & Stationery","0.0","-0.48","0.0","-0.27","0","3.07","1.01","-22.12","128.5"
"Innocorp","Plastics Products","0.0","-0.26","0.0","-0.04","-100.0","3.26","0.0","-9.22","5.5"
"Innokaiz India","Miscellaneous","77.63","2.1","20.16","-0.37","0","83.75","18.69","0","46.52"
"Innova Captab","Pharmaceuticals - Indian - Bulk Drugs & Formln","1081.31","94.35","262.63","28.72","9.0","1320.88","245.1","17.04","505.85"
"Innovana Think.","Computers - Software - Medium / Small","100.81","41.26","21.74","8.84","-16.99","208.65","22.62","30.06","516.0"
"Innovassynth Inv","Finance & Investments","0.0","-0.84","0.0","9.31","0","41.22","3.59","-2.3","29.0"
"Innovative Ideal","Trading","0.25","-2.46","0.04","-1.91","0","28.92","19.63","-43.16","25.5"
"Innovative Tech","Plastics Products","142.37","1.79","34.82","0.16","-10.88","100.12","30.44","5.15","30.63"
"Innovators","Construction","215.11","15.26","114.76","10.21","0","271.05","43.16","11.71","211.25"
"Innovatus Enter.","Miscellaneous","19.93","0.64","11.21","0.27","0","19.25","0.0","13.25","47.7"
"Inox Green","Engineering - Turnkey Services","224.26","27.67","52.43","20.6","-7.69","2082.52","173.8","2.41","175.0"
"Inox India","Packaging","1131.17","196.0","276.12","44.08","17.35","1198.86","16.14","32.71","1347.5"
"Inox Wind","Electric Equipment","1743.24","-52.92","527.73","36.72","176.66","6794.8","3248.47","-1.71","140.5"
"Inox Wind Energy","Power Generation And Supply","1746.3","-91.25","528.49","37.93","183.84","6889.38","2078.5","-4.6","6949.0"
"Insecticid.India","Pesticides / Agrochemicals - Indian","1966.39","102.63","272.5","8.08","-9.74","1709.76","87.31","10.65","682.15"
"Insolation Ener","Electric Equipment","737.17","55.47","458.77","40.44","0","262.78","96.02","104.9","3365.0"
"Inspire","Entertainment / Electronic Media Software","30.37","2.57","9.08","1.13","0","46.08","6.65","19.6","30.55"
"Inspirisys Sol.","Computers - Software - Medium / Small","490.49","3.67","98.65","3.74","-2.25","270.17","87.88","147.8","118.9"
"Intec Capital","Finance & Investments","3.74","-5.65","0.99","1.5","-76.54","95.17","55.63","-15.22","16.49"
"Integ. Capital","Miscellaneous","0.53","-0.03","0.23","0.01","-54.0","12.64","2.13","-0.33","3.97"
"Integ. Hitech","Computers - Software - Medium / Small","0.02","-7.69","0.0","-0.13","-100.0","3.53","0.87","-119.41","6.79"
"Integ. Industrie","Trading","331.26","24.89","139.27","13.23","348075.0","278.11","0.12","33.01","215.8"
"Integ. Proteins","Solvent Extraction","0.24","0.09","0.24","0.02","41.18","2.74","0.04","3.51","15.83"
"Integra Capital","Finance & Investments","1.25","0.96","0.26","0.14","36.84","4.81","0.0","22.27","18.2"
"Integra Engg.","Engineering","146.82","14.52","33.38","2.7","-6.58","125.52","24.69","20.89","269.0"
"Integra Essentia","Trading","277.27","15.28","93.31","5.92","38.71","201.66","7.38","15.87","4.07"
"Integra Switch","Electric Equipment","0.0","-0.22","0.0","0.0","0","2.24","0.0","-7.33","168.7"
"Integra Tele.","Computers - Software - Medium / Small","0.25","0.02","0.0","-0.02","-100.0","11.88","0.61","2.25","6.86"
"Integrated Perso","Miscellaneous","245.59","5.37","134.81","2.95","0","83.53","31.14","16.57","146.0"
"Intellect Design","Computers - Software - Medium / Small","2506.44","322.71","613.67","73.35","-0.3","3378.2","44.3","14.66","1113.65"
"Intense Tech.","Computers - Software - Medium / Small","114.49","15.64","31.14","3.0","-6.6","152.24","0.16","13.07","147.65"
"Inter Globe Fin","Finance & Investments","224.78","8.44","84.97","6.87","1126.12","122.49","3.84","9.06","83.78"
"Inter State Oil","Miscellaneous","84.74","0.86","25.26","-0.22","69.64","44.29","19.23","4.85","38.09"
"Interactive Fin","Finance & Investments","3.07","0.61","0.73","-0.37","630.0","13.38","0.0","5.78","24.39"
"Interglobe Aviat","Transport - Airlines","68904.34","8167.49","17825.27","1893.89","25.88","82068.82","51280.02","0","4245.8"
"Interiors","Miscellaneous","32.25","8.01","26.47","6.32","0","63.23","1.37","81.73","264.0"
"Interworld Digi.","Computers - Software - Medium / Small","0.06","-0.2","0.01","-0.06","0.0","88.24","1.4","-0.24","0.55"
"Intl. Combustion","Engineering","296.78","19.95","81.27","3.7","25.59","223.37","31.15","17.97","1561.4"
"Intl. Conveyors","Miscellaneous","133.93","62.39","25.96","6.07","-46.84","439.24","124.7","25.57","83.59"
"Intl. Data Mgt.","Computers - Software - Medium / Small","0.0","-0.17","0.0","-0.07","0","0.11","4.2","0","25.5"
"Intl. Travel Hse","Travel Agencies","217.33","22.5","58.66","6.13","16.41","204.59","1.44","16.94","614.45"
"Intrasoft Tech.","Miscellaneous","485.47","9.8","121.5","2.36","2.96","392.49","139.4","5.03","127.5"
"Inv.& Prec.Cast.","Castings & Forgings","170.96","7.79","39.76","0.7","-10.59","201.57","74.24","9.5","575.0"
"Inventure Grow.","Finance & Investments","59.44","12.01","21.81","7.0","80.7","327.0","23.8","6.66","3.01"
"Invigorated Bus.","Finance & Investments","0.22","-0.2","0.0","-0.07","0","4.11","9.63","0","6.54"
"IOL Chemicals","Pharmaceuticals - Indian - Bulk Drugs & Formln","2132.79","135.42","503.92","28.19","-14.18","2243.97","32.76","8.69","407.8"
"ION Exchange","Engineering","2347.85","195.36","781.81","72.45","20.75","2449.39","152.42","21.1","655.7"
"IP Rings","Auto Ancillaries","316.72","-3.23","88.82","0.91","16.38","307.04","86.11","-2.98","195.2"
"Ipca Labs.","Pharmaceuticals - Indian - Bulk Drugs & Formln","7705.04","522.92","2033.01","1.33","34.49","11101.28","1438.36","9.7","1143.35"
"IRB Infra. Trust","Construction","3968.86","-665.02","2431.21","-392.89","99.11","40203.68","21531.52","-6.28","220.22"
"IRB Infra.Devl.","Construction","7409.0","605.82","2061.24","188.88","27.24","44920.31","18653.39","4.47","65.29"
"IRB InvIT Fund","Construction","1062.08","373.09","543.69","184.0","1.12","12573.93","3048.64","9.42","65.49"
"Ircon Intl.","Construction","12330.91","929.51","3742.71","246.66","-1.0","17444.95","2570.4","16.77","270.5"
"IRIS Business","Computers - Software - Medium / Small","102.3","8.78","30.35","4.73","47.62","76.9","6.47","23.97","209.0"
"Iris Clothings","Textiles - Products","121.92","12.21","42.12","3.49","12.05","133.24","44.2","19.36","69.03"
"IRM Energy","Miscellaneous","890.52","85.67","214.25","8.98","-11.89","1296.62","229.43","13.63","465.55"
"Ironwood Educa","Miscellaneous","4.07","-6.03","1.47","-5.75","182.69","18.29","9.73","-17.29","23.56"
"ISF","Finance & Investments","2.02","-0.74","0.35","-0.88","25.0","18.49","4.93","-5.36","2.13"
"ISGEC Heavy","Engineering - Turnkey Services","6219.34","254.87","1867.96","72.06","-8.56","7835.17","814.38","10.1","1237.7"
"Ishaan Infrastru","Construction","0.0","-0.09","0.0","-0.02","0","7.33","0.13","-1.33","8.34"
"Ishan Dyes & Ch.","Dyes And Pigments","76.67","0.12","26.56","3.68","86.26","179.26","59.44","0.15","57.81"
"Ishan Internat.","Engineering","31.35","0.99","9.01","0.02","0","33.13","5.29","3.33","2.85"
"Ishita Drugs","Pharmaceuticals - Indian - Bulk Drugs","15.19","0.75","4.5","0.28","71.1","10.81","0.0","7.86","66.3"
"ISL Consulting","Finance & Investments","24.21","3.1","14.06","-1.47","356.49","15.53","0.0","23.5","29.0"
"ISMT","Steel - Medium / Small","2644.37","173.51","596.11","19.41","-8.35","2180.43","163.54","12.08","131.65"
"IST","Auto Ancillaries","109.66","126.02","28.95","24.62","-21.9","1385.45","4.81","10.41","958.95"
"iStreet Network","Trading","0.0","-0.13","0.0","-0.03","0","0.22","1.8","0","4.01"
"Italian","Food - Processing - Indian","73.62","3.09","37.52","1.26","0","70.4","17.19","31.45","33.3"
"ITC","Cigarettes","70881.0","20751.36","17922.7","5190.71","1.63","91826.16","303.43","28.49","425.6"
"ITCONS E-Soluti.","Miscellaneous","28.5","1.91","15.72","1.14","0","19.24","1.76","15.71","142.9"
"ITD Cem","Construction","7717.87","274.18","2257.72","89.55","38.39","5917.26","870.58","20.04","545.95"
"ITI","Telecommunications - Equipment","1263.63","-569.06","601.28","-238.94","-22.44","9563.18","1796.06","-27.83","308.9"
"ITL Industries","Engineering","157.79","9.35","48.19","3.37","17.85","118.02","15.7","13.66","463.95"
"IVP","Chemicals","546.1","12.28","142.23","4.74","-18.93","330.93","89.32","9.89","193.55"
"Iykot Hitech","Engineering","1.33","-1.99","0.07","-0.78","-58.82","3.79","1.79","-90.66","16.5"
"IZMO","Computers - Software - Medium / Small","186.75","26.05","50.29","9.04","15.19","363.68","4.41","8.99","343.4"
"J & K Bank","Banks - Private Sector","11213.2","1771.22","2910.35","633.44","15.84","145912.59","124919.49","17.9","115.75"
"J A Finance","Finance & Investments","3.06","1.01","0.68","0.34","54.55","27.18","7.09","5.21","28.2"
"J B Chemicals &","Pharmaceuticals - Indian - Bulk Drugs & Formln","3484.18","552.63","861.73","126.16","13.04","3994.13","368.02","20.45","1798.9"
"J D Orgochem","Trading","211.78","12.29","55.79","3.37","11.89","196.2","49.13","11.53","17.64"
"J J Finance Corp","Finance & Investments","0.76","0.37","0.3","0.19","500.0","9.66","0.0","4.0","21.78"
"J K Cements","Cement - North India","11556.0","789.93","3105.77","219.68","11.8","14802.1","5549.43","15.94","4443.65"
"J Kumar Infra","Construction","4879.2","328.59","1424.97","99.68","25.64","4707.93","592.59","13.19","897.55"
"J Taparia Proj","Miscellaneous","3.31","-6.33","3.16","-0.17","3850.0","12.16","0.0","-31.91","28.32"
"J.G.Chemicals","Chemicals","667.69","32.11","181.36","13.6","-6.64","448.98","13.78","10.61","238.15"
"Jackson Invest","Finance & Investments","0.6","-0.12","0.16","-0.13","14.29","32.35","0.0","-0.37","0.96"
"Jagan Lamps","Auto Ancillaries","51.17","2.94","14.12","1.14","-0.21","42.37","5.47","10.2","98.12"
"Jagatjit Inds.","Breweries & Distilleries","557.45","7.59","130.15","1.96","-0.54","614.92","270.97","11.07","221.35"
"Jagjanani Text.","Textiles - Cotton/Blended","0.0","3.84","0.0","-0.03","0","0.23","0.13","0","12.32"
"Jagran Prakashan","Entertainment / Electronic Media Software","1933.91","164.92","509.64","6.02","10.94","2850.87","246.83","8.97","91.26"
"Jagsonpal Fin.","Finance & Investments","0.5","0.36","0.5","0.48","2400.0","1.29","0.0","45.57","9.75"
"Jagsonpal Pharma","Pharmaceuticals - Indian - Bulk Drugs & Formln","208.7","22.46","43.49","3.55","-21.57","217.08","8.94","12.97","339.0"
"Jai Balaji Inds.","Steel - Large","6413.78","879.56","1845.6","272.98","7.05","3354.49","472.53","85.39","882.9"
"Jai Corp","Plastics Products","463.06","52.48","122.74","23.47","-1.64","1553.44","0.0","3.94","386.15"
"Jai Mata Glass","Trading","0.45","0.02","0.11","0.06","120.0","3.24","0.06","0.67","1.78"
"Jaihind Synth","Textiles - Processing","0.2","0.02","0.13","0.08","160.0","16.84","0.94","0.13","27.54"
"Jain Irrigat-DVR","Plastics Products","0","0","1092.49","20.42","7.78","0","0","0","42.1"
"Jain Irrigation","Plastics Products","6147.3","42.8","1726.57","-10.68","-1.08","11197.67","4040.37","1.72","76.0"
"Jain Marmo Inds","Miscellaneous","1.58","0.07","1.04","0.35","52.94","6.94","1.48","1.78","23.0"
"Jainam Ferro","Mining / Minerals / Metals","189.9","5.33","90.63","-0.01","0","141.66","9.9","0","145.0"
"Jainco Projects","Construction","0.22","0.0","0.14","0.06","-33.33","18.98","4.93","0.0","6.61"
"Jainex Aamcol","Auto Ancillaries","20.94","0.52","6.12","0.31","18.38","16.14","4.19","7.81","147.4"
"Jaipan Industrie","Trading","22.52","-11.35","7.32","-10.36","-12.65","18.64","5.54","-115.64","36.31"
"Jalan Transol.","Miscellaneous","5.37","-15.62","2.44","-15.75","0","8.52","40.09","0","3.7"
"James Warren Tea","Tea","116.8","1.88","5.16","-8.15","-44.75","113.64","0.0","1.99","217.8"
"Jamna Auto Inds.","Auto Ancillaries","2426.77","205.41","640.15","54.77","0.99","1349.89","169.8","24.35","124.0"
"Jamshri Realty","Construction","5.39","-3.4","1.6","-0.33","58.42","49.1","47.33","0","11116.0"
"Jana Small Finan","Banks - Private Sector","4013.05","669.54","1111.08","321.68","30.94","32709.79","27782.71","26.23","693.75"
"Janus Corporatio","Construction","38.9","0.37","29.86","0.2","0","20.66","0.0","2.49","6.27"
"Jasch Gauging","Electronics - Components","29.71","8.8","17.23","4.94","0","90.39","0.12","22.72","835.0"
"Jasch Industries","Plastics Products","171.58","16.19","39.53","0.77","-27.51","85.57","12.83","10.77","160.05"
"Jash Engineering","Engineering","515.67","66.77","217.17","38.95","28.62","604.26","80.07","22.64","2141.65"
"Jattashankar Ind","Textiles - Processing","16.31","3.82","3.94","3.29","41.73","20.88","0.0","4.29","28.11"
"Jauss Polymers","Plastics Products","0.0","-0.56","0.0","-0.19","0","8.75","0.1","-6.56","8.95"
"Jay Bharat Maru.","Auto Ancillaries","2292.11","31.36","598.1","11.12","-11.18","1553.45","440.17","6.01","109.5"
"Jay Jalaram Tech","Trading","538.72","4.86","322.66","4.21","0","146.61","46.08","21.04","607.95"
"Jay Kailash","Food - Processing - Indian","11.52","0.7","7.67","0.6","0","16.4","8.4","19.5","66.23"
"Jay Shree Tea","Tea","761.02","12.99","138.93","-15.03","-5.36","1044.0","323.49","-4.33","116.65"
"Jay Ushin","Auto Ancillaries","726.25","14.29","185.81","3.47","7.03","363.3","147.79","13.89","712.7"
"Jayabharat Cred.","Finance & Investments","0.0","-1.06","0.0","-0.42","0","0.05","59.09","0","11.95"
"Jayant Agro Org.","Chemicals","2150.04","55.51","626.05","17.88","3.2","872.98","157.93","10.05","318.7"
"Jayant Infratech","Engineering - Turnkey Services","89.3","4.87","57.77","2.51","0","62.77","9.06","18.65","154.5"
"Jayaswal Neco","Steel - Large","5933.55","209.98","1411.43","2.03","-3.94","6100.48","3214.06","10.35","48.74"
"Jayatma Industri","Trading","27.58","0.07","0.31","0.02","-98.71","27.37","13.43","0.57","10.21"
"Jaykay Enter.","Miscellaneous","52.66","9.59","30.03","4.89","190.43","298.66","63.11","5.45","155.05"
"Jayshree Chem.","Trading","12.82","-3.51","3.39","-3.46","21.94","17.74","0.56","-16.65","9.26"
"JBM Auto","Auto Ancillaries","5009.35","193.73","1485.95","62.5","47.12","4864.8","2126.84","16.28","2059.0"
"JCT","Textiles - Composite","556.55","-122.85","113.27","-40.03","-42.09","807.63","197.82","-29.99","2.33"
"Jeena Sikho","Pharmaceuticals - Indian - Formulations","324.41","69.21","167.05","37.38","0","220.53","0.54","55.02","1070.0"
"Jeevan Scienti.","Miscellaneous","39.65","-1.33","11.07","-0.73","39.6","67.87","13.41","-2.69","51.55"
"Jenburkt Pharma","Pharmaceuticals - Indian - Formulations","141.97","25.98","38.84","7.88","10.34","165.1","0.0","19.44","873.6"
"Jet Airways","Transport - Airlines","74.76","-662.61","37.57","-50.65","199.84","5632.02","3561.21","0","42.5"
"Jet Freight","Transport - Airlines","401.25","0.17","98.31","2.67","2.46","170.48","55.89","-0.75","13.67"
"Jet Infraventure","Construction","0.35","0.06","0.19","0.04","0","7.23","0.44","1.07","19.95"
"Jet Knitwears","Textiles - Products","32.75","0.55","15.44","0.06","0","39.21","12.56","2.51","120.25"
"Jetking Infotrai","Computers - Education","18.92","-0.5","4.35","0.45","-9.0","46.73","1.48","-1.26","57.9"
"Jetmall Spices","Trading","1.31","0.04","0.75","0.03","0","9.95","0.0","0.41","13.2"
"JFL Life","Pharmaceuticals - Indian - Formulations","46.55","3.31","27.3","2.31","0","56.64","5.69","10.26","42.9"
"Jhandewala Foods","Food - Processing - Indian","26.47","24.22","16.14","22.66","-66.88","21.84","14.87","0","129.95"
"Jhaveri Credits","Finance & Investments","26.2","1.61","4.91","0.35","-56.63","87.66","0.93","3.44","355.1"
"JHS Sven.Lab.","Personal Care - Indian","70.8","-4.06","21.66","-0.75","-0.28","197.05","5.13","-2.37","21.0"
"JHS Svend.Retail","Trading","1.87","-1.54","6.35","-0.02","0","8.32","1.25","0","43.73"
"Jigar Cables","Cables - Power","42.64","1.04","26.22","0.68","0","25.38","4.89","6.64","50.1"
"Jindal Capital","Finance & Investments","2.91","0.89","0.59","-0.06","-45.87","15.13","4.5","9.44","36.33"
"Jindal Drilling","Oil Drilling / Allied Services","617.01","51.15","197.92","-15.0","91.65","2087.53","294.1","3.83","631.5"
"Jindal Hotels","Hotels","43.17","2.4","12.78","2.38","17.03","81.95","53.73","11.96","127.95"
"Jindal Leasefin","Finance & Investments","0.01","-0.16","0.01","-0.09","0.0","9.38","0.46","-1.97","48.99"
"Jindal Photo","Finance & Investments","20.3","265.55","18.98","96.15","143.96","2334.55","54.53","12.49","877.2"
"Jindal Poly Film","Textiles - Products","3925.57","71.5","1076.56","-18.88","32.98","10821.98","4468.48","1.69","696.6"
"Jindal Poly Inve","Finance & Investments","36.05","295.57","13.78","98.49","-98.48","2720.91","26.96","11.8","895.2"
"Jindal Saw","Steel - Large","20957.69","1592.87","5425.16","480.37","4.57","20678.71","5727.04","17.73","546.55"
"Jindal Stain.","Steel - Large","38562.47","2693.48","9454.02","500.65","-3.19","30817.25","6052.26","19.93","815.35"
"Jindal Steel","Steel - Sponge Iron","50026.76","5943.32","13486.96","933.46","-1.5","78715.18","16472.14","14.31","1050.5"
"Jindal Worldwide","Textiles - Products","1814.09","75.65","573.79","28.17","4.43","1740.66","883.09","11.05","344.7"
"Jio Financial","Finance & Investments","1853.88","1604.55","418.1","310.63","0","144862.99","0.0","1.27","354.35"
"JITF Infra Logis","Miscellaneous","3283.56","90.83","875.27","40.95","37.91","4265.38","3122.12","0","855.8"
"Jiwanram Sheo","Textiles - Products","43.05","1.75","25.46","1.06","0","126.36","47.16","3.64","14.8"
"JK Agri Genetics","Miscellaneous","148.1","-20.82","35.75","-8.74","-22.54","305.15","32.16","-17.3","448.9"
"JK Lakshmi Cem.","Cement - North India","6788.47","487.87","1780.85","162.06","-4.36","7650.04","2084.02","15.56","890.6"
"JK Paper","Paper","6659.23","1133.2","1718.61","278.6","-0.05","9327.79","2204.2","24.64","545.15"
"JK Tyre & Indust","Tyres","15001.78","805.94","3698.45","171.66","1.82","14094.49","4609.48","20.4","442.2"
"JLA Infraville","Trading","0.0","0.11","0.0","0.06","0","8.05","0.0","1.62","5.21"
"JM Financial","Finance & Investments","4760.72","30.75","1260.7","-674.1","49.09","29763.6","16227.73","0.8","88.7"
"JMD Ventures","Finance & Investments","6.25","2.09","-0.1","-0.93","-158.82","39.0","0.0","5.89","13.48"
"JMJ Fintech","Finance & Investments","7.46","2.14","3.07","0.46","293.59","27.45","0.31","15.16","20.49"
"JNK","Engineering","480.24","62.65","226.85","16.65","111.22","527.78","65.55","39.46","829.25"
"Jocil","Chemicals","753.2","1.73","182.32","1.69","-8.89","278.7","5.65","0.83","205.5"
"John Cockerill","Engineering","813.68","25.26","147.06","3.62","-23.64","827.67","1.43","10.73","5950.0"
"Johnson Con. Hit","Air-conditioners","1918.7","-75.71","771.81","48.81","40.94","1657.22","48.08","-7.97","2035.1"
"Johnson Pharma","Trading","0.0","-0.2","0.0","0.0","0","59.83","1.95","-0.35","1.0"
"Joindre Capital","Finance & Investments","41.51","0.49","13.41","-4.09","99.26","173.81","14.79","2.11","51.0"
"Jointeca Educati","Computers - Software - Medium / Small","0.1","-1.02","0.06","-0.63","0","8.81","1.13","-13.01","13.24"
"Jonjua Overseas","Computers - Software - Medium / Small","3.95","1.21","2.96","0.57","0","14.45","0.09","9.41","11.55"
"Josts Engg. Co.","Engineering","187.44","9.9","61.84","3.19","12.68","124.6","17.06","20.56","981.55"
"JP Associates","Construction","6568.09","-1338.98","1740.93","-431.28","-8.74","36140.62","15411.68","0","10.35"
"JP Power Ven.","Power Generation And Supply","6762.78","1021.95","1514.83","588.79","9.78","17303.27","4246.04","12.77","19.91"
"JPT Securities","Finance & Investments","0.42","-0.76","0.1","-0.66","0.0","7.2","0.56","-19.44","8.28"
"JSL Industries","Electric Equipment","51.35","6.16","12.65","1.65","-6.92","55.58","3.34","16.9","2146.0"
"JSW Energy","Power Generation And Supply","11485.91","1724.65","2755.87","345.27","3.22","57766.85","31572.97","8.4","746.5"
"JSW Holdings","Finance & Investments","169.56","155.56","26.99","33.29","10.39","29250.95","0.0","0.69","7331.55"
"JSW Infrast","Miscellaneous","3762.89","1160.69","1096.38","329.08","19.78","13827.56","4758.47","19.23","347.65"
"JSW Steel","Steel - Large","175006.0","8973.0","46269.0","1322.0","-1.48","228198.0","87984.0","11.75","943.2"
"JTEKT India","Auto Ancillaries","2245.49","106.86","632.08","34.3","19.22","1274.76","115.4","13.55","214.5"
"JTL Industries","Steel - Medium / Small","2040.23","112.56","465.94","29.1","-1.1","842.95","20.01","19.06","220.0"
"Jubilant Food.","Hotels","5654.09","400.07","1572.8","208.25","23.86","8125.7","4197.35","12.43","571.05"
"Jubilant Inds.","Chemicals","1253.26","28.14","300.32","22.01","-12.54","743.83","162.02","24.27","1653.1"
"Jubilant Ingrev.","Chemicals","4135.8","182.89","1074.44","29.25","-6.16","4731.89","740.25","6.77","522.1"
"Jubilant Pharmo","Pharmaceuticals - Indian - Bulk Drugs","6702.9","72.7","1758.6","-61.8","4.8","11548.5","3664.0","0.76","734.35"
"Julien Agro","Trading","21.35","0.05","15.89","0.02","959.33","42.5","0.0","0.12","28.5"
"Jullundur Motor","Auto Ancillaries","423.32","20.89","120.87","7.48","2.51","277.13","0.0","11.11","107.0"
"Jumbo Bag","Packaging","104.32","1.19","26.93","0.6","19.9","88.84","37.53","7.82","39.5"
"Juniper Hotels","Hotels","817.66","23.8","245.28","46.75","26.45","4277.45","1256.7","1.58","421.7"
"Jupiter Info.","Miscellaneous","4.8","9.01","2.74","2.82","53.07","34.3","0.03","27.1","36.32"
"Jupiter Life Lin","Healthcare","910.63","151.95","245.31","43.15","16.55","1360.6","0.0","17.77","1292.3"
"Jupiter Wagons","Engineering","3641.25","332.8","1112.93","104.22","56.38","2795.69","338.07","27.38","693.15"
"Just Dial","Miscellaneous","1042.91","362.93","270.27","115.74","16.23","4860.97","85.31","3.63","1029.15"
"Jyothi Infra.","Construction","0.0","-1.88","0.0","-1.88","0","0.01","2.54","0","25.21"
"Jyothy Labs","Personal Care - Indian","2756.93","369.3","659.99","78.15","6.98","2400.93","50.56","22.0","453.9"
"Jyoti","Electric Equipment","175.35","8.31","62.4","6.07","18.52","274.06","241.75","0","93.0"
"Jyoti CNC Auto.","Engineering","1338.47","150.86","450.13","99.64","0.98","2178.35","303.78","20.86","1331.5"
"Jyoti Resins","Chemicals","257.3","67.12","71.24","18.77","9.47","270.33","0.0","49.31","1429.9"
"Jyoti Structures","Transmisson Line Towers / Equipment","451.38","28.86","128.96","14.12","-17.24","2340.12","1916.34","0","28.25"
"Jyotirgamya Ent.","Trading","0.0","-0.01","0.0","-0.01","-100.0","3.84","0.0","-0.35","80.77"
"K C P","Cement - South India","2846.74","280.44","625.03","84.51","4.54","2828.65","480.13","14.34","243.55"
"K E C Intl.","Transmisson Line Towers / Equipment","19914.17","346.78","6164.83","151.75","11.58","19031.47","3985.03","8.82","889.05"
"K G Denim","Textiles - Cotton/Blended","264.46","-25.73","66.0","-7.9","-27.75","404.99","218.29","-81.29","26.31"
"K K Fincorp","Finance & Investments","0.17","0.06","0.04","0.0","-84.62","17.41","0.0","0.38","30.84"
"K P R Mill Ltd","Textiles - Products","6059.68","805.35","1696.72","213.61","-12.97","5863.99","1158.42","19.49","912.55"
"K Z Leasing","Finance & Investments","0.61","0.72","-0.01","-1.64","-133.33","32.37","7.25","6.69","32.0"
"K-Lifestyle","Textiles - Products","2.7","-56.75","0.92","-1.13","-65.54","194.89","326.26","0","0.33"
"K.P. Energy","Engineering - Turnkey Services","472.95","58.32","207.26","24.9","39.62","625.78","87.04","37.13","424.3"
"K&R Rail Engine.","Construction","663.4","17.73","145.52","1.04","0","241.14","0.0","0","462.0"
"K2 Infragen","Engineering - Turnkey Services","108.72","12.45","49.33","6.38","0","101.21","25.29","89.44","278.45"
"Kaarya Facilit.","Miscellaneous","29.18","-5.06","15.66","-2.31","0","17.37","6.91","-129.53","4.42"
"Kabra Drugs","Pharmaceuticals - Indian - Formulations","0.0","-0.74","0.0","-0.37","0","4.57","1.71","-422.86","7.91"
"Kabra Extrusion","Engineering","607.77","31.67","167.98","17.12","-5.61","714.25","85.56","7.59","413.55"
"Kabsons Industri","Trading","27.22","2.61","9.51","0.84","81.14","17.95","0.35","23.17","24.3"
"Kachchh Minerals","Mining / Minerals / Metals","2.61","0.62","0.0","-0.11","0","2.51","0.28","38.51","31.99"
"Kahan Packaging","Packaging","24.7","1.0","12.53","0.45","0","19.66","6.34","57.8","65.0"
"Kaira Can","Packaging","223.84","3.77","54.4","0.75","-6.98","116.24","0.0","4.42","1918.0"
"Kaiser Corporat.","Printing & Stationery","25.58","0.56","3.43","0.4","-73.29","37.22","12.29","4.5","10.09"
"Kaizen Agro","Trading","32.69","0.1","16.23","0.11","43.5","116.23","0.0","0.11","21.9"
"Kajaria Ceramics","Ceramics - Tiles / Sanitaryware","4578.42","432.16","1240.82","104.27","2.99","3542.91","238.94","17.08","1452.0"
"Kaka Industries","Plastics Products","170.22","13.0","82.64","6.5","0","108.45","44.65","66.29","204.0"
"Kakatiya Cement","Cement - South India","155.95","-1.34","30.86","1.42","-32.68","350.65","94.13","-0.59","229.25"
"Kakatiya Textile","Textiles - Cotton/Blended","0.79","-1.47","0.21","-0.45","-80.0","26.91","15.71","0","25.78"
"Kalahridhaan","Textiles - Products","194.17","8.05","109.9","3.22","0","132.46","67.08","44.43","39.5"
"Kallam Textiles","Textiles - Cotton/Blended","367.38","-37.45","61.94","-10.98","-44.68","511.23","316.64","-20.63","7.86"
"Kalpataru Proj.","Transmisson Line Towers / Equipment","19626.43","515.9","5971.0","169.0","22.31","22014.41","4008.2","10.37","1147.3"
"Kalyan Capitals","Finance & Investments","31.7","7.39","9.8","1.72","68.38","182.41","125.07","13.67","16.97"
"Kalyan Jewellers","Diamond Cutting / Jewellery","18548.29","596.29","4534.93","137.49","34.1","12817.74","4486.36","15.24","487.8"
"Kalyani Cast-Tec","Castings & Forgings","94.48","9.6","45.26","3.73","0","64.61","7.7","67.42","481.0"
"Kalyani Forge","Castings & Forgings","236.79","4.55","56.82","0.71","-10.63","204.75","60.91","4.85","555.0"
"Kalyani Invest.","Finance & Investments","71.45","57.19","22.61","22.94","306.65","8520.62","0.0","0.83","6453.55"
"Kalyani Steels","Steel - Medium / Small","1959.49","248.78","448.8","73.46","18.97","2257.52","339.52","0","990.8"
"Kama Holdings","Finance & Investments","13440.14","1538.74","3795.53","622.71","0.72","21358.93","5021.64","14.18","2991.0"
"Kamadgiri Fash.","Textiles - Processing","217.6","-1.41","55.12","2.3","-20.88","121.05","41.73","-4.02","75.48"
"Kamanwala Housin","Construction","2.8","-2.31","0.0","-2.11","-100.0","76.13","1.66","-3.27","16.85"
"Kamat Hotels","Hotels","304.35","44.85","84.51","2.13","4.98","617.76","265.1","11.67","226.75"
"Kamdhenu","Steel - Medium / Small","724.71","50.13","176.04","16.75","5.48","284.07","2.7","24.81","521.5"
"Kamdhenu Venture","Trading","291.71","13.85","85.15","4.2","20.27","270.54","20.59","11.55","41.2"
"Kanani Industrie","Diamond Cutting / Jewellery","222.81","0.62","53.29","0.03","-13.85","94.91","5.95","0.98","2.89"
"Kanchi Karpooram","Chemicals","145.64","-0.22","48.3","2.08","-0.9","204.58","0.49","-0.22","478.0"
"Kanco Tea","Tea","76.52","-8.84","3.23","-9.29","29.72","122.32","37.33","-12.33","70.0"
"Kandagiri Spinng","Trading","1.5","-1.77","1.5","-0.87","21.95","14.73","18.11","0","28.0"
"Kandarp Digi","Computers - Software - Medium / Small","16.51","1.01","9.61","0.7","0","25.6","4.82","5.98","29.6"
"Kanel Indust.","Trading","0.0","-0.27","0.0","-0.25","0","5.27","10.67","0","1.62"
"Kanishk Steel","Steel - Medium / Small","388.08","2.6","97.46","-3.5","-8.13","192.02","54.46","2.7","28.45"
"Kanoria Chem.","Chemicals","1476.72","-55.28","361.75","-15.69","-18.68","1490.38","509.02","-6.24","131.1"
"Kanoria Energy","Cement Products","347.78","7.86","76.89","0.07","-14.43","297.38","116.86","9.19","31.22"
"Kanpur Plastipa.","Packaging","497.41","0.81","152.83","3.26","38.68","476.42","224.11","0.45","105.15"
"Kansai Nerolac","Paints / Varnishes","7801.44","1175.86","1769.39","114.29","2.07","7409.72","276.42","12.79","273.5"
"Kanungo Financi.","Finance & Investments","0.0","0.26","0.0","0.14","0","18.62","12.54","4.41","5.23"
"Kapil Cotex","Textiles - Processing","0.0","1.54","0.0","0.49","0","11.53","0.0","21.51","144.0"
"Kapil Raj Financ","Finance & Investments","0.0","-0.02","0.0","-0.04","0","12.26","0.0","-0.31","22.8"
"Kapston Services","Miscellaneous","520.08","12.57","141.47","2.76","33.4","206.64","102.22","19.3","379.9"
"Karma Energy Ltd","Power Generation And Supply","12.35","0.12","1.03","-1.74","-10.43","50.04","1.08","0.31","57.24"
"Karnataka Bank","Banks - Private Sector","8298.5","1306.28","2200.56","274.24","11.74","99058.33","88930.73","15.9","224.15"
"Karnavati Financ","Finance & Investments","3.04","-1.67","0.89","-0.18","-11.88","28.73","15.55","-13.1","2.43"
"Karnika Industri","Textiles - Products","127.27","10.1","62.93","5.59","0","119.86","52.1","55.89","250.05"
"Kartik Invest.","Finance & Investments","0.04","-0.01","0.0","-0.02","0","5.3","0.0","-0.24","785.5"
"Karur Vysya Bank","Banks - Private Sector","8203.94","1604.81","2184.57","456.1","23.54","90179.42","78069.59","18.7","209.45"
"Kashyap TeleMed.","Computers - Software - Medium / Small","0.19","-0.03","0.04","-0.03","0.0","0.68","0.0","-4.58","2.43"
"Katare Spinning","Textiles - Cotton/Blended","4.0","-1.87","0.89","-1.71","-70.72","122.07","3.59","-1.58","225.85"
"Kaushalya","Trading","1465.95","9.1","587.29","4.79","0","171.11","67.2","47.05","87.25"
"Kaushalya Infra.","Hotels","0.14","15.1","0.05","13.88","66.67","74.01","0.0","23.59","745.7"
"Kaveri Seed Co.","Miscellaneous","1148.41","299.88","98.35","-0.4","33.48","2051.53","0.13","23.0","932.25"
"Kavveri Telecom","Telecommunications - Equipment","1.88","-1.34","0.74","-0.3","-25.25","85.4","0.0","-2.2","22.44"
"Kay Cee","Construction","64.47","6.55","40.34","3.76","0","104.76","26.47","29.9","333.6"
"Kay Power &Paper","Paper","36.08","1.5","11.23","0.66","38.47","35.08","27.25","55.25","41.56"
"Kaya Ltd","Miscellaneous","404.25","-129.66","95.55","-99.22","3.19","295.45","301.47","0","447.35"
"Kaycee Inds.","Electric Equipment","48.81","4.49","13.47","1.57","19.73","34.7","4.14","20.6","63077.4"
"Kaynes Tech","Electronics - Components","1804.62","183.29","637.3","81.26","74.8","3265.18","322.55","10.64","3970.5"
"KBC Global","Construction","108.23","-52.46","12.58","-29.88","-29.05","1112.3","106.03","-2.85","1.81"
"KBS India","Finance & Investments","1.74","0.07","0.6","0.77","93.55","36.02","0.0","0.22","8.77"
"KCD Industries","Construction","19.3","2.39","0.69","0.11","-77.3","59.97","0.0","10.19","9.63"
"KCK Industries","Food - Processing - Indian","76.7","1.6","42.8","1.5","0","50.93","23.05","14.26","211.0"
"KCL Infra","Construction","8.56","0.87","1.58","-0.54","-74.39","63.7","4.06","1.84","1.36"
"KCP Sugar &Inds.","Sugar","345.68","66.16","73.69","11.84","24.77","665.77","146.67","14.66","45.36"
"KDDL Ltd","Miscellaneous","1391.03","137.45","347.61","34.81","16.16","1641.53","250.23","17.25","3190.8"
"Keerthi Indus","Cement - South India","212.12","-15.69","50.23","-4.49","-24.26","174.4","60.59","-21.93","126.0"
"KEI Industries","Cables - Power","8104.08","581.05","2319.28","168.79","18.76","4656.45","166.23","20.26","4467.5"
"Kellton Tech","Computers - Software - Medium / Small","982.89","64.01","247.84","23.93","2.11","660.39","138.12","15.68","107.2"
"Keltech Energies","Chemicals","449.34","19.41","120.94","6.21","-23.02","222.68","24.23","21.47","3752.25"
"Kemistar Corp.","Trading","11.07","0.53","4.19","0.19","29.72","28.67","6.93","2.99","41.88"
"Kemp & Co.","Construction","2.95","-0.25","0.74","0.22","-1.33","227.79","0.0","-0.11","949.1"
"KEN Fin.Serv.","Finance & Investments","0.58","0.08","0.15","0.01","-78.87","9.52","2.16","1.12","15.71"
"Kennametal India","Castings & Forgings","1076.8","99.0","268.8","38.3","5.12","889.7","2.8","12.96","3393.85"
"Kenvi Jewels","Diamond Cutting / Jewellery","121.41","0.66","32.07","0.11","12.57","23.49","8.36","4.71","5.75"
"Kerala Ayurveda","Pharmaceuticals - Indian - Formulations","102.34","-0.87","27.39","0.1","14.89","140.9","67.58","-4.61","310.6"
"Kernex Microsys.","Electronics - Components","10.78","-16.04","8.57","-3.5","3196.15","116.77","17.21","-26.32","400.45"
"Kesar Enterprise","Sugar","531.06","83.59","179.17","125.27","-8.73","630.8","10.8","-6.0","186.0"
"Kesar India","Construction","52.63","10.07","31.38","3.57","0","98.92","21.52","52.53","795.0"
"Kesar Petroprod.","Chemicals","148.88","4.97","49.6","3.05","58.72","208.75","62.8","4.08","19.55"
"Kesar Terminals","Miscellaneous","31.21","-51.68","8.13","-9.81","-12.49","200.2","80.82","0","106.0"
"Kesoram Inds.","Cement - North India","3986.88","-384.09","1073.56","-244.42","1.72","3376.12","2229.5","-125.01","210.65"
"Kewal Kir.Cloth.","Textiles - Products","860.5","154.53","219.42","37.59","10.0","838.08","19.7","25.25","730.45"
"Key Corp","Finance & Investments","32.0","31.57","31.79","31.66","105.76","63.55","0.0","57.25","171.4"
"Keynote Finan.","Finance & Investments","47.32","26.79","13.56","4.35","151.11","139.93","0.7","24.09","165.6"
"Keystone Realtor","Construction","2222.25","111.03","811.56","30.47","135.66","5971.65","1101.37","6.4","669.6"
"KFin Technolog.","Miscellaneous","837.53","246.05","228.34","74.47","24.69","1418.69","48.67","24.47","711.95"
"KG Petrochem","Textiles - Products","330.8","0.93","105.25","0.87","30.55","359.67","121.03","0.54","219.25"
"Khadim India","Leather / Leather Products","614.9","6.28","143.64","1.03","-9.78","731.52","320.58","2.7","350.65"
"Khaitan (India)","Trading","58.37","1.34","15.96","1.97","22.86","69.83","11.72","6.89","79.09"
"Khaitan Chemical","Fertilizers","535.85","-70.49","50.83","-37.41","-72.01","623.06","315.67","-27.41","71.88"
"Khandelwal Extra","Solvent Extraction","0.78","0.34","0.2","0.01","0","3.81","0.48","13.88","71.5"
"Khandwala Sec.","Finance & Investments","8.52","0.17","2.83","-0.34","108.09","48.23","1.47","0.56","28.5"
"Khazanchi Jewell","Trading","820.78","27.32","415.01","11.6","0","254.29","54.8","75.78","407.75"
"KHFM Hospitality","Miscellaneous","107.45","3.46","53.2","1.35","0","104.66","42.48","7.9","79.85"
"Khoobsurat Ltd","Finance & Investments","0.0","0.14","0.0","-0.07","0","28.76","3.46","0.55","1.15"
"Khyati Multimed.","Entertainment / Electronic Media Software","0.96","0.09","0.92","0.21","9100.0","3.17","0.0","4.56","2.66"
"KIC Metaliks","Steel - Pig Iron","854.18","2.28","235.26","-1.33","10.75","425.04","129.89","1.27","46.26"
"Kiduja India","Finance & Investments","45.03","33.94","10.16","6.71","0","121.14","140.36","0","240.0"
"KIFS Financial","Finance & Investments","46.64","7.12","16.99","2.52","82.69","301.84","244.94","14.95","165.2"
"Kilburn Engg.","Engineering","329.48","50.54","121.52","23.1","0","485.51","84.14","0","431.0"
"Kilitch Drugs","Pharmaceuticals - Indian - Formulations","154.37","13.57","44.82","3.68","-1.45","240.06","31.65","8.41","336.25"
"Kimia Bioscien.","Pharmaceuticals - Indian - Bulk Drugs","104.88","-5.31","30.3","1.8","33.72","99.97","43.7","-183.42","53.0"
"Kinetic Engg.","Auto Ancillaries","143.93","5.22","40.7","0.96","9.76","171.01","33.3","15.11","208.05"
"Kinetic Trust","Finance & Investments","0.48","0.09","0.48","0.21","77.78","15.05","11.01","2.37","17.27"
"Kingfa Science","Plastics Products","1487.72","122.52","404.42","33.55","10.62","994.44","32.55","23.24","2135.1"
"Kings Infra","Aquaculture","90.41","7.77","25.41","1.94","24.32","101.09","37.25","16.55","159.65"
"KIOCL","Mining / Minerals / Metals","1854.34","-83.31","372.19","-42.91","-49.34","2438.15","179.51","-4.25","453.55"
"Kiran Print Pack","Trading","0.87","0.03","0.02","-0.23","-87.5","3.03","0.0","1.08","17.75"
"Kiran Syntex","Textiles - Spinning - Synthetic / Blended","0.0","-0.09","0.0","-0.01","0","2.07","0.0","-4.3","8.65"
"Kiran Vyapar","Finance & Investments","92.56","51.59","24.21","5.2","17.35","2043.04","92.62","3.19","187.2"
"Kiri Industries","Dyes And Pigments","949.21","133.02","269.06","-9.6","20.95","3410.88","121.57","4.85","331.95"
"Kirl. Brothers","Pumps","4001.2","349.7","1223.8","152.8","8.82","3324.9","192.3","22.0","2211.1"
"Kirl. Electric","Electric Equipment","557.35","14.08","168.53","5.42","16.19","640.14","126.48","16.17","191.55"
"Kirl. Ferrous","Steel - Pig Iron","6146.29","297.66","1535.92","17.73","-1.89","5907.02","1223.51","12.45","705.8"
"Kirl.Pneumatic","Compressors / Drilling Equipment","1322.62","133.28","489.96","60.23","36.26","1385.04","0.78","16.23","1350.05"
"Kirloskar Indus.","Finance & Investments","6368.39","360.72","1728.6","70.73","9.81","9763.54","1241.25","5.38","5996.6"
"Kirloskar Oil","Engines","5898.32","439.7","1660.02","146.81","19.96","8277.87","4141.84","18.11","1439.0"
"Kisaan Parivar","Finance & Investments","3.0","0.75","3.0","0.85","0","5.05","0.0","21.99","13.33"
"Kisan Mouldings","Plastics Products","268.01","58.23","59.48","89.89","-27.75","294.59","1.73","-39.69","67.48"
"Kitex Garments","Textiles - Products","616.92","55.83","173.05","19.74","77.11","1925.12","681.19","6.33","209.3"
"KJMC Corporate","Finance & Investments","9.61","2.3","2.42","0.15","54.14","64.81","0.65","4.41","72.0"
"KJMC Financial","Finance & Investments","4.63","0.86","1.18","0.02","84.38","148.89","7.23","0.8","64.63"
"KK Shah Hospital","Healthcare","6.88","0.61","3.49","0.37","0","14.63","0.0","12.13","45.91"
"KKalpana Inds.","Plastics Products","62.09","0.22","12.77","0.86","-23.21","85.89","44.16","1.93","12.99"
"Kkalpana Plastic","Plastics Products","0.0","-0.04","0.0","-0.06","0","6.26","0.0","-0.64","32.13"
"KKRRAFTON Develo","Computers - Hardware","25.76","3.33","24.71","2.69","0","165.48","3.71","6.56","214.0"
"KKV Agro Powers","Trading","1553.77","0.27","529.57","-0.41","0","47.88","12.39","1.31","1119.2"
"KLG Capital","Finance & Investments","0.72","-0.04","0.18","0.04","0.0","11.18","0.23","-0.54","13.38"
"KM Sugar Mills","Sugar","657.16","28.09","122.93","7.66","35.73","779.22","291.12","9.71","43.19"
"KMC Speciality","Healthcare","177.18","30.38","44.89","7.09","9.27","263.72","81.82","23.63","85.19"
"KMF Builders","Construction","20.11","0.48","0.04","0.12","-94.2","13.5","0.42","3.86","7.91"
"KMG Milk Food","Food - Processing - Indian","1.95","0.11","1.2","0.24","-33.33","10.74","6.13","0","33.07"
"KN Agri Resource","Solvent Extraction","1699.67","31.26","1062.75","18.6","0","456.12","110.21","10.99","199.95"
"Knowledge Marine","Miscellaneous","163.58","33.0","56.7","8.58","0","258.51","60.2","24.73","1376.0"
"KNR Construct.","Construction","4429.49","752.3","1414.0","340.61","13.54","5803.79","1262.43","23.79","346.05"
"Kobo Biotech","Pharmaceuticals - Indian - Bulk Drugs & Formln","0.0","-4.93","0.0","-1.26","0","71.39","139.69","0","3.81"
"Kody Technolab","Computers - Software - Medium / Small","22.46","4.89","16.68","4.09","0","42.72","1.0","104.26","3101.05"
"Kohinoor Foods","Food - Processing - Indian","95.1","-4.55","24.18","0.55","51.22","225.93","700.21","0","42.38"
"Kokuyo Camlin","Printing & Stationery","815.89","43.83","217.23","10.42","0.45","493.05","80.34","15.68","155.1"
"Kolte Patil Dev.","Construction","1371.48","-67.48","526.38","-26.18","-33.95","4947.35","1116.77","-7.58","436.95"
"Kome-on Commun.","Entertainment / Electronic Media Software","0.0","-1.48","0.0","-0.02","0","13.27","0.0","-9.42","1.71"
"Konark Synth","Textiles - Processing","43.6","0.15","7.98","-0.04","33.0","47.48","31.22","49.23","20.77"
"Konndor Indust.","Trading","13.79","0.64","3.36","0.01","336.36","9.81","0.0","7.23","11.42"
"Konstelec Engg.","Engineering - Turnkey Services","215.32","9.24","122.33","6.34","0","205.84","45.06","14.89","185.5"
"Kontor Space","Miscellaneous","11.03","1.95","6.38","0.99","0","31.04","4.65","41.94","103.9"
"Kopran","Pharmaceuticals - Indian - Bulk Drugs & Formln","614.59","50.96","186.08","18.62","24.99","743.25","99.23","10.95","259.95"
"Kore Digital","Transmisson Line Towers / Equipment","103.51","11.49","34.54","4.49","272.6","152.66","0.84","28.54","1712.55"
"Kore Foods","Food - Processing - Indian","0.0","-0.38","0.0","-0.12","0","0.21","3.81","0","8.73"
"Kotak Mah. Bank","Banks - Private Sector","56236.63","18213.21","15156.18","5337.2","26.5","620429.74","418306.54","16.29","1802.35"
"Kothari Ferment.","Food - Processing - Indian","108.88","-4.91","31.99","0.87","-0.96","132.13","46.95","-8.41","68.03"
"Kothari Indl","Trading","13.64","31.69","3.5","-15.52","-15.87","51.09","6.78","0","8.27"
"Kothari Petroche","Petrochemicals","603.14","63.78","167.94","15.18","22.67","318.97","0.0","29.21","139.7"
"Kothari Products","Trading","992.37","32.49","276.3","11.44","-14.48","1332.91","82.22","2.76","137.75"
"Kothari Sugars","Sugar","502.73","29.49","94.28","5.65","-54.56","482.58","70.23","11.0","59.32"
"Kotia Enterprise","Trading","0.43","-0.01","0.43","-0.05","0","11.69","0.0","-0.1","19.26"
"Kotyark Indust.","Miscellaneous","270.99","22.24","143.76","11.44","-25.59","214.92","61.63","39.19","993.05"
"Koura Fine Diamo","Diamond Cutting / Jewellery","36.98","0.38","30.96","0.21","0","9.24","0.37","14.13","44.68"
"Kovai Medical","Healthcare","1219.55","179.73","321.12","52.18","20.28","1438.23","310.36","22.36","4289.75"
"Kovil. Lak. Rol.","Food - Processing - Indian","410.91","7.8","98.23","1.02","-5.32","178.62","89.49","12.48","189.8"
"KP Green Engg.","Engineering","349.05","35.39","245.12","24.2","0","413.71","36.61","108.87","591.15"
"KPI Green Energy","Construction","1023.9","161.66","289.36","43.04","58.64","2435.93","1036.39","29.61","1805.5"
"KPIT Technologi.","Computers - Software - Medium / Small","4871.54","598.51","1317.8","165.92","29.53","4167.9","328.76","31.19","1691.4"
"KPT Industries","Engineering","151.63","12.06","39.19","3.65","10.67","120.46","36.92","24.31","783.95"
"Kranti Industrie","Auto Ancillaries","90.29","0.08","21.46","0.69","-3.94","91.48","40.98","0.25","69.0"
"Kratos Energy","Miscellaneous","0.0","-0.95","0.0","-0.47","0","6.48","1.2","-20.02","323.2"
"KRBL","Food - Processing - Indian","5384.69","595.86","1318.3","114.08","2.97","5927.03","544.57","12.48","291.75"
"Krebs Biochem","Pharmaceuticals - Indian - Bulk Drugs","50.42","-19.73","11.97","-5.85","4.45","178.17","193.43","0","72.93"
"Kreon Finnancial","Finance & Investments","16.17","0.62","4.59","0.12","73.21","63.38","29.18","2.52","42.75"
"Kretto Syscon","Construction","0.0","0.25","0.0","0.17","0","18.52","1.02","1.51","1.21"
"Kridhan Infra","Trading","0.85","-209.12","0.85","-199.16","-59.13","33.23","27.45","0","4.56"
"Krishana Phosch.","Fertilizers","923.9","40.44","263.4","5.59","81.28","844.72","436.07","14.38","294.2"
"Krishanveer Forg","Castings & Forgings","84.26","3.99","23.5","1.04","23.55","51.67","0.0","10.74","95.17"
"Krishca Strapp.","Steel - Medium / Small","105.02","13.24","56.53","7.56","0","77.7","20.14","121.02","325.0"
"Krishival Foods","Food - Processing - Indian","102.6","9.61","51.03","4.58","105.82","134.54","6.39","19.77","215.0"
"Krishna Capital","Finance & Investments","0.39","0.15","0.11","0.11","0.0","6.34","0.0","2.41","23.0"
"Krishna Defence","Diversified - Medium / Small","106.43","9.79","71.2","7.16","0","133.48","9.43","26.7","1040.85"
"Krishna Fil. Ind","Textiles - Products","0.0","-0.02","0.0","-0.02","0","0.71","2.85","0","3.79"
"Krishna Institu.","Healthcare","2498.14","336.01","633.8","71.49","10.05","3852.02","1355.33","17.73","2110.35"
"Krishna Vent.","Construction","2.19","-0.47","0.5","-0.06","-63.77","15.91","0.0","-4.02","89.21"
"Kriti Industries","Plastics Products","866.63","21.93","194.62","3.6","3.33","453.72","128.37","15.56","188.9"
"Kriti Nutrients","Solvent Extraction","684.36","45.29","172.27","8.75","-4.92","209.01","12.15","29.31","109.75"
"Kritika Wires","Steel - Medium / Small","431.74","10.4","133.47","5.06","43.93","152.53","40.09","13.13","19.31"
"Kronox Lab","Chemicals","89.86","21.35","22.18","5.88","3.31","73.99","0.0","38.47","154.35"
"Krsnaa Diagnost.","Healthcare","590.02","58.56","159.33","18.42","37.52","1171.57","159.79","7.52","615.95"
"Krypton Industri","Tyres","42.74","1.14","13.81","0.26","37.0","56.53","16.47","3.61","42.33"
"Krystal Integrat","Miscellaneous","984.73","48.23","273.68","14.83","47.19","626.26","86.67","18.1","815.0"
"KSB","Pumps","2301.8","212.4","544.2","44.6","11.15","2065.75","3.24","17.06","4809.9"
"KSE","Food - Processing - Indian","1683.49","17.61","416.58","18.93","5.34","277.9","20.84","9.35","2470.0"
"Kshitij Polyline","Plastics Products","59.4","1.61","15.04","1.52","56.5","74.36","44.4","8.22","6.99"
"Ksolves India","Computers - Software - Medium / Small","108.07","34.23","30.36","9.58","35.17","39.74","0.0","147.16","1152.0"
"Kuantum Papers","Paper","1211.3","183.83","298.85","33.89","-13.06","1887.76","512.5","17.59","157.05"
"Kuber Udyog","Finance & Investments","0.45","0.1","0.11","0.03","-57.69","6.96","3.21","2.72","14.02"
"Kuberan Global","Miscellaneous","0.96","-0.02","0.44","-0.02","0","2.7","0.0","-0.74","15.3"
"Kumbhat Fin.","Finance & Investments","0.34","-1.79","0.09","-1.99","0.0","2.7","0.0","-50.71","17.97"
"Kundan Edifice","Electric Equipment","84.23","3.0","42.83","-0.31","0","58.02","18.09","36.99","142.1"
"Kunststoff Inds.","Plastics Products","13.37","1.09","3.33","0.23","-18.38","13.69","0.0","10.8","27.0"
"Kush Industries","Textiles - Processing","0.66","2.27","0.0","-0.02","-100.0","4.6","11.75","0","12.66"
"Kuwer Industries","Packaging","58.91","0.11","13.22","2.11","-14.49","77.41","32.37","0.64","12.24"
"Kwality Pharma","Pharmaceuticals - Indian - Bulk Drugs & Formln","307.17","23.62","91.98","4.23","33.69","394.21","98.12","13.61","495.0"
"L G Balakrishnan","Auto Ancillaries","2346.05","271.49","606.96","67.82","16.05","2236.66","103.92","17.72","1440.0"
"L T Foods","Food - Processing - Indian","7772.41","597.6","2074.81","150.24","13.91","6044.07","917.48","19.36","263.05"
"L&T Finance Ltd","Finance & Investments","13580.58","2317.13","3671.77","553.02","13.23","102693.84","76603.45","10.31","186.8"
"L&T Technology","Computers - Software - Large","8678.9","1258.5","2351.2","329.3","9.23","8004.6","627.3","25.79","4991.0"
"La Opala RG","Glass & Glass Products","365.13","127.72","82.52","23.66","-24.21","927.26","9.28","15.71","324.55"
"La Tim Metal & I","Trading","348.17","7.65","71.15","3.2","21.44","125.09","49.2","21.27","15.0"
"Labelkraft Tech.","Computers - Hardware","18.43","1.12","9.02","0.61","0","13.76","1.66","11.61","65.5"
"Lactose (India)","Pharmaceuticals - Indian - Bulk Drugs","113.89","6.79","29.4","2.4","13.12","100.74","39.26","15.49","182.0"
"Ladam Affordab.","Construction","0.82","-0.09","0.82","-0.06","-10.87","46.53","9.83","-0.3","8.04"
"Ladderup Finance","Finance & Investments","11.78","-3.93","3.22","-4.96","11.42","99.67","12.25","-5.35","39.9"
"Laffans Petroch","Trading","6.06","2.6","1.91","-2.51","161.64","65.61","0.38","1.13","39.9"
"Lagnam Spintex","Textiles - Products","437.5","14.57","149.65","7.3","65.6","533.49","377.75","14.34","143.0"
"Lahoti Overseas","Trading","487.53","12.06","101.62","-0.88","20.93","220.87","10.33","6.59","51.35"
"Lak. Auto. Looms","Miscellaneous","14.79","2.31","3.27","0.45","-3.54","32.84","5.07","10.07","3041.45"
"Lak. Electrical","Electric Equipment","337.97","13.96","61.95","2.08","-35.32","337.07","6.65","5.48","1569.0"
"Lak. Fin. & Indl","Finance & Investments","14.86","10.38","3.55","1.91","164.93","59.72","0.0","20.12","208.49"
"Lak. Mach. Works","Textile Machinery","4695.86","373.66","970.65","65.98","-25.51","4031.42","0.0","14.82","17291.75"
"Lak. Prec. Screw","Fasteners","232.24","-33.15","51.35","-12.66","-16.37","460.13","260.75","-90.57","5.78"
"Lakhotia Poly.","Textiles - Spinning - Synthetic / Blended","27.75","0.07","4.93","-0.22","-44.98","17.28","6.05","0.8","36.0"
"Lakshmi Mills","Textiles - Composite","252.97","-13.79","67.54","-1.8","50.62","1116.86","140.06","-2.05","6825.0"
"Lambodhara Text.","Textiles - Cotton/Blended","194.69","4.61","42.11","1.43","-6.23","192.29","56.88","4.24","153.0"
"Lancer Containe.","Miscellaneous","633.41","58.37","152.27","15.99","-24.22","561.92","111.88","20.0","51.19"
"Lancor Holdings","Construction","137.7","6.76","43.71","3.01","64.94","302.44","92.46","5.16","42.71"
"Landmarc Leisur.","Entertainment / Electronic Media Software","0.5","-0.75","0.16","-0.36","-73.33","42.6","12.31","-2.93","0.92"
"Landmark Cars","Trading","3287.89","57.23","863.97","10.97","1.19","1551.42","627.02","11.55","723.1"
"Landmark Prop.","Construction","1.33","-11.72","0.36","-12.01","-12.2","44.84","0.0","-23.66","10.03"
"Larsen & Toubro","Engineering - Turnkey Services","221112.91","15547.1","67078.68","5013.17","14.99","339093.61","116322.22","14.68","3528.4"
"Lasa Supergeneri","Pharmaceuticals - Indian - Bulk Drugs & Formln","104.34","-21.73","22.82","-15.3","-35.39","150.87","22.08","-13.17","22.8"
"Last Mile Enter.","Construction","131.02","3.03","130.88","4.32","802.62","0","0","0","780.0"
"Latent View","Computers - Software - Medium / Small","640.68","158.64","171.64","45.24","21.68","1455.88","23.99","12.29","505.8"
"Latteys Industri","Engineering","63.65","1.5","17.28","0.3","0","48.8","16.89","9.07","16.61"
"Laurus Labs","Pharmaceuticals - Indian - Bulk Drugs & Formln","5040.83","162.27","1439.67","75.02","4.26","8387.03","2577.4","3.97","428.3"
"Laxmi Cotspin","Textiles - Cotton/Blended","144.02","-0.24","36.79","7.23","-11.07","120.01","50.19","1.05","31.13"
"Laxmi Goldorna","Construction","201.93","9.48","127.28","5.45","379.76","107.91","52.78","24.61","334.0"
"Laxmi Organic","Chemicals","2865.01","120.54","792.06","44.31","8.43","2827.22","142.79","7.51","255.85"
"Laxmipati Engg","Miscellaneous","40.32","0.78","22.84","0.65","0","46.17","40.11","60.0","70.35"
"LCC Infotech","Computers - Education","1.76","-53.33","0.02","-35.72","-98.23","7.52","2.93","-1.89","4.0"
"Le Lavoir","Miscellaneous","1.99","1.04","0.69","0.37","9.52","7.85","0.0","19.24","269.95"
"Le Merite Export","Trading","468.15","1.74","228.64","0.19","0","197.73","88.66","1.82","140.3"
"Le Travenues","Travel Agencies","501.25","23.4","0","0","0","583.4","10.03","8.43","159.55"
"Lead Financial S","Finance & Investments","0.54","0.25","0.16","0.07","128.57","10.46","0.0","4.32","18.0"
"Lead Reclaim","Miscellaneous","14.77","0.37","9.75","0.23","0","18.9","4.16","3.42","32.4"
"Leading Lea. Fin","Finance & Investments","4.97","2.09","1.85","0.43","112.64","124.4","107.46","16.31","2.95"
"Lee & Nee Soft.","Computers - Software - Medium / Small","8.53","0.5","2.39","-0.17","47.53","58.32","0.1","0.89","10.22"
"Lehar Footwears","Leather / Leather Products","194.26","6.56","38.06","1.22","-24.47","220.16","67.5","6.96","161.0"
"Lemon Tree Hotel","Hotels","1071.12","181.71","327.31","84.0","29.53","4033.04","2335.84","16.31","145.2"
"Lerthai Finance","Finance & Investments","0.0","0.76","0.0","0.77","0","10.55","0.0","7.79","415.0"
"Lesha Industries","Trading","11.56","7.18","8.62","0.51","568.22","49.73","20.82","32.86","3.9"
"Lex Nimble Solu.","Computers - Software - Medium / Small","3.86","0.88","1.57","0.46","0","16.15","0.0","5.94","74.2"
"Lexus Granito","Ceramics - Tiles / Sanitaryware","117.97","-16.58","28.0","-8.15","-25.69","120.72","58.03","-109.4","42.57"
"LGB Forge","Castings & Forgings","89.38","-9.87","19.81","-3.22","-25.64","78.97","29.74","-22.37","12.7"
"Libas Consumer","Food - Processing - Indian","74.29","5.21","22.44","4.09","0.22","98.83","14.74","6.89","18.1"
"Liberty Shoes","Leather / Leather Products","636.86","11.16","169.64","4.98","2.15","463.78","147.31","7.23","381.0"
"Libord Finance","Finance & Investments","0.76","1.98","0.09","0.11","-64.0","18.46","0.0","11.86","14.8"
"Libord Securitie","Finance & Investments","0.02","0.37","0.0","0.07","0","4.57","0.0","8.75","20.02"
"LIC Housing Fin.","Finance - Housing","27276.97","4763.32","6948.21","1081.91","8.04","291333.66","252618.4","16.24","814.45"
"Life Insurance","Finance & Investments","846656.19","40884.77","238968.3","13784.08","18.75","5316047.12","8.67","63.4","1003.95"
"Likhami Consult.","Miscellaneous","0.63","0.16","0.34","0.19","161.54","34.86","0.0","0.46","137.2"
"Likhitha Infra.","Construction","422.09","66.03","122.29","18.72","23.99","349.72","0.0","23.57","470.9"
"Lime Chemicals","Chemicals","10.45","-0.49","2.36","-0.11","-30.38","10.67","5.02","-25.13","27.0"
"Linc","Printing & Stationery","501.89","34.11","138.46","11.45","0.85","296.36","19.01","17.95","577.85"
"Lincoln Pharma.","Pharmaceuticals - Indian - Formulations","580.55","93.3","142.49","18.6","26.7","700.29","1.07","17.04","626.8"
"Linde India","Chemicals","2768.67","426.34","630.07","104.33","-0.03","4779.71","20.69","13.02","8413.0"
"Link Pharma Chem","Chemicals","29.9","-1.36","8.03","0.26","-13.56","25.95","9.22","-9.46","45.2"
"Lippi Systems","Engineering","0.0","-0.86","0.0","-0.25","0","23.95","0.81","-3.86","16.43"
"LKP Finance","Finance & Investments","90.13","59.45","22.96","10.0","229500.0","456.36","84.53","18.18","149.9"
"LKP Securities","Finance & Investments","96.22","9.5","32.43","5.67","91.78","251.62","20.93","13.44","21.35"
"Lloyds Engineeri","Engineering","624.24","79.84","187.9","21.13","8.08","571.28","75.31","26.64","71.75"
"Lloyds Enterpris","Trading","958.38","174.8","333.7","45.65","38.16","2406.05","124.87","4.58","32.12"
"Lloyds Luxuries","Miscellaneous","40.32","-8.01","21.89","-3.05","0","68.19","0.0","-11.22","105.65"
"Lloyds Metals","Mining / Minerals / Metals","6521.65","1243.15","1554.29","277.06","77.38","3936.37","32.2","57.29","747.5"
"Logica Infoway","Trading","1064.24","8.1","557.03","5.5","0","218.24","107.93","15.23","254.75"
"Lokesh Mach.","Engineering","293.54","13.85","80.34","4.69","19.91","390.58","118.05","7.8","417.15"
"Longspur Intl","Trading","4.68","0.45","0.41","-0.36","-77.22","30.93","0.0","1.77","7.52"
"Longview Tea","Trading","1.17","1.52","0.0","0.21","-100.0","18.04","0.0","8.92","40.97"
"Looks Health","Healthcare","0.0","-0.02","0.0","-0.01","0","14.85","0.0","-0.14","6.26"
"Lords Chloro","Chlor Alkali / Soda Ash","221.11","-4.8","62.47","-0.05","4.33","262.35","43.11","-2.88","132.5"
"Lords Ishwar","Hotels","7.7","0.49","2.31","0.25","14.93","9.37","2.83","9.24","17.0"
"Lorenzini Appar.","Textiles - Processing","54.76","5.3","9.97","0.32","-3.58","62.16","19.0","25.62","22.31"
"Lotus Chocolate","Food - Processing - Indian","198.1","1.73","65.82","1.18","0","69.77","5.29","0","586.0"
"Lotus Eye Hospit","Healthcare","48.21","2.91","10.88","0.02","-2.6","66.63","0.0","4.97","57.81"
"Lovable Lingerie","Textiles - Products","63.76","4.28","5.51","-1.85","-53.62","210.74","10.06","2.46","139.45"
"Loyal Equipments","Engineering","70.82","7.09","27.5","3.81","58.32","53.93","12.22","27.22","209.65"
"Loyal Textile","Textiles - Composite","939.19","-42.95","200.76","-8.64","-39.16","1087.45","622.16","-13.77","595.7"
"LTIMindtree","Computers - Software - Large","35517.0","4584.6","8892.9","1100.7","2.32","27544.3","2070.6","25.03","5492.6"
"Lucent Industrie","Miscellaneous","0.0","-0.12","0.0","-0.01","0","19.37","5.0","-0.83","123.65"
"Ludlow Jute","Textiles - Jute - Yarn / Products","475.52","-12.54","127.53","-5.43","-5.27","365.5","120.15","-7.33","85.3"
"Luharuka Media","Finance & Investments","1.63","0.61","0.45","0.09","4.65","16.57","0.88","4.03","4.59"
"Lumax Auto Tech.","Auto Ancillaries","2821.74","166.96","757.38","51.35","53.52","2598.81","809.91","17.94","586.5"
"Lumax Industries","Auto Ancillaries","2636.59","111.02","742.69","36.07","22.13","2601.0","722.59","17.69","2803.0"
"Lupin","Pharmaceuticals - Indian - Bulk Drugs & Formln","20010.82","1935.57","4960.79","368.22","11.98","23997.18","2921.77","14.31","1601.4"
"NIIT","Computers - Education","303.47","39.5","74.34","11.39","23.8","1163.44","8.28","3.84","103.5"
"Lux Industries","Textiles - Composite","2324.29","125.6","707.55","55.09","-1.3","2189.35","210.88","8.32","1424.0"
"LWS Knitwear","Trading","75.13","1.4","34.48","1.21","0.15","43.17","19.48","12.18","49.76"
"Lyka Labs","Pharmaceuticals - Indian - Bulk Drugs & Formln","111.19","-2.49","27.77","-2.13","24.87","156.72","58.66","-6.32","108.3"
"Lykis","Trading","404.34","3.88","120.29","-0.77","-15.73","141.27","88.78","13.13","57.5"
"Lynx Machinery","Miscellaneous","0.0","-0.54","0.0","1.13","0","8.68","9.17","0","125.5"
"Lypsa Gems","Trading","9.49","-32.71","3.06","-32.74","-63.57","75.5","0.0","-68.4","5.59"
"M & M","Automobiles - Passenger Cars","139078.27","12269.82","35451.73","3124.94","9.23","236300.73","106625.52","18.39","2868.0"
"M & M Fin. Serv.","Finance & Investments","15796.85","1943.05","4280.32","670.64","23.61","123715.79","98319.13","10.04","304.9"
"M B Agro Prod.","Fertilizers","816.95","24.84","145.68","1.38","-37.7","794.67","286.55","7.56","230.97"
"M E T S","Healthcare","33.29","4.94","14.17","2.58","48.38","57.27","5.35","17.61","170.05"
"M K Exim India","Trading","92.38","15.32","20.85","3.05","-20.21","83.59","0.62","20.75","72.5"
"M K Proteins","Solvent Extraction","245.57","11.21","86.87","5.83","0","96.25","20.08","20.13","12.48"
"M Lakhamsi Ind","Trading","113.65","0.75","51.78","0.4","23.37","54.37","0.0","10.01","3.76"
"M M Forgings","Castings & Forgings","1527.08","145.46","388.58","38.04","4.08","1995.93","925.28","19.24","1255.0"
"M M Rubber","Miscellaneous","41.64","-1.65","9.9","-1.7","0.71","32.28","7.41","-8.81","98.16"
"M P Agro Inds.","Fertilizers","0.42","0.04","0.42","0.03","0","5.96","0.0","0.68","20.33"
"M R P L","Refineries","90406.68","3597.05","25328.67","1138.5","-0.14","35430.03","12687.04","31.13","215.55"
"M T N L","Telecommunications - Service Provider","798.56","-3267.52","209.02","-783.74","-4.64","10717.34","30141.28","0","41.87"
"M.V.K. Agro","Sugar","141.44","8.72","81.31","4.42","0","282.18","147.48","0","42.6"
"Maagh Advertisin","Miscellaneous","48.55","2.49","27.0","1.22","0","25.22","0.0","17.32","13.28"
"Maan Aluminium","Aluminium and Aluminium Products","953.03","32.75","237.4","7.28","-9.69","225.09","32.6","22.33","143.55"
"Mac Charles(I)","Power Generation And Supply","11.38","-66.18","2.4","-21.3","20.0","1021.07","827.44","-31.78","455.0"
"Mac Hotels","Hotels","5.86","0.32","3.42","1.25","0","7.66","1.73","0","38.5"
"Macfos","Trading","125.13","10.83","72.15","7.0","0","50.16","8.18","0","761.0"
"Machhar Industri","Miscellaneous","16.93","0.58","0","0","0","14.97","1.14","3.92","368.1"
"Machino Plastics","Auto Ancillaries","337.74","3.69","81.83","1.23","1.41","204.28","88.34","6.99","230.0"
"Macpower CNC","Engineering","241.04","24.25","71.34","9.01","31.33","186.3","0.48","22.48","1408.85"
"Macro Intl.","Pharmaceuticals - Indian - Bulk Drugs & Formln","23.65","0.78","12.25","0.56","257.14","36.61","0.31","5.47","54.75"
"Macrotech Devel.","Construction","10316.1","1554.2","4018.5","667.0","23.44","47225.2","7697.6","10.81","1514.0"
"Madhav Copper","Mining / Minerals / Metals","35.5","1.23","14.58","4.2","0","63.79","13.42","3.04","36.77"
"Madhav Infra","Construction","460.38","22.88","150.77","2.76","-26.21","500.75","153.48","12.21","11.04"
"Madhav Marbles","Miscellaneous","39.9","-1.45","11.59","1.45","-0.17","142.49","15.07","-1.15","48.2"
"Madhucon Project","Construction","1163.75","-60.75","420.95","-6.95","-5.49","4212.53","3813.37","0","12.09"
"Madhur Inds","Food - Processing - Indian","0.0","-0.32","0.0","-0.18","0","7.66","0.01","-6.24","7.13"
"Madhusudan Inds.","Miscellaneous","1.22","2.32","0.31","-1.13","6.9","32.02","0.0","8.55","64.29"
"Madhusudan Masa","Food - Processing - Indian","162.22","9.2","107.94","5.89","0","105.25","52.14","83.71","159.15"
"Madhusudan Sec.","Finance & Investments","0.0","0.12","0.0","0.22","0","167.99","0.0","0.11","32.48"
"Madhuveer Com","Miscellaneous","4.85","2.34","4.65","2.51","0","40.05","6.57","12.24","123.3"
"Madhya Prad. Tod","Entertainment / Electronic Media Software","21.56","2.53","13.47","1.52","0","46.59","1.92","6.53","35.15"
"Madras Fertilize","Fertilizers","2228.42","5.56","758.48","88.3","-1.26","2007.49","1583.24","0","110.8"
"Mafatlal Inds.","Textiles - Composite","2078.64","98.75","764.26","33.27","125.83","1806.29","82.13","3.13","208.3"
"Mafia Trends","Trading","6.63","0.33","3.8","0.26","0","14.91","1.72","4.56","15.64"
"Magadh Sugar","Sugar","1096.58","116.41","288.12","46.88","-3.49","1611.07","637.07","16.81","771.0"
"Magellanic Cloud","Computers - Software - Medium / Small","560.43","102.95","137.21","39.43","19.64","799.48","278.85","29.21","601.2"
"Magenta Life","Miscellaneous","9.06","0.25","0","0","0","12.51","4.53","5.66","44.02"
"Magna Electrocas","Castings & Forgings","143.7","15.11","36.35","4.09","-1.28","128.43","0.09","14.91","464.05"
"Magnum Ventures","Paper","460.84","24.7","130.97","13.43","9.17","1135.44","198.6","2.98","50.0"
"Magnus Retail","Miscellaneous","0.67","-0.38","0.67","-0.09","0","0.43","1.6","0","6.49"
"Magson Retail","Trading","67.68","2.82","33.08","1.92","0","31.33","0.77","30.42","100.1"
"Mah. Corporation","Trading","0.78","0.24","0.23","0.03","-62.9","61.87","0.0","0.53","0.74"
"Mah. Scooters","Finance & Investments","222.51","199.31","5.18","0.1","-43.94","29393.91","0.0","0.87","8888.0"
"Mah. Seamless","Steel - Medium / Small","5404.12","951.68","1214.9","218.28","-25.6","6588.5","0.0","18.11","660.2"
"Maha Rashtra Apx","Finance & Investments","8.71","346.41","6.88","433.3","1107.02","548.71","0.18","119.91","168.8"
"Mahaan Foods","Food - Processing - Indian","0.0","0.66","0.0","0.32","0","19.9","0.0","3.45","52.95"
"Mahalaxmi Rubtec","Textiles - Processing","76.9","11.03","20.96","3.88","9.45","82.23","16.03","16.23","201.2"
"Mahalaxmi Seam.","Steel - Medium / Small","1.84","-1.24","0.47","0.21","2.17","3.15","1.54","0","10.11"
"Mahamaya Steel","Steel - Medium / Small","783.83","6.72","197.62","1.43","4.9","233.12","40.84","4.24","106.45"
"Mahan Industries","Finance & Investments","0.71","-0.05","0.13","-0.07","-60.61","6.59","3.47","0.33","2.16"
"Mahanagar Gas","Miscellaneous","6244.53","1289.07","1567.05","264.99","-2.7","7225.99","139.26","27.79","1639.05"
"Mahasagar Travel","Travel Agencies","43.84","0.34","11.72","0.16","0.77","12.79","4.57","0","7.25"
"Mahaveer Infoway","Computers - Software - Medium / Small","5.41","-0.45","0.58","-0.92","-56.39","7.45","1.72","-10.86","8.55"
"Mahesh Developer","Construction","0.0","-0.53","0.0","0.03","0","42.78","10.13","1.46","11.4"
"Maheshwari Logi.","Trading","1028.99","13.02","255.92","3.41","-6.92","532.85","239.22","7.51","65.22"
"Mahickra Chem.","Dyes And Pigments","71.92","1.07","35.45","0.59","0","60.79","13.44","3.29","101.0"
"Mahindra EPC","Plastics Products","262.45","1.67","71.17","1.49","0.3","257.09","15.9","1.22","165.0"
"Mahindra Holiday","Hotels","2704.6","116.05","800.19","83.21","12.45","9846.44","2738.28","25.28","462.75"
"Mahindra Life.","Construction","212.09","98.3","14.29","71.48","-94.4","4963.05","877.18","5.34","607.15"
"Mahindra Logis.","Miscellaneous","5505.97","-53.09","1450.76","-11.91","14.01","2477.2","739.29","-10.42","542.05"
"Maiden Forgings","Steel - Medium / Small","236.1","9.72","120.6","5.54","0","148.61","62.67","23.87","92.3"
"Maithan Alloys","Mining / Minerals / Metals","1728.64","348.96","433.27","142.01","-18.97","3468.08","30.21","11.74","1186.25"
"Maitreya","Healthcare","48.7","2.97","12.32","-1.07","8.17","43.86","5.7","15.17","136.5"
"Maitri Enterp.","Trading","19.01","-0.45","6.31","-0.46","57.75","21.67","10.55","-9.48","25.36"
"Majestic Auto","Construction","83.42","33.1","15.52","-0.16","19.66","867.6","153.33","6.2","369.8"
"Makers Labs.","Pharmaceuticals - Indian - Formulations","104.39","-4.81","27.81","-0.97","-5.57","161.26","19.49","-7.27","134.0"
"Maks Energy","Electric Equipment","66.26","0.28","35.38","0.08","0","33.7","15.48","3.92","75.95"
"Mallcom (India)","Textiles - Products","420.72","36.32","122.36","11.81","8.54","387.72","92.69","16.48","1213.7"
"Malu Paper","Paper","275.06","0.9","75.39","0.1","29.16","167.39","131.18","13.68","35.28"
"Man Industries","Steel - Medium / Small","3142.18","105.14","810.68","24.13","35.64","2415.16","325.92","8.73","411.15"
"Man Infra","Construction","1263.45","303.34","296.74","64.65","-56.38","2154.57","130.85","23.53","192.5"
"Manaksia","Trading","701.54","78.7","114.63","15.12","-62.5","721.71","74.23","11.65","99.15"
"Manaksia Alumi.","Aluminium and Aluminium Products","432.49","5.09","117.71","1.57","7.13","417.55","172.22","3.99","28.04"
"Manaksia Coated","Steel - Medium / Small","739.62","11.64","182.55","5.25","-2.3","531.1","177.62","8.84","63.87"
"Manaksia Steels","Steel - Medium / Small","631.96","30.22","152.97","5.25","-27.21","546.03","183.35","9.48","58.9"
"Manali Petrochem","Petrochemicals","1032.35","19.21","256.28","1.3","-23.16","1308.37","103.05","2.13","93.8"
"Manappuram Fin.","Finance & Investments","8848.01","2197.48","2359.77","563.49","32.9","46747.91","34319.88","20.65","211.85"
"Manav Infra","Construction","14.31","1.16","8.8","1.07","0","11.21","9.37","0","19.35"
"Manbro Indust.","Trading","24.0","0.24","4.67","-0.03","1097.44","2.96","0.0","800.0","863.0"
"Mandeep Auto","Auto Ancillaries","24.7","2.13","16.67","1.49","0","24.45","7.88","0","59.0"
"Mangal Credit","Finance & Investments","33.2","10.55","9.43","2.59","42.66","273.79","138.0","8.82","108.95"
"Mangalam Alloys","Steel - Medium / Small","304.55","11.47","164.09","5.46","0","390.23","150.54","14.51","39.15"
"Mangalam Cement","Cement - North India","1725.48","59.72","437.31","17.28","-4.79","2067.9","607.48","7.62","873.2"
"Mangalam Drugs","Pharmaceuticals - Indian - Bulk Drugs & Formln","368.59","-9.05","102.24","3.55","12.22","357.14","98.49","-6.15","104.9"
"Mangalam Global","Solvent Extraction","1838.8","20.21","542.47","11.78","62.84","419.89","201.34","14.84","22.37"
"Mangalam Industr","Finance & Investments","3.54","0.19","0.72","-0.09","94.59","28.77","0.0","0.67","4.28"
"Mangalam Organic","Chemicals","405.43","4.15","83.26","2.83","-11.8","469.91","163.29","1.48","364.6"
"MANGALAM SEEDS","Miscellaneous","100.05","13.18","13.37","2.25","-15.38","128.97","53.42","20.87","253.55"
"Mangalam World.","Steel - Medium / Small","818.11","22.98","236.58","11.81","10.67","413.78","102.52","13.88","134.05"
"Mangalore Chem.","Fertilizers","3795.44","154.82","786.4","4.84","-32.42","2430.43","1038.62","17.77","131.6"
"Manipal Fin. Cor","Finance & Investments","0.21","-0.14","0.04","0.04","0.0","1.64","4.51","0","5.26"
"Manjeera Constr.","Construction","63.26","-16.44","14.87","6.68","19.53","699.87","297.8","0","45.5"
"Mankind Pharma","Pharmaceuticals - Indian - Bulk Drugs & Formln","9264.81","1823.41","2152.69","454.17","14.99","11417.71","8.57","20.95","2129.15"
"Manoj Ceramic","Trading","95.92","6.08","52.75","3.52","0","104.89","57.13","57.36","134.9"
"Manoj Vaibhav","Diamond Cutting / Jewellery","2149.67","80.93","546.45","20.57","5.9","1399.29","429.0","16.82","229.15"
"Manomay Tex Indi","Textiles - Products","583.09","13.0","184.67","4.05","9.79","583.97","299.89","10.61","183.3"
"Manor Estates","Construction","0.0","-0.56","0.0","-0.15","0","0.15","0.71","0","3.87"
"Manorama Indust.","Food - Processing - Indian","457.08","40.11","129.33","12.5","27.12","736.66","346.39","12.63","648.1"
"Manraj Hsg.Fin.","Finance - Housing","0.0","-0.11","0.0","-0.04","0","19.57","6.87","0","36.74"
"Mansi Fin.(Chen)","Finance & Investments","7.67","2.07","2.16","0.05","52.11","68.26","32.21","6.17","51.44"
"Manugraph India","Engineering","65.76","-19.86","14.61","-4.27","-58.38","151.06","17.64","-22.21","22.59"
"Maral Overseas","Textiles - Cotton/Blended","960.06","-9.77","259.77","5.88","-4.3","757.71","476.06","-7.17","73.0"
"Marathon Nextgen","Construction","704.62","168.78","155.42","40.44","-8.82","2238.62","760.93","18.87","590.0"
"Marble City","Miscellaneous","70.26","-0.48","4.33","-0.83","-88.11","131.94","80.71","2.67","14.19"
"Marco Cables","Cables - Power","71.65","3.04","50.94","2.1","0","80.2","40.01","19.47","47.05"
"Marg Techno-Proj","Finance & Investments","5.01","0.14","1.15","-0.2","-8.73","31.22","17.34","1.5","30.6"
"Margo Finance","Finance & Investments","0.81","0.24","0.21","0.03","61.54","220.65","0.0","0.21","50.35"
"Marico","Solvent Extraction","9653.0","1502.0","2278.0","320.0","1.7","7421.0","528.0","38.82","621.2"
"Marine Electric.","Electric Equipment","622.12","25.76","237.08","12.18","65.65","615.71","97.04","11.22","161.55"
"Marinetrans Indi","Miscellaneous","106.34","0.32","64.24","-0.14","0","42.09","6.79","2.0","28.1"
"Maris Spinners","Textiles - Cotton/Blended","160.65","-9.13","37.75","-0.19","-12.39","133.57","81.41","-35.35","39.0"
"Market Creators","Finance & Investments","6.66","-0.03","2.04","-0.18","7.37","37.79","5.01","-0.09","10.97"
"Markobenz Ventur","Textiles - Processing","23.85","2.2","12.48","1.25","0","11.5","1.09","0","19.1"
"Markolines Pavem","Miscellaneous","347.29","17.3","216.26","11.22","0","264.39","58.75","20.5","214.5"
"Nihar Info Glob.","Computers - Software - Medium / Small","3.18","-3.79","0.75","-3.42","-40.0","11.93","1.54","-33.09","5.78"
"Marksans Pharma","Pharmaceuticals - Indian - Formulations","2177.41","314.9","560.01","77.64","15.23","2680.95","244.06","16.47","164.75"
"Marshall Machin.","Engineering","27.96","-5.4","5.52","-1.31","-54.68","156.32","38.4","-9.35","30.77"
"Marsons","Electric Equipment","6.46","0.63","3.77","0.45","46.69","29.67","9.01","7.31","60.99"
"Martin Burn","Construction","1.99","1.18","1.64","-0.18","2242.86","100.84","9.73","2.37","62.5"
"Maruti Infra.","Construction","38.4","1.22","11.97","-1.01","-10.94","89.11","42.2","4.95","222.5"
"Maruti Interior","Miscellaneous","37.71","3.43","18.1","1.07","0","40.66","5.9","12.32","81.0"
"Maruti Sec.","Finance & Investments","0.0","-0.24","0.0","-0.05","0","1.05","35.37","0","8.15"
"Maruti Suzuki","Automobiles - Passenger Cars","141858.2","13488.2","38471.2","3952.3","19.43","115353.0","118.6","18.3","12135.0"
"Marvel Decor","Textiles - Products","53.43","3.22","27.23","1.74","0","76.37","14.24","7.23","106.0"
"MAS FINANC SER","Finance & Investments","1279.16","254.01","345.75","70.1","24.15","9547.34","7425.85","15.21","294.55"
"MASK INVESTMENTS","Finance & Investments","0.74","0.02","0.18","-0.2","200.0","155.46","0.83","0.02","90.16"
"Mason","Construction","41.84","3.16","0","0","0","53.07","12.13","0","92.4"
"Mastek","Computers - Software - Medium / Small","3054.79","310.97","779.73","94.41","9.95","3677.9","518.96","16.04","2762.25"
"Master Component","Plastics Products","25.29","2.68","13.8","1.67","0","26.32","0.0","23.0","313.0"
"Master Trust","Finance & Investments","500.46","108.08","164.14","37.87","80.27","1784.73","187.42","24.87","810.5"
"Mathew Easow Res","Finance & Investments","122.47","0.06","120.67","0.02","22246.3","37.46","23.25","0.43","9.21"
"Matrimony.com","Miscellaneous","481.36","49.55","119.23","11.73","4.12","501.98","57.99","18.2","649.5"
"Mauria Udyog","Packaging","335.1","16.74","89.86","3.48","40.54","465.51","191.35","69.46","10.12"
"Mawana Sugars","Sugar","1355.09","37.65","322.19","47.08","-8.03","1178.58","568.12","5.37","119.2"
"Max Estates","Construction","92.94","-55.12","30.01","-4.73","28.74","3101.4","961.76","-0.89","469.75"
"Max Financial","Finance & Investments","46576.22","392.58","14887.81","-50.08","49.94","162773.48","522.57","9.21","985.0"
"Max Healthcare","Healthcare","5406.02","1057.64","1422.9","251.54","17.16","11999.94","1298.95","13.37","945.45"
"Max Heights","Construction","22.42","0.36","0.92","-0.04","-32.85","136.77","70.28","1.06","72.4"
"Max India Ltd","Finance & Investments","175.63","-56.38","45.04","-21.57","-20.07","684.34","43.57","-10.9","299.0"
"Maximus Interna.","Trading","108.83","7.98","36.96","2.77","48.02","82.1","17.74","21.79","19.55"
"Maxposure","Entertainment / Electronic Media Software","42.81","7.71","22.65","4.16","0","70.59","1.49","21.93","96.5"
"Mayank Cattle Fo","Food - Processing - Indian","290.3","3.03","173.46","1.92","0","70.71","35.21","63.66","228.6"
"Mayukh Dealtrade","Trading","3.55","1.19","0.99","0.48","25.32","23.24","0.17","6.27","6.76"
"Mayur Floorings","Miscellaneous","4.24","0.07","1.34","0.02","100.0","7.95","1.55","1.39","10.01"
"Mayur Uniquoters","Leather / Leather Products","764.24","119.55","216.1","31.98","8.7","961.78","15.18","14.71","657.7"
"Mazagon Dock","Miscellaneous","9466.58","1936.97","3103.65","662.97","49.32","29448.81","0.93","35.21","4330.0"
"Mazda","Engineering","225.43","31.52","57.55","9.37","-13.98","240.5","0.0","15.83","1375.85"
"MBL Infrast","Construction","122.41","-39.33","24.04","-11.29","-44.25","2889.91","1087.87","-5.13","67.31"
"Mcleod Russel","Tea","1135.89","-311.59","194.95","-218.42","-13.75","3535.83","1892.15","-77.28","27.08"
"McNally Bharat","Engineering - Turnkey Services","168.11","-883.2","40.35","-251.8","-55.34","1999.34","3106.85","0","4.7"
"MCON Rasayan","Paints / Varnishes","42.13","2.24","24.88","1.16","0","45.62","15.95","16.75","211.15"
"Medi Assist Ser.","Miscellaneous","634.73","69.18","166.79","25.52","22.63","850.58","26.34","19.89","549.1"
"Medi Caps","Construction","27.34","-2.24","7.87","-1.08","-25.54","127.28","0.0","-1.87","49.37"
"Media Matrix","Entertainment / Electronic Media Software","1415.3","7.04","280.31","2.34","7.63","489.48","115.07","2.53","18.18"
"Mediaone Global","Entertainment / Electronic Media Software","19.82","3.74","5.43","-0.21","-8.59","51.19","34.63","0","40.95"
"Medicamen","Pharmaceuticals - Indian - Formulations","25.27","2.4","0","0","0","38.59","12.66","19.87","144.0"
"Medicamen Biotec","Pharmaceuticals - Indian - Formulations","179.31","9.49","47.32","2.04","22.37","294.52","30.82","4.82","464.65"
"Medico Intercon.","Trading","71.36","3.95","15.7","1.04","-45.88","56.04","4.85","9.16","51.22"
"Medico Remedies","Pharmaceuticals - Indian - Bulk Drugs & Formln","144.92","8.29","41.32","3.1","47.62","96.2","8.05","17.23","39.85"
"Medinova Diagno.","Healthcare","10.17","2.0","2.49","0.6","-9.45","5.38","5.0","0","48.62"
"Medplus Health","Trading","5624.86","65.57","1490.5","33.57","18.96","3004.8","1009.57","4.27","682.6"
"Meera Industries","Textile Machinery","30.14","1.47","9.6","0.6","137.04","36.97","4.15","5.87","51.0"
"Mefcom Capital","Finance & Investments","232.85","8.45","90.65","1.25","916.26","25.28","0.62","43.29","13.92"
"Mega Corp.","Finance & Investments","3.83","0.26","1.16","0.02","54.67","56.95","29.12","1.07","2.79"
"Mega Fin (India)","Finance & Investments","0.27","0.13","0.27","0.21","8.0","2.5","0.11","5.92","9.31"
"Mega Flex Plast.","Packaging","48.4","1.37","24.83","1.48","0","47.82","0.0","3.06","36.95"
"Mega Nirman","Trading","0.0","-0.53","0.0","-0.3","0","19.58","0.0","-5.89","18.01"
"Megasoft","Pharmaceuticals - Indian - Bulk Drugs & Formln","0.0","-12.75","0.0","-8.14","0","365.9","147.05","-6.82","67.31"
"Megastar Foods","Food - Processing - Indian","254.06","6.16","62.64","0.85","-21.84","154.93","56.85","8.98","251.8"
"Megatherm","Engineering","306.25","20.72","159.38","13.13","0","270.15","36.16","40.93","444.5"
"Meghmani Organi.","Pesticides / Agrochemicals - Indian","1566.28","-106.03","410.03","-17.96","-28.58","3040.14","836.81","-6.71","83.01"
"Meghna Infracon","Finance & Investments","52.79","3.17","9.49","0.55","267.83","14.03","0.68","27.3","452.0"
"Megri Soft","Computers - Software - Medium / Small","2.76","0.61","1.24","0.26","125.45","21.85","0.0","2.88","130.0"
"Mehai Technology","Trading","14.91","0.58","4.38","0.21","-2.88","57.48","8.85","2.07","27.8"
"Mehta Housg. Fin","Trading","0.0","-0.27","0","0","0","3.95","0.0","-6.79","156.0"
"Mehta Integrat.","Finance & Investments","0.01","1.54","0.0","1.18","-100.0","18.05","1.25","9.99","33.51"
"Mehta Securities","Finance & Investments","0.0","-0.15","0.0","-0.12","0","12.16","0.0","-2.87","27.01"
"Melstar Info.","Computers - Software - Medium / Small","4.42","-2.45","0.53","-0.21","-83.89","11.29","2.97","0","4.75"
"Mena Mani Inds.","Trading","12.82","0.15","8.81","0.37","136.83","29.47","15.95","0","9.02"
"Menon Bearings","Bearings","206.25","25.69","52.18","6.47","-3.14","223.23","34.14","18.36","139.15"
"Menon Pistons","Auto Ancillaries","208.82","24.2","52.55","7.98","12.74","190.9","20.58","19.33","91.3"
"MEP Infrast.","Construction","49.11","-272.85","18.65","-116.18","649.0","3204.64","391.72","0","8.01"
"Mercantile Vent.","Miscellaneous","60.39","-3.9","15.39","-1.28","17.84","396.81","0.0","1.12","28.93"
"Mercury EV-Tech","Automobiles - Passenger Cars","22.02","1.99","5.57","0.23","-20.31","150.6","55.54","3.05","72.22"
"Mercury Labs","Pharmaceuticals - Indian - Formulations","75.56","5.65","17.37","1.91","-10.6","67.96","5.56","11.71","960.0"
"Mercury Trade Li","Trading","13.83","1.14","3.08","0.11","600.0","19.66","0.0","19.22","16.83"
"Meson Valves Ind","Trading","63.14","9.05","43.22","6.44","0","84.74","5.61","45.09","1099.35"
"Metal Coatings","Steel - Medium / Small","168.41","2.5","43.98","0.95","1.57","47.79","2.04","6.53","84.9"
"Metro Brands","Leather / Leather Products","2356.7","415.47","582.98","155.57","7.14","3352.68","1098.43","24.18","1238.75"
"Metroglobal","Trading","234.79","16.28","58.25","8.15","-23.2","429.72","29.84","4.37","154.7"
"Metropolis Healt","Healthcare","1207.71","128.46","331.0","36.53","17.15","1555.06","197.07","12.26","2020.8"
"Meyer Apparel","Textiles - Products","4.28","-1.83","1.48","-0.36","-25.63","1.81","0.0","0","1.94"
"MFL India","Miscellaneous","52.24","-0.91","14.13","-0.43","557.21","19.83","15.0","0.0","0.77"
"MFS Intercorp","Mining / Minerals / Metals","0.0","-0.02","0.0","-0.01","0","5.58","0.0","-1.73","10.0"
"MIC Electronics","Electronics - Components","54.57","61.84","22.96","49.59","675.68","140.76","11.61","89.29","86.41"
"Micropro Softwar","Computers - Software - Medium / Small","21.48","3.11","15.52","5.13","0","55.27","3.92","18.87","43.5"
"Mid East Port.","Finance & Investments","0.0","0.06","0.0","0.01","0","3.22","0.0","1.88","11.0"
"Mid India Inds.","Trading","6.73","-0.42","1.42","-0.19","-62.92","4.28","0.0","0","8.84"
"Midwest Gold","Mining / Minerals / Metals","1.05","-2.3","0.73","-0.67","247.62","7.08","26.78","0","29.55"
"Mihika Industrie","Trading","6.2","0.19","6.2","0.29","0","22.03","0.01","0.87","28.5"
"Milestone Furn.","Miscellaneous","0.0","-0.63","0.0","-0.35","0","25.56","0.42","-2.46","9.32"
"Milestone Global","Miscellaneous","15.51","0.73","4.0","-0.25","5.26","10.52","0.0","8.2","33.2"
"MILGREY FIN.&INV","Finance & Investments","0.12","0.02","0.12","0.19","0","62.51","28.06","0.11","63.0"
"Milkfood","Food - Processing - Indian","436.93","7.12","121.69","3.88","-8.81","371.12","115.83","4.62","714.0"
"Millen. Online","Trading","1.19","-0.27","0.3","-0.12","-82.25","5.84","1.79","-6.13","2.68"
"Milton Industri.","Miscellaneous","89.06","3.19","47.96","2.44","0","73.15","15.22","7.41","46.8"
"Minal Industries","Diamond Cutting / Jewellery","37.05","0.38","14.81","5.95","132.13","87.17","13.23","-0.59","4.17"
"Minaxi Textiles","Textiles - Processing","34.29","-3.11","8.81","-1.65","28.43","25.26","16.87","-71.41","4.1"
"Minda Corp","Auto Ancillaries","4651.14","227.22","1214.98","70.75","13.07","3439.03","535.25","12.74","487.5"
"Mindspace Busine","Construction","2458.9","561.2","619.4","127.1","8.72","23814.5","6985.6","3.76","333.0"
"Mindteck (India)","Computers - Software - Medium / Small","385.53","27.31","97.9","6.48","10.32","275.53","2.21","13.27","307.75"
"Mini Diamonds(I)","Diamond Cutting / Jewellery","245.58","1.51","84.7","0.7","53.92","176.16","14.57","21.06","85.81"
"Minolta Finance","Finance & Investments","1.38","0.05","0.85","0.04","507.14","13.1","1.33","0.47","7.26"
"Mipco Seaml Ring","Computers - Software - Medium / Small","0.0","-0.31","0.0","-0.03","0","0.14","0.71","0","31.75"
"MIRC Electronics","Electronics - Consumer","968.04","-62.21","296.83","-51.11","31.94","569.85","103.92","-38.97","20.81"
"Mirza Internatio","Leather / Leather Products","630.4","12.04","152.43","1.19","-5.25","719.07","35.44","2.22","44.24"
"Mish Designs","Textiles - Products","13.15","0.81","8.88","0.56","0","14.22","1.85","37.16","270.0"
"Mishka Exim","Trading","4.07","0.25","3.26","0.31","70.68","23.77","0.03","1.17","35.56"
"Mishra Dhatu Nig","Steel - Medium / Small","1072.68","91.26","405.5","46.38","17.68","2905.71","432.64","7.0","465.55"
"Mishtann Foods","Food - Processing - Indian","1287.89","346.03","337.58","94.18","99.88","645.89","46.61","98.73","17.78"
"Misquita Engg.","Engineering","10.07","-0.29","4.75","0.33","0","13.59","0.56","-4.6","69.0"
"Mitcon Consult.","Miscellaneous","129.42","5.63","39.96","2.49","42.82","311.93","143.9","4.9","133.38"
"Mitshi India","Trading","20.67","1.81","3.43","0.04","12.83","3.98","0.0","-31.17","20.98"
"Mitsu Chem Plast","Plastics Products","311.25","8.86","82.27","2.83","-1.12","194.34","79.94","12.5","142.05"
"Mittal Life Styl","Trading","67.38","1.72","16.81","0.81","-5.19","37.84","0.78","0.78","2.16"
"Miven Mach. Tool","Engineering","1.44","-0.28","0.22","0.82","-65.08","0.11","0.0","0","114.0"
"MKP Mobility","Trading","22.59","1.14","7.61","0.59","6241.67","7.3","0.0","19.9","225.0"
"MKVentures Cap.","Finance & Investments","39.03","21.08","8.41","5.87","-19.68","130.59","0.0","33.58","2363.3"
"MMP Industries","Aluminium and Aluminium Products","578.54","31.64","160.17","10.01","11.6","435.02","93.22","11.59","275.55"
"MMTC","Trading","5.34","192.18","0.64","69.78","-99.91","3686.68","159.29","9.94","79.16"
"Modella Woollens","Trading","0.0","-0.13","0.0","-0.04","0","0.38","0.0","0","67.45"
"Modern Dairies","Food - Processing - Indian","361.5","34.23","97.83","6.34","20.9","89.78","7.86","0","50.5"
"Modern Engineer.","Construction","93.22","3.65","40.74","1.63","-39.75","47.95","11.93","0","183.35"
"Modern Insulator","Electric Equipment","443.29","36.49","140.21","16.23","14.21","554.25","19.14","8.93","145.2"
"Modern Shares","Finance & Investments","3.39","0.4","0.95","0.09","55.74","16.18","0.0","3.24","50.0"
"Modern Steels","Steel - Medium / Small","0.0","0.57","0.0","0.97","0","13.91","0.21","4.46","20.27"
"Modern Threads","Textiles - Spinning - Synthetic / Blended","300.49","25.43","74.57","4.76","4.29","201.74","0.01","21.88","63.0"
"Modi Naturals","Solvent Extraction","399.82","-1.38","119.8","1.26","8.49","306.19","169.54","-1.63","253.0"
"Modi Rubber","Miscellaneous","22.44","15.53","5.44","3.16","90.21","743.73","20.76","2.4","99.97"
"Modi's Navnirman","Construction","56.85","6.69","32.53","3.86","0","112.69","5.79","20.74","235.0"
"Modipon","Construction","0.0","-0.58","0.0","-0.19","0","7.66","44.81","0","42.5"
"Modison","Electric Equipment","404.56","21.34","113.58","6.15","29.91","271.22","31.71","8.83","124.25"
"Modulex Const.","Construction","0.0","-8.28","0.0","-1.86","0","307.77","7.29","-3.76","10.7"
"Mohini Health","Healthcare","199.61","10.75","98.36","5.6","0","139.71","22.52","11.98","64.0"
"Mohit Industries","Textiles - Processing","131.61","-1.91","26.52","0.13","-41.64","329.84","52.4","-0.84","27.55"
"Mohit Paper Mill","Paper","185.63","6.45","45.54","0.69","-20.62","177.16","76.56","15.62","36.5"
"Mohite Industrie","Textiles - Cotton/Blended","125.0","2.35","61.89","0.33","101.73","275.29","133.74","2.13","55.99"
"MOIL","Mining / Minerals / Metals","1449.42","293.34","415.88","91.15","-2.85","2888.82","0.0","12.49","492.0"
"Moksh Ornaments","Trading","449.2","6.25","105.58","1.43","1.18","107.2","49.44","11.55","15.83"
"Mold-Tek Pack.","Packaging","698.65","66.59","176.87","17.97","-4.24","819.82","126.26","11.55","804.7"
"Mold-Tek Technol","Engineering - Turnkey Services","160.74","27.85","42.24","6.42","-0.75","145.7","10.23","24.71","258.4"
"Monarch Networth","Finance & Investments","259.64","123.15","68.21","30.54","72.12","808.18","112.96","43.08","519.0"
"Money Masters","Finance & Investments","2.07","0.51","0.84","0.3","15.07","29.43","12.58","3.69","151.0"
"Moneyboxx Fin.","Finance & Investments","127.69","9.14","42.3","4.12","127.42","669.16","445.59","7.46","308.9"
"Monind","Mining / Minerals / Metals","0.0","-1.97","0.0","-0.56","0","25.47","24.77","0","24.92"
"Mono Pharmacare","Trading","122.34","2.46","55.81","0.59","0","81.11","41.44","17.82","40.4"
"Monotype India","Finance & Investments","4.58","9.27","2.44","2.05","0","9.89","16.22","0","0.96"
"Monte Carlo Fas.","Textiles - Products","1061.91","61.01","206.52","-18.96","-12.76","1517.46","381.97","7.76","608.0"
"Moongipa Capital","Finance & Investments","9.25","1.75","3.02","0.02","1018.52","6.6","0.0","31.62","36.0"
"Morarjee Text.","Textiles - Products","70.86","-163.28","9.07","-30.66","-84.66","462.76","522.04","0","14.5"
"Morarka Finance","Finance & Investments","7.58","6.32","0.81","0.53","8000.0","163.89","0.0","3.58","152.5"
"Morepen Labs.","Pharmaceuticals - Indian - Bulk Drugs & Formln","1690.43","96.62","423.07","28.74","16.33","1293.21","29.0","12.02","57.01"
"Morgan Ventures","Finance & Investments","23.01","9.95","10.91","4.81","3130.56","229.11","155.98","16.94","49.89"
"Morganite Crucib","Refractories / Intermediates","167.93","23.49","39.9","0.7","17.42","174.21","1.34","20.17","1510.0"
"MOS Utility","Trading","174.56","10.48","90.84","4.65","0","84.82","1.4","39.71","168.5"
"Moschip Tech.","Computers - Software - Medium / Small","293.91","9.88","75.42","0.87","40.11","382.49","69.49","5.17","268.95"
"Motherson Wiring","Auto Ancillaries","8328.25","638.3","2232.67","191.44","19.27","3138.92","259.08","42.45","75.15"
"Motil.Oswal.Fin.","Finance & Investments","7067.77","2445.61","2141.29","724.6","108.42","31829.21","13787.48","32.58","588.15"
"Motisons Jewel","Diamond Cutting / Jewellery","416.76","32.23","116.68","10.79","28.69","475.0","111.24","13.94","161.65"
"Motor & Gen Fin","Miscellaneous","6.2","1.39","1.65","1.67","21.32","177.9","1.27","1.79","34.6"
"Moxsh Overseas","Miscellaneous","10.64","-2.25","2.8","-2.44","0","15.53","3.31","-17.82","125.0"
"MPDL Ltd","Construction","7.34","18.54","-0.88","-2.53","35.77","154.69","41.47","17.05","38.0"
"MPF Systems","Engineering","0.07","-0.04","0.0","-0.1","0","0.14","1.22","0","59.03"
"Mphasis","Computers - Software - Large","13278.52","1554.82","3412.05","393.22","1.51","14130.24","2388.59","18.59","2498.0"
"MPIL Corporation","Miscellaneous","0.06","-0.58","0.01","-0.61","0.0","22.38","0.27","-3.57","662.55"
"MPL Plastics","Plastics Products","0.0","9.07","0.0","9.26","-100.0","2.5","3.15","0","16.19"
"MPS","Computers - Software - Medium / Small","545.31","118.77","149.42","28.71","17.23","736.53","4.54","26.89","1999.25"
"MPS Pharmaa","Pharmaceuticals - Indian - Formulations","0.0","-0.83","0.0","-0.24","0","9.94","7.27","-34.87","3.49"
"MRC Agrotech","Trading","14.66","0.89","2.56","0.16","-40.19","22.45","1.6","-2.12","12.6"
"MRF","Tyres","25169.21","2081.23","6349.36","396.11","8.69","26849.43","2821.5","13.25","128128.15"
"MRO-TEK Realty","Construction","35.13","3.6","8.65","-2.25","7.05","203.88","116.84","5.32","76.99"
"MRP Agro","Trading","43.2","1.0","7.3","0.26","0","15.2","1.8","9.54","122.7"
"Mrs Bectors","Food - Processing - Indian","1623.95","140.36","406.39","33.62","17.43","1100.29","244.89","23.25","1396.8"
"Mrugesh Trading","Finance & Investments","0.0","-0.25","0.0","0.0","0","0.33","0.1","-555.56","4.63"
"MSP Steel & Pow.","Steel - Medium / Small","2873.85","14.35","748.41","13.02","10.48","1637.74","781.48","2.56","26.49"
"MSR India","Mining / Minerals / Metals","0.0","0.93","0.0","0.43","-100.0","24.91","7.73","-35.1","9.17"
"MSTC","Trading","750.82","204.37","199.07","48.45","1.29","2248.86","145.0","24.39","849.15"
"MT Educare","Miscellaneous","47.33","-27.65","9.63","-10.4","5.36","290.8","135.06","-64.12","3.35"
"MTAR Technologie","Engineering","580.03","56.27","142.94","5.07","-27.19","1006.01","190.23","8.67","1850.0"
"Mudunuru","Computers - Software - Medium / Small","2.9","-3.16","0.01","-1.28","-80.0","6.25","3.13","-429.93","10.13"
"Mufin Green","Finance & Investments","97.8","16.06","32.21","4.05","139.12","925.59","640.07","8.31","120.1"
"Mukand","Steel - Large","5174.81","102.7","1239.16","29.09","-5.58","3046.34","1489.05","11.57","160.75"
"Mukat Pipes","Steel - Medium / Small","6.3","0.3","2.06","0.04","37.33","5.2","3.55","0","15.3"
"Mukesh Babu Fin.","Finance & Investments","16.79","5.87","-0.48","-1.35","-177.42","392.48","29.52","2.4","130.0"
"Mukka Proteins","Food - Processing - Indian","1379.83","74.3","256.7","29.15","-38.98","940.79","365.27","25.76","35.45"
"Mukta Agricultur","Trading","0.0","-1.93","0.0","-1.89","0","23.42","1.08","0.22","4.25"
"Mukta Arts","Entertainment / Electronic Media Software","194.55","-6.66","39.2","-6.99","-5.08","223.7","95.72","0","70.0"
"Muller & Phipps","Trading","4.14","0.72","0.79","0.3","-16.84","5.26","0.77","0","293.0"
"Multi Comm. Exc.","Miscellaneous","683.55","83.11","181.14","87.87","35.43","3408.79","1.66","5.82","3901.65"
"Multibase India","Plastics Products","64.74","11.15","14.65","3.95","-18.79","144.44","0.0","8.56","258.15"
"Multipurpose Trd","Finance & Investments","0.35","0.19","0.09","0.07","12.5","5.13","0.13","3.91","8.75"
"Munjal Auto Inds","Auto Ancillaries","1881.76","38.03","406.33","36.3","-15.84","1217.83","276.31","11.57","89.22"
"Munjal Showa","Auto Ancillaries","1172.73","30.77","294.29","7.82","-1.53","810.56","0.0","4.84","159.95"
"Munoth Capital","Finance & Investments","0.11","-0.22","0.05","-0.09","150.0","5.77","0.04","-4.26","100.0"
"Munoth Commun.","Trading","0.0","-0.32","0.0","-0.04","0","16.1","1.59","-2.2","10.88"
"Munoth Fin.Serv.","Finance & Investments","1.05","0.19","0.13","-0.25","30.0","14.0","0.6","1.79","63.65"
"Murae Organisor","Trading","2.54","0.05","0.0","1.17","-100.0","119.86","0.0","0.13","1.51"
"Murudesh.Ceramic","Ceramics - Tiles / Sanitaryware","186.31","5.13","51.66","1.17","-9.61","547.69","110.3","1.44","50.93"
"Music Broadcast","Entertainment / Electronic Media Software","228.54","6.84","62.63","2.97","21.82","680.62","106.43","1.29","16.05"
"Muthoot Cap.Serv","Finance & Investments","398.4","122.66","97.98","11.68","-14.84","2314.17","1660.09","9.29","306.45"
"Muthoot Finance","Finance & Investments","12635.01","4049.67","3408.92","1056.29","19.47","85028.42","58783.08","17.86","1803.3"
"Muthoot Microfin","Finance & Investments","2270.18","449.58","646.81","119.76","45.73","11590.23","8523.87","20.4","241.05"
"Mysore Petro","Trading","28.05","6.85","15.18","-0.67","134.98","304.15","20.31","3.16","177.65"
"Mystic Electron.","Trading","0.0","-1.49","0.0","-1.63","0","28.78","1.2","0.99","4.14"
"N D Metal Inds.","Mining / Minerals / Metals","0.06","0.13","0.0","0.06","-100.0","14.24","0.5","3.42","110.0"
"N G Industries","Healthcare","16.88","5.03","4.07","1.94","-3.1","39.92","1.18","15.64","172.0"
"N K Industries","Solvent Extraction","2.4","-1.17","0.6","0.0","-1.64","290.66","0.0","0","50.51"
"N R Agarwal Inds","Paper","1293.13","125.46","247.24","15.66","-36.02","1566.55","579.02","17.98","505.2"
"N2N Technologies","Computers - Software - Medium / Small","1.61","-0.03","0.29","-0.14","-3.33","6.47","0.22","-0.58","23.6"
"Naapbooks","Computers - Software - Medium / Small","7.77","1.66","5.79","1.09","0","19.32","1.82","21.84","63.72"
"NACL Industries","Pesticides / Agrochemicals - Indian","1778.73","-58.89","457.16","-9.01","-23.64","1818.27","789.08","-10.85","75.3"
"Nag. Agri Tech.","Miscellaneous","2.47","3.58","0.74","-2.59","-22.92","8.96","0.0","-9.43","18.81"
"Naga Dhunseri","Finance & Investments","29.07","33.84","3.36","-0.31","16700.0","884.96","0.0","4.29","3574.25"
"Nagarjuna Fert.","Fertilizers","4765.39","-1283.99","1160.06","-199.42","38.88","1173.04","3003.69","0","12.78"
"Nagpur Power","Mining / Minerals / Metals","0.0","-0.05","0.0","-1.51","0","78.88","0.04","-0.06","132.5"
"Nagreeka Cap.","Finance & Investments","62.88","13.34","24.42","3.31","142.74","115.92","95.56","0","28.47"
"Nagreeka Exports","Textiles - Cotton/Blended","559.03","6.01","139.04","2.61","10.79","347.04","165.75","4.66","33.9"
"Nahar Capital","Finance & Investments","23.88","11.77","6.27","8.87","17.86","906.82","4.3","0.97","322.8"
"Nahar Indl. Ent.","Textiles - Cotton/Blended","1471.76","9.62","372.72","19.67","-6.35","1645.58","531.97","1.17","138.4"
"Nahar Poly","Packaging","599.93","5.68","153.1","0.92","2.88","958.58","125.85","0.72","282.8"
"Nahar Spinning","Textiles - Products","3050.02","-51.08","815.42","-0.37","12.67","2889.09","1151.01","-2.98","301.0"
"Nakoda Group","Food - Processing - Indian","47.12","-2.12","10.65","-1.25","-15.61","40.68","18.27","-12.09","43.26"
"Naksh Precious","Trading","0.49","0.03","0.39","0.04","1850.0","6.52","0.06","0.5","8.71"
"Nalin Lease Fin.","Finance & Investments","6.66","3.85","1.61","0.96","23.85","37.24","4.31","13.0","45.95"
"Nalwa Sons Invst","Finance & Investments","88.4","56.28","10.92","1.75","13.99","14555.7","0.0","0.55","4575.1"
"Nam Securities","Finance & Investments","108.85","0.33","30.48","-0.26","61.96","12.14","0.0","3.05","120.0"
"Naman In-Store","Engineering","144.74","9.27","65.53","3.51","0","97.02","37.18","158.46","97.0"
"Nanavati Venture","Trading","25.83","0.2","14.32","0.59","0","22.39","0.0","2.48","49.6"
"Nandan Denim","Textiles - Products","2010.09","44.97","579.12","27.11","26.68","1182.12","329.88","7.99","47.85"
"Nandani Creation","Textiles - Products","45.11","0.55","19.59","2.74","84.29","69.74","25.46","1.93","48.79"
"Naperol Invest.","Finance & Investments","1.91","-0.37","0.29","-0.55","3.57","1077.98","0.0","-0.05","1021.1"
"Narayana Hrudaya","Healthcare","5018.25","789.62","1279.42","190.79","4.73","5624.58","1626.7","31.48","1217.5"
"Narbada Gems","Diamond Cutting / Jewellery","84.32","5.08","9.17","-2.34","-51.79","77.17","24.5","10.79","56.0"
"Narendra Prop.","Construction","18.63","2.25","3.48","-3.53","-68.98","37.91","0.0","6.14","43.05"
"Narmada Agrobase","Miscellaneous","49.74","1.02","18.75","0.61","2.68","27.96","9.68","6.22","22.4"
"Narmada Gelatine","Chemicals","181.8","15.38","49.47","4.31","-0.78","119.01","0.0","16.38","377.0"
"Narmada Macplast","Plastics Products","1.81","0.0","0.34","-0.03","61.9","3.45","0.61","0.0","16.91"
"Natco Pharma","Pharmaceuticals - Indian - Bulk Drugs & Formln","3998.8","1388.3","1068.3","386.3","18.98","6906.3","371.2","25.88","1215.65"
"Nath Bio-Genes","Miscellaneous","332.62","40.18","43.04","3.21","-4.19","877.08","108.68","6.2","220.05"
"Nath Industries","Paper","320.95","0.49","78.4","0.14","-12.31","451.47","105.88","0.2","73.75"
"National Fitting","Castings & Forgings","76.53","5.84","21.64","1.92","3.79","88.25","15.38","10.22","134.0"
"National High","Construction","943.91","294.2","240.57","65.73","10.45","27410.34","11734.49","2.51","131.0"
"National Plastic","Plastics Products","269.22","8.42","69.2","2.18","30.08","161.72","58.82","21.47","418.0"
"National Standar","Construction","21.37","14.74","5.59","4.22","-40.72","267.59","0.0","5.85","4699.0"
"Natl. Aluminium","Aluminium and Aluminium Products","13149.15","2059.95","3579.05","1015.83","-2.51","19418.6","96.38","12.67","192.15"
"Natl. Gen. Inds.","Steel - Medium / Small","12.81","3.0","3.7","0.64","29.37","38.32","1.41","4.53","77.88"
"Natl. Oxygen","Chemicals","45.26","-3.23","11.02","-0.84","-8.93","34.11","28.65","0","142.2"
"Natl. Plastic","Plastics Products","98.38","1.62","30.91","-0.58","-6.59","99.37","41.14","4.76","66.76"
"Natl. Plywood","Miscellaneous","40.47","-1.9","2.11","-0.55","-79.37","27.83","10.94","0","4.55"
"Natl.Fertilizer","Fertilizers","23560.31","150.05","5284.24","207.68","-15.55","11205.6","4090.73","5.89","135.2"
"Natraj Proteins","Solvent Extraction","193.73","-12.52","38.85","1.0","-22.35","77.83","40.08","1.55","50.0"
"Natura Hue Chem","Miscellaneous","0.07","0.12","0.0","0.06","0","10.86","0.25","1.15","8.25"
"Natural Biocon","Trading","13.53","0.15","11.37","0.06","1222.09","16.77","0.07","1.22","11.1"
"Natural Capsules","Pharmaceuticals - Indian - Bulk Drugs & Formln","155.42","5.55","40.22","0.97","6.91","376.53","109.01","3.15","317.0"
"Naturite Agro","Food - Processing - Indian","9.53","0.35","2.01","2.97","35.81","20.16","3.1","2.69","83.75"
"Naturo Indiabull","Trading","41.88","0.99","13.15","0.23","0","92.09","12.15","4.06","15.2"
"Nava","Diversified - Large","3818.12","1256.08","923.9","255.08","4.82","9698.1","413.66","13.39","758.95"
"Navigant Corp.","Finance & Investments","7.44","1.18","3.97","0.51","0","12.06","0.0","13.29","36.21"
"Navin Fluo.Intl.","Chemicals","2065.01","270.5","601.95","70.37","-13.65","4377.0","1368.46","10.0","3621.0"
"Navkar Corporat.","Miscellaneous","434.87","-1.71","117.92","7.26","13.88","2227.7","219.66","0.28","110.75"
"Navkar Urban.","Construction","18.72","1.02","0.16","-1.07","-96.96","214.68","13.71","0.66","13.82"
"Navneet Educat.","Printing & Stationery","1751.27","251.74","435.28","47.91","6.42","1747.22","257.51","15.76","155.55"
"Navoday Enterpri","Miscellaneous","11.41","0.33","4.3","0.02","0","14.68","0.0","3.91","7.66"
"Nazara Technolo.","Telecommunications - Service Provider","1138.28","74.75","266.21","0.18","-7.99","2761.78","27.7","4.36","870.45"
"NB Footwear","Leather / Leather Products","0.0","-0.19","0.0","-0.03","0","0.0","0.0","0","6.99"
"NBCC","Miscellaneous","10432.64","414.38","4024.5","141.49","43.05","12779.5","0.64","25.59","157.3"
"NBI Indl. Fin.","Finance & Investments","12.95","7.87","5.74","3.63","22.13","2426.46","0.0","0.34","2613.0"
"NCC","Construction","20844.96","740.41","6484.88","238.74","31.03","18097.38","980.02","11.44","320.55"
"NCC Blue Water","Aquaculture","0.0","0.44","0.0","0.13","0","8.37","0.0","5.47","9.61"
"NCL Industries","Cement - South India","1871.35","94.2","494.94","24.18","13.81","1541.98","218.0","11.56","239.65"
"NCL Res. & Finl.","Finance & Investments","10.69","1.61","7.2","0.24","605.88","113.31","0.0","1.37","1.2"
"NDA Securities","Finance & Investments","6.57","0.63","2.0","0.2","72.41","20.62","1.2","7.26","43.69"
"NDL Ventures","Entertainment / Electronic Media Software","0.0","1.62","0.0","0.32","0","68.92","0.0","2.48","98.6"
"NDR Auto Compon.","Auto Ancillaries","601.57","38.71","176.05","11.61","35.15","396.23","31.17","16.42","864.0"
"NDR INVIT Trust","Construction","42.72","18.41","0","0","0","0","0","0","103.75"
"NDTV","Entertainment / Electronic Media Software","370.01","-21.37","106.52","-8.68","59.08","599.36","113.49","-7.35","221.95"
"Nectar Lifesci.","Pharmaceuticals - Indian - Bulk Drugs & Formln","1685.64","4.99","441.38","0.59","13.52","2191.06","635.54","0.47","31.71"
"Neelamalai Agro","Tea","25.34","39.03","5.21","7.72","-5.96","285.42","0.0","8.48","4200.0"
"Neelkanth","Trading","5.72","0.3","1.03","0.11","0","11.14","0.47","3.18","41.31"
"Neelkanth Rock","Miscellaneous","0.0","0.24","0.0","0.35","0","8.11","0.0","3.1","13.21"
"Neeraj Paper Mkt","Trading","158.39","0.57","40.91","0.11","-17.05","62.86","25.41","2.08","19.5"
"Neil Industries","Finance & Investments","3.16","2.51","0.74","0.97","2.78","57.81","0.0","4.47","17.75"
"Nelcast","Castings & Forgings","1266.94","54.41","295.47","5.07","-5.65","1131.62","328.92","8.16","152.25"
"NELCO","Telecommunications - Equipment","320.3","23.67","81.61","6.1","-0.45","281.96","56.87","20.71","767.6"
"Neo Infracon","Construction","3.83","-0.13","0.99","-0.05","-77.45","32.7","16.56","-2.16","17.56"
"Neogem India","Diamond Cutting / Jewellery","0.0","-0.8","0.0","-0.04","0","41.86","17.93","-13.5","3.0"
"Neogen Chemicals","Chemicals","690.67","35.65","199.65","16.93","-2.09","1461.4","408.92","5.74","1612.25"
"NESCO","Construction","678.18","362.78","188.97","105.12","20.18","2650.32","0.26","17.03","928.65"
"Nestle India","Food - Processing - MNC","24393.89","3932.84","5267.59","934.17","9.05","10523.06","344.53","135.33","2573.0"
"Net Avenue","Trading","26.19","-1.58","12.85","-2.22","0","19.23","1.38","-93.72","16.6"
"Net Pix Shorts","Entertainment / Electronic Media Software","0.52","0.04","0.52","1.8","0","8.39","2.04","0.68","33.0"
"Netlink Solns(I)","Computers - Software - Medium / Small","1.96","9.2","1.84","4.5","34.31","26.67","0.0","45.1","159.0"
"Nettlinx","Telecommunications - Service Provider","32.75","8.15","11.87","3.47","117.4","80.73","14.43","18.05","104.9"
"Netweb Technol.","Computers - Hardware","724.08","75.9","265.89","29.66","115.49","612.47","9.57","29.39","2708.1"
"Network People","Computers - Software - Medium / Small","127.55","26.72","75.11","16.56","207.14","76.91","0.14","93.33","1621.15"
"Netwrk.18 Media","Entertainment / Electronic Media Software","9297.45","-396.79","2419.28","-206.92","63.06","40133.58","8155.89","-6.64","82.31"
"Neueon Towers","Transmisson Line Towers / Equipment","0.09","-93.7","0.05","-23.33","66.67","1260.22","1310.24","0","3.16"
"Neuland Labs.","Pharmaceuticals - Indian - Bulk Drugs","1558.58","300.08","385.01","67.56","-5.42","1832.56","95.39","26.36","7828.5"
"New India Assura","Finance & Investments","43518.48","1120.43","11685.87","312.9","14.77","108124.69","0.0","4.12","244.2"
"New Light Appare","Trading","12.05","0.37","5.88","0.38","311.19","11.34","4.01","14.71","20.0"
"New Swan","Auto Ancillaries","152.52","9.39","74.67","4.45","0","156.97","36.15","0","69.0"
"Newgen Software","Computers - Software - Medium / Small","1136.12","237.34","349.68","101.23","23.37","1513.12","41.69","22.95","990.0"
"Newjaisa Tech","Trading","61.73","6.32","35.58","3.42","0","66.4","7.57","67.96","118.0"
"Newtime Infra.","Construction","7.42","7.93","3.23","7.82","546.0","89.27","47.85","7.91","16.42"
"Next Mediaworks","Entertainment / Electronic Media Software","38.37","-38.72","10.76","-14.48","7.28","78.86","212.85","0","6.96"
"Nexus Select","Construction","1941.24","598.55","541.77","146.36","0","20110.46","4271.34","8.02","142.6"
"Nexus Surgical","Trading","3.47","0.21","0.6","0.06","328.57","1.81","0.0","45.65","14.27"
"NGL Fine Chem","Pharmaceuticals - Indian - Bulk Drugs","328.97","38.52","95.61","10.85","28.91","353.05","32.44","15.78","2355.4"
"NHC Foods","Trading","209.24","2.35","79.54","1.08","38.96","97.37","36.64","8.82","45.8"
"NHPC Ltd","Power Generation And Supply","9632.16","4028.01","1888.14","610.93","-6.93","93295.49","32560.8","9.59","100.35"
"NIBE","Engineering","279.0","22.06","149.38","12.19","139.89","290.7","69.15","18.87","2000.0"
"Nicco Parks","Recreation / Amusement Parks","79.33","24.76","18.32","4.94","-3.02","122.16","0.0","29.36","150.15"
"Nidan Laborator.","Healthcare","24.18","-3.23","12.35","-5.15","0","82.55","12.43","3.0","37.9"
"NIIT Learning","Computers - Education","1553.51","213.24","397.91","54.44","3.17","2033.14","132.12","24.83","449.95"
"Nikhil Adhesives","Chemicals","564.19","13.25","148.02","3.76","-7.88","295.49","53.95","12.29","126.0"
"Nikki Glob.Fin.","Finance & Investments","0.0","-0.15","0.0","-0.04","0","9.1","0.51","-10.68","8.3"
"Niks Technology","Computers - Software - Medium / Small","6.11","0.45","4.23","0.12","0","5.51","0.16","36.0","451.25"
"Nila Infrastruct","Construction","184.65","11.25","86.75","5.33","101.04","842.37","34.58","8.14","12.52"
"Nila Spaces","Construction","90.71","13.42","32.29","2.18","0","229.91","1.08","11.1","9.8"
"Nilachal Refract","Refractories / Intermediates","1.29","-6.5","0.44","-6.05","69.23","40.54","14.78","0","51.25"
"NILE","Mining / Minerals / Metals","837.62","31.6","174.12","6.34","-19.79","240.85","0.92","14.68","1341.0"
"Nilkamal Ltd","Plastics Products","3196.33","122.43","834.19","35.57","0.64","2220.82","405.96","8.7","1976.0"
"Nimbus Projects","Construction","5.87","0.01","4.9","5.02","807.41","127.11","6.86","0","49.47"
"NINtec Systems","Computers - Software - Medium / Small","64.74","14.07","19.31","4.67","85.49","45.54","2.36","53.2","492.65"
"Nippon Life Ind.","Finance & Investments","2035.65","1107.32","468.27","342.92","34.43","4375.04","0.0","29.54","668.85"
"Niraj Cement","Construction","470.22","10.28","133.99","7.47","-57.25","224.18","0.15","10.22","51.55"
"Nirav Commercial","Aluminium and Aluminium Products","11.33","0.32","2.59","-1.88","-26.21","31.85","0.0","1.08","706.85"
"Nirlon","Construction","603.12","205.56","153.36","51.18","3.54","2126.22","1145.58","53.06","430.0"
"Nirman Agri","Miscellaneous","63.34","10.4","20.46","3.34","0","44.22","0.63","32.35","238.0"
"Nirmitee Robotic","Miscellaneous","6.02","-0.97","3.6","-0.68","0","7.86","2.95","-18.73","123.1"
"Nitco","Trading","325.23","-162.97","71.78","-53.41","-32.14","730.28","972.99","0","79.99"
"Nitin Castings","Castings & Forgings","148.75","12.13","39.15","2.31","30.94","109.34","4.91","21.26","859.95"
"Nitin Spinners","Textiles - Cotton/Blended","2905.65","131.52","800.71","39.17","22.28","2716.65","1339.11","12.09","361.1"
"Nitiraj Engineer","Electronics - Components","100.44","12.04","52.58","7.42","362.45","90.52","0.24","16.35","252.45"
"Nitta Gelatin","Chemicals","532.73","84.11","130.4","13.43","-10.45","422.73","14.05","27.05","824.95"
"Nivaka Fashions","Trading","2.26","-0.26","0.85","0.91","-24.11","13.06","1.95","-2.54","4.3"
"Niyogin Fintech","Finance & Investments","195.77","-24.84","50.18","-3.81","48.77","452.06","53.92","-6.06","68.5"
"NLC India","Power Generation And Supply","12999.03","1867.56","3540.61","113.94","-31.04","54941.81","22415.49","11.7","238.75"
"NMDC","Mining / Minerals / Metals","21307.85","5570.87","6489.31","1409.78","10.9","35661.03","3358.78","23.9","250.1"
"NMDC Steel","Steel - Medium / Small","3048.99","-1560.32","1845.73","-860.83","0","29368.32","6661.91","-9.59","57.35"
"NMS Global","Miscellaneous","24.83","0.33","6.76","-0.78","79.31","64.0","20.58","6.92","73.38"
"NOCIL","Chemicals","1444.67","133.0","356.5","41.54","-9.22","2015.23","13.13","8.18","279.5"
"Noida Tollbridg.","Construction","20.84","-31.66","9.97","-5.37","119.6","347.58","66.71","-14.37","13.5"
"Norben Tea","Tea","6.58","-1.7","1.18","-1.03","59.46","25.83","10.44","-12.16","13.1"
"Norris Medicines","Pharmaceuticals - Indian - Bulk Drugs & Formln","5.64","-1.19","1.49","0.17","23.14","14.15","21.52","0","12.16"
"North Eastn.Car.","Miscellaneous","335.12","8.02","91.84","2.86","25.16","316.82","103.14","5.37","25.53"
"Northern Spirits","Trading","1235.31","16.57","638.63","9.74","107.97","238.88","137.75","19.86","196.0"
"Northlink Fiscal","Finance & Investments","0.5","-0.15","0.12","0.04","-14.29","7.38","1.16","-2.53","69.5"
"Nouveau Global","Trading","0.0","-0.22","0.0","-0.07","0","16.79","8.13","-3.56","0.49"
"Nova Agritech","Fertilizers","252.47","28.31","70.77","8.28","-3.28","297.99","61.2","22.03","65.28"
"Nova Iron &Steel","Steel - Sponge Iron","603.5","11.87","113.11","4.01","-31.94","447.03","361.68","0","23.71"
"Novartis India","Trading","335.07","85.19","81.17","14.68","6.62","924.93","6.97","11.21","1100.25"
"Novateor Resear.","Personal Care - Indian","1.21","0.03","0.85","0.02","0","10.46","1.11","0.38","43.75"
"NPR Finance","Finance & Investments","9.47","1.09","1.78","0.14","-48.26","52.72","3.77","0.7","25.64"
"NRB Bearings","Bearings","1094.03","241.51","284.61","31.77","-8.91","1240.28","178.43","12.75","351.45"
"NRB Indl Bearing","Bearings","73.11","-26.17","18.65","-7.36","-14.49","111.12","114.62","0","37.7"
"NTC Industries","Cigarettes","42.13","5.06","12.61","-2.61","23.02","169.33","46.33","7.14","131.85"
"NTPC","Power Generation And Supply","178500.88","21332.45","47622.06","6490.05","7.61","480196.57","237130.98","13.53","371.0"
"Nucleus Soft.","Computers - Software - Medium / Small","826.45","191.6","210.26","52.14","1.97","1114.02","4.59","24.04","1429.9"
"Nupur Recyclers","Trading","180.82","10.55","44.42","1.43","125.03","95.42","0.0","9.16","86.72"
"Nureca","Trading","91.93","-1.79","16.97","-4.15","-20.07","205.16","2.52","-3.14","270.55"
"Nutech Global","Trading","36.49","-0.08","8.75","0.15","12.9","17.79","8.34","-1.3","19.99"
"Nutricircle","Food - Processing - Indian","2.84","-1.25","0.0","-0.52","-100.0","1.47","5.46","0","261.9"
"Nuvama Wealth","Finance & Investments","3150.99","624.84","927.38","180.74","51.34","20386.93","6745.7","24.27","5079.75"
"Nuvoco Vistas","Cement - North India","10732.89","147.37","2933.44","100.35","0.17","18709.93","4403.74","1.65","371.0"
"Nuway Organic","Trading","0.01","0.22","0.0","-0.03","0","24.01","36.72","0","27.3"
"Nyssa Corp.","Finance & Investments","7.83","2.34","0.41","-0.93","95.24","38.23","2.36","8.08","6.77"
"O N G C","Oil Drilling / Allied Services","643037.01","57100.84","166770.63","11526.53","1.65","710192.97","153180.53","16.28","274.3"
"Oasis Securities","Finance & Investments","2.99","1.42","0.17","-0.47","-63.83","12.57","0.0","12.17","187.0"
"Oberoi Realty","Construction","4495.79","1926.6","1314.77","788.03","36.75","19632.98","2495.22","13.49","1754.85"
"Objectone Inform","Computers - Software - Medium / Small","20.41","-0.24","5.09","-2.41","70.23","19.98","1.61","-8.3","14.44"
"Octal Credit Cap","Finance & Investments","0.28","4.09","0.07","1.56","0.0","22.81","0.0","25.18","25.9"
"Octavius Plant.","Trading","24.29","1.78","11.13","0.63","0.54","20.63","1.93","10.31","81.1"
"Octaware Tech.","Computers - Software - Medium / Small","15.9","-1.58","8.42","-1.47","0","19.54","0.62","-10.55","59.23"
"Odyssey Corpn.","Finance & Investments","32.61","3.55","8.3","-1.32","-37.03","92.54","2.67","2.09","11.63"
"Odyssey Tech.","Computers - Software - Medium / Small","26.33","4.45","9.29","3.19","17.3","55.51","0.0","8.97","147.0"
"Oil Country","Steel - Medium / Small","18.24","-70.45","11.29","-14.64","7426.67","426.9","90.24","-31.48","37.65"
"Oil India","Oil Drilling / Allied Services","32466.03","6980.45","9147.01","2332.94","16.5","92152.86","24040.51","18.08","719.5"
"OK Play India","Plastics Products","184.56","1.13","60.08","-0.71","12.81","287.97","81.64","1.91","13.5"
"Olatech Solution","Computers - Software - Medium / Small","15.16","3.02","8.59","1.74","0","9.39","0.46","69.11","144.95"
"Olectra Greentec","Automobiles - LCVs / HCVs","1154.14","78.65","288.81","14.89","-23.17","1588.58","120.75","8.76","1781.9"
"Olympia Industri","Trading","189.05","0.79","53.1","0.2","6.2","138.56","50.34","1.53","55.17"
"Olympic Cards","Printing & Stationery","11.5","-1.03","2.44","1.99","-33.33","51.25","26.61","-16.56","3.1"
"Olympic Oil Ind.","Trading","0.0","-0.46","0.0","-0.09","0","366.17","38.47","0","50.34"
"Om Infra","Engineering - Turnkey Services","1113.82","47.27","295.71","3.15","-14.7","1456.17","74.34","6.71","166.0"
"Omansh Enterpri.","Trading","0.01","-0.33","0.01","-0.21","0","3.34","1.77","-143.48","0.66"
"Omax Autos","Auto Ancillaries","355.26","11.66","103.99","16.59","12.71","499.71","117.64","0.09","148.0"
"Omaxe","Construction","1614.32","-405.91","535.58","-143.59","85.02","13822.3","795.58","-58.41","117.05"
"Omega Interactiv","Computers - Software - Medium / Small","0.1","-0.15","0.0","-0.11","-100.0","0.77","0.0","7.14","299.3"
"Omfurn India","Miscellaneous","80.29","3.66","36.11","0.73","0","84.3","15.35","14.24","72.0"
"Omkar Overseas","Trading","0.0","-1.03","0.0","-0.03","0","0.11","0.03","-28.57","4.72"
"Omkar Pharmachem","Miscellaneous","0.54","0.19","0.14","-0.02","0.0","9.59","0.3","2.08","24.0"
"Omkar Spl.Chem.","Chemicals","19.36","-13.22","3.74","-2.9","-49.18","72.17","225.51","0","6.96"
"Omni Ax's","Computers - Software - Medium / Small","0.06","-0.1","0.01","-0.03","-66.67","12.19","0.0","-0.86","4.03"
"Omnipotent","Trading","33.6","0.16","19.57","0.04","0","23.09","0.23","0.76","9.48"
"Omnitex Industri","Trading","1.7","3.52","0.59","1.84","73.53","161.6","0.0","2.56","160.0"
"On Door Concepts","Trading","233.52","6.06","128.95","5.38","0","114.26","0.88","11.95","450.1"
"One 97","Miscellaneous","9977.8","-1422.4","2267.1","-550.5","-2.89","17139.1","176.6","-10.72","420.0"
"One Global Serv","Healthcare","63.01","7.11","24.3","3.97","355.06","31.81","0.34","65.56","146.2"
"One Point One","Computers - Software - Medium / Small","169.76","21.38","52.36","6.66","46.75","252.99","58.06","21.95","60.65"
"OneClick Logisti","Miscellaneous","28.73","0.66","14.31","0.45","0","17.15","2.24","330.0","80.15"
"Onelife Capital","Finance & Investments","37.0","0.64","32.41","1.8","2265.69","164.92","26.17","0.59","18.36"
"Onesource Ideas","Finance & Investments","8.1","0.04","3.76","-0.18","0","3.58","0.6","1.39","60.0"
"OnMobile Global","Telecommunications - Service Provider","513.24","15.32","122.68","-0.68","-4.31","885.48","16.74","2.34","72.57"
"Ontic Finserve","Finance & Investments","0.14","-2.75","0.0","-0.11","100.0","1.84","0.0","-86.61","0.59"
"Onward Technolog","Computers - Software - Medium / Small","472.39","33.92","118.44","6.68","-2.41","284.93","28.27","17.69","409.45"
"Optiemus Infra.","Trading","1527.72","56.76","490.1","24.04","43.94","1347.7","163.86","14.03","315.1"
"Optimus Finance","Finance & Investments","109.87","8.23","37.26","2.82","48.03","93.7","14.93","15.06","107.0"
"Oracle Fin.Serv.","Computers - Software - Medium / Small","6372.96","2219.36","1642.44","560.12","11.69","9749.43","42.96","28.98","10231.5"
"Orbit Exports","Textiles - Processing","200.06","34.07","44.33","5.63","6.08","295.53","23.45","15.09","182.15"
"Orchasp Ltd","Computers - Software - Medium / Small","13.25","0.68","3.5","0.01","-63.95","179.22","0.0","0.65","3.9"
"Orchid Pharma","Pharmaceuticals - Indian - Bulk Drugs & Formln","819.37","92.17","217.1","32.96","3.43","1553.87","135.18","9.92","1156.45"
"Organic Coatings","Chemicals","26.83","-0.47","9.04","0.22","52.45","19.12","10.85","-32.75","16.66"
"Organic Recyclin","Miscellaneous","27.49","7.77","14.91","5.75","0","135.04","33.05","30.66","303.0"
"Oriana Power Ltd","Power Generation And Supply","382.87","54.28","318.82","48.55","0","410.19","183.52","169.34","2457.0"
"Oricon Enterpris","Packaging","146.56","30.01","31.37","13.31","75.64","1436.2","112.84","-0.68","38.4"
"Orient Bell","Ceramics - Tiles / Sanitaryware","674.46","0.92","208.33","4.93","3.99","554.28","45.35","0.3","397.9"
"Orient Beverages","Miscellaneous","148.69","0.09","39.46","2.69","29.93","122.72","67.45","19.33","395.95"
"Orient Cement","Cement - South India","3185.09","174.85","888.03","68.2","1.37","2855.43","169.63","10.45","270.7"
"Orient Ceratech","Refractories / Intermediates","316.98","17.11","84.42","3.72","4.03","396.26","57.63","5.24","50.75"
"Orient Electric","Domestic Appliances","2812.12","75.27","787.66","12.8","19.72","1450.99","111.58","10.08","270.7"
"Orient Green","Power Generation And Supply","270.98","38.4","36.02","-25.25","-18.93","1617.62","753.53","4.44","20.33"
"Orient Paper","Paper","831.94","6.23","242.37","-6.42","-6.23","2425.84","320.87","0.4","55.3"
"Orient Press","Packaging","170.51","-1.06","47.66","0.96","-2.14","180.08","67.24","-1.54","107.98"
"Orient Tradelink","Construction","9.07","0.18","5.05","-0.68","241.22","31.58","3.3","1.44","12.3"
"Oriental Aromat.","Chemicals","836.4","9.1","216.48","10.12","10.82","994.95","205.75","1.45","389.45"
"Oriental Carbon","Chemicals","463.67","49.58","123.88","15.21","1.3","895.63","138.69","7.44","209.5"
"Oriental Hotels","Hotels","393.16","49.65","107.48","19.33","-3.52","890.17","201.73","8.49","137.6"
"Oriental Rail","Miscellaneous","526.2","30.01","172.04","4.37","42.91","646.31","275.79","15.22","276.7"
"Oriental Trimex","Trading","3.65","-6.5","3.01","-5.56","2215.38","108.39","6.51","-11.43","10.91"
"Orissa Bengal","Miscellaneous","332.8","3.69","71.68","-1.92","-11.51","113.61","13.65","4.21","61.89"
"Orissa Minerals","Mining / Minerals / Metals","55.26","-10.55","28.28","2.32","257.52","390.14","97.33","0","7213.3"
"Orosil Smiths","Diamond Cutting / Jewellery","0.5","-0.41","0.13","-0.07","-7.14","2.43","0.12","-32.03","3.99"
"Ortel Commu.","Entertainment / Electronic Media Software","60.26","-28.81","10.47","-9.31","-42.41","366.32","219.82","0","1.67"
"Ortin Labs.","Pharmaceuticals - Indian - Bulk Drugs & Formln","2.28","-8.04","0.3","-4.14","-79.87","6.59","1.8","-117.54","19.8"
"Oscar Global","Leather / Leather Products","0.0","-0.07","0.0","-0.04","0","3.35","0.0","-2.17","8.7"
"Osia Hyper Reta.","Trading","1144.47","18.3","312.73","4.69","66.41","547.55","114.91","11.72","23.5"
"Osiajee Texfab","Trading","2.38","1.16","0.69","0.3","35.29","17.12","6.05","12.37","38.73"
"Oswal Agro Mills","Trading","1.87","4.57","0.62","1.14","-97.32","842.86","0.34","0.55","45.08"
"Oswal Green Tech","Finance & Investments","55.6","6.37","25.45","3.34","397.07","2535.06","2.02","0.26","36.58"
"Oswal Leasing","Finance & Investments","0.15","-0.04","0.04","-0.01","0.0","2.8","0.0","-1.44","37.88"
"Oswal Yarns","Trading","1.94","-0.21","0.57","0.0","470.0","3.85","0.45","-6.33","18.55"
"OTCO Intl","Miscellaneous","2.01","0.06","0.75","0.0","-20.21","9.8","6.41","2.31","8.49"
"Ovobel Foods","Food - Processing - Indian","174.63","17.89","28.88","-1.79","-50.36","102.57","19.49","26.4","204.8"
"Owais Metal","Mining / Minerals / Metals","80.05","15.47","49.85","8.68","0","90.82","14.96","44.91","1389.5"
"Oxygenta Pharma","Pharmaceuticals - Indian - Bulk Drugs","39.64","-3.48","10.55","8.02","28.82","63.19","57.23","0","34.14"
"P & G Health Ltd","Pharmaceuticals - Multinational","1168.56","214.02","252.48","46.56","-21.33","1077.05","10.8","33.49","5072.0"
"P & G Hygiene","Personal Care - Multinational","4126.48","745.2","1002.17","154.37","13.48","2226.52","3.58","80.63","16647.35"
"P B A Infra.","Construction","60.49","2.45","19.95","-12.79","160.78","326.94","406.41","0","11.25"
"P I Industries","Pesticides / Agrochemicals - Indian","7665.8","1681.5","1741.0","369.5","11.2","10764.0","190.6","21.11","3837.45"
"P. H. Capital","Finance & Investments","161.32","20.13","64.92","-0.51","318.84","49.84","0.89","55.29","199.2"
"P.E. Analytics","Miscellaneous","39.86","11.67","22.2","6.58","0","87.37","0.0","17.04","290.0"
"P.M. Telelinnks","Trading","30.68","0.08","5.21","-0.01","-56.44","12.38","0.0","0.94","5.41"
"Pace E-Commerce","Trading","42.81","2.39","29.59","2.12","0","83.57","2.79","3.39","30.5"
"Pacheli Indust.","Finance & Investments","1.07","0.01","0.07","0.01","0","1004.77","1000.0","0.22","15.7"
"Pacific Inds","Miscellaneous","190.0","11.88","59.55","4.72","47.15","553.8","50.34","2.78","236.0"
"Padam Cotton","Finance & Investments","0.0","1.65","0.0","-0.37","0","7.03","0.0","-28.79","40.01"
"Padmalaya Tele.","Entertainment / Electronic Media Software","0.0","-0.22","0.0","-0.1","0","20.13","0.2","-1.33","2.98"
"Padmanabh Alloys","Plastics Products","42.24","0.48","9.56","-0.15","-1.14","17.52","3.29","5.66","31.2"
"Padmanabh Inds.","Chemicals","0.6","-0.06","0.6","0.01","227.66","1.53","0.61","0","7.38"
"PAE","Auto Ancillaries","0.0","-0.52","0.0","-0.16","0","0.82","12.04","0","4.26"
"Pagaria Energy","Mining / Minerals / Metals","0.0","0.05","0.0","0.03","0","6.63","0.0","0.8","8.78"
"Page Industries","Textiles - Products","4581.67","569.19","995.35","108.2","3.19","2682.58","184.85","38.36","38883.0"
"Paisalo Digital","Finance & Investments","658.75","178.97","195.29","36.61","65.51","4123.18","2655.4","14.34","75.41"
"Pakka","Paper","404.74","48.67","94.58","8.59","-14.87","517.62","182.06","20.36","249.4"
"Palash Securi.","Finance & Investments","40.95","-15.76","9.53","-4.78","-10.77","559.87","30.21","-2.22","142.45"
"Palco Metals Ltd","Castings & Forgings","194.45","2.83","60.93","-0.43","88.75","68.47","27.27","12.36","82.0"
"Palm Jewels","Trading","143.52","0.41","56.79","0.11","-25.75","20.01","2.7","2.08","21.47"
"Palred Technolog","Computers - Software - Medium / Small","115.99","-5.09","22.33","-1.05","-29.65","129.22","66.21","-5.89","102.8"
"Pan Electronics","Electronics - Components","2.03","-3.64","1.46","-2.99","100.0","12.39","33.53","0","64.03"
"Pan India Corpor","Finance & Investments","0.01","-0.08","0.0","0.48","0","15.59","0.0","-0.62","2.13"
"Panabyte Tech","Trading","3.75","-0.46","1.34","0.09","67.5","11.5","2.97","-6.99","26.79"
"Panacea Biotec","Pharmaceuticals - Indian - Bulk Drugs & Formln","559.17","-1.5","136.46","-1.99","5.84","1240.68","20.99","-4.1","135.15"
"Panache Digilife","Computers - Hardware","96.54","0.55","54.78","-0.22","0.61","96.54","32.65","11.59","119.8"
"Panafic Industri","Finance & Investments","0.68","0.02","0.19","-0.03","-70.77","9.91","0.0","0.2","1.24"
"Panama Petrochem","Petrochemicals","2356.74","195.15","740.97","60.98","45.17","1409.37","26.01","18.99","396.85"
"Panasonic Carbon","Electrodes - Graphites","51.31","18.59","12.49","4.65","55.35","162.43","0.0","12.34","525.8"
"Panasonic Energy","Dry Cells","292.42","11.64","72.51","1.07","19.2","143.77","1.18","11.97","522.1"
"Panch.Organics","Pharmaceuticals - Indian - Bulk Drugs","105.22","14.11","31.27","2.78","5.89","159.05","6.31","13.14","186.9"
"Panchmahal Steel","Steel - Medium / Small","427.62","2.97","98.5","2.44","-24.17","234.35","39.9","1.91","226.95"
"Panjon","Pharmaceuticals - Indian - Formulations","12.55","0.16","5.2","0.05","300.0","17.39","1.44","1.13","19.98"
"Pankaj Piyush","Finance & Investments","0.0","-4.55","0.0","-4.99","-100.0","23.32","2.2","2.22","256.7"
"Pankaj Polymers","Trading","1.76","-0.13","0.3","-0.05","-52.38","14.14","1.69","-1.17","10.32"
"Panorama Studios","Entertainment / Electronic Media Software","439.6","38.22","283.36","27.5","382.48","457.97","32.63","38.97","903.95"
"Pansari Develop.","Construction","56.49","5.21","12.22","1.49","168.57","326.56","86.11","4.2","102.59"
"Panth Infinity","Trading","4.72","-0.55","0.0","-0.35","-100.0","18.78","0.0","-2.91","7.25"
"Panyam Cement","Cement - South India","120.12","-55.02","39.31","-15.49","1355.93","206.72","349.32","0","229.3"
"Paos Industries","Detergents / Intermediates","0.0","-0.3","0.0","-0.07","0","0.1","14.39","0","29.29"
"Par Drugs & Che.","Pharmaceuticals - Indian - Bulk Drugs","95.64","14.5","22.82","3.72","-6.82","101.61","0.0","18.49","245.87"
"Paradeep Phosph.","Fertilizers","11575.12","99.91","2242.74","21.5","-38.45","9661.13","4013.71","2.83","85.2"
"Parag Milk Foods","Food - Processing - Indian","3138.7","90.58","790.12","9.81","-1.35","1890.89","644.7","10.56","175.7"
"Paragon Finance","Finance & Investments","3.54","0.86","0.78","0.45","168.97","31.01","0.71","3.05","57.69"
"Paragon Fine","Chemicals","121.33","14.31","61.17","8.32","0","110.53","8.69","64.06","125.0"
"Paramount Comm.","Cables - Power","1070.6","85.63","323.37","29.49","60.02","826.65","103.04","19.55","73.0"
"Paramount Cosmet","Personal Care - Indian","21.81","0.02","5.1","-0.21","-31.36","40.89","12.2","0.1","42.74"
"Paras Defence","Engineering","253.5","30.03","79.69","9.6","22.41","639.73","65.8","7.0","1446.75"
"Paras Petrofils","Textiles - Manmade","0.0","-0.37","0.0","-1.21","0","20.28","0.0","-1.8","3.7"
"Parin Furniture","Miscellaneous","81.93","2.27","33.74","0.79","0","125.16","45.27","4.09","235.0"
"Parker Agrochem","Miscellaneous","5.46","1.07","0.68","-0.34","-50.72","5.34","0.86","30.14","19.55"
"Parle Industries","Construction","0.0","0.03","0.0","0.04","-100.0","21.77","1.08","0.15","11.8"
"Parmax Pharma","Pharmaceuticals - Indian - Bulk Drugs","11.05","-5.75","4.26","-1.45","-33.23","15.33","5.91","-192.95","30.7"
"Parnax Lab","Pharmaceuticals - Indian - Formulations","188.71","9.63","46.37","2.24","13.35","188.77","80.64","14.37","102.0"
"Parshva Enterpr.","Trading","25.12","0.26","8.66","0.06","64.02","16.63","0.94","2.25","175.95"
"Parshwanath Corp","Construction","0.59","0.52","0.04","0.1","-84.0","12.15","0.42","4.07","61.2"
"Parsvnath Devl.","Construction","462.19","-594.14","87.07","-307.31","-68.91","5947.61","3240.16","0","13.21"
"Party Cruisers","Miscellaneous","60.79","6.22","19.56","0.46","0","26.45","0.29","27.43","130.5"
"Parvati Sweetner","Sugar","80.58","1.43","36.62","0.77","74.46","168.68","43.59","1.42","12.16"
"Pasari Spinning","Textiles - Cotton/Blended","0.69","0.43","0.17","0.09","0.0","2.63","2.06","0","9.2"
"Pashupati Cotsp.","Textiles - Cotton/Blended","658.38","8.3","395.39","8.08","0","310.12","150.6","7.45","480.0"
"Pasupati Acrylon","Textiles - Manmade","575.23","13.19","176.77","12.51","-0.8","499.03","44.23","4.09","38.0"
"Pasupati Fincap","Finance & Investments","0.07","-0.12","0.0","-0.06","0","0.08","0.24","0","3.26"
"Pasupati Spinng.","Textiles - Spinning - Synthetic / Blended","107.93","0.59","26.51","0.43","-22.58","101.4","51.86","1.96","36.05"
"Patanjali Foods","Solvent Extraction","31721.35","765.15","8221.66","206.32","4.43","13262.07","1048.74","7.63","1641.35"
"Patdiam Jeweller","Diamond Cutting / Jewellery","103.4","6.17","62.42","4.1","0","70.03","9.65","11.52","219.0"
"Patel Engineerin","Construction","4544.11","290.24","1343.18","140.34","11.46","8996.13","1909.91","7.34","65.84"
"Patel Integrated","Miscellaneous","290.55","5.54","85.85","1.67","33.87","192.03","24.12","4.67","23.02"
"Patels Airtemp","Engineering","370.76","14.69","115.45","4.74","14.09","371.19","92.65","10.79","728.0"
"Patidar Buildcon","Construction","0.23","-0.1","0.0","0.01","-100.0","9.43","2.53","-1.45","9.5"
"Patron Exim","Trading","6.58","0.67","5.32","0.59","0","45.33","0.26","1.74","8.6"
"Patspin India","Textiles - Cotton/Blended","43.84","-6.65","9.61","2.07","-57.65","88.4","73.35","0","14.35"
"Pattech Fitwell","Castings & Forgings","37.72","1.44","18.84","1.01","0","35.66","10.83","24.62","114.0"
"Paul Merchants","Finance & Investments","6666.58","54.63","901.15","9.34","-46.92","1156.33","492.78","10.2","841.3"
"Paushak","Chemicals","206.26","54.35","53.83","18.26","-4.66","481.34","0.0","14.27","5965.05"
"Pavna Industries","Auto Ancillaries","316.87","12.0","81.45","2.93","-3.17","257.7","108.27","15.68","533.8"
"PB Fintech.","Computers - Software - Medium / Small","3437.68","64.41","1089.57","60.19","25.37","6728.51","253.33","1.14","1469.45"
"PBM Polytex","Textiles - Cotton/Blended","191.57","-6.45","52.12","0.28","0.87","143.82","1.31","-5.32","85.5"
"PC Jeweller","Diamond Cutting / Jewellery","605.4","-629.36","48.49","-121.64","-72.03","7269.43","4150.41","-19.01","51.26"
"PCBL Ltd","Chemicals","6419.77","491.11","1928.78","110.95","40.4","11295.41","4983.1","16.16","256.0"
"PCS Technology","Computers - Software - Medium / Small","0.34","1.02","0.11","0.32","37.5","48.57","3.9","2.04","25.94"
"PDS","Trading","10372.65","202.68","3215.18","65.39","17.27","4061.89","1053.94","12.99","560.9"
"Pearl Global Ind","Textiles - Products","3436.15","169.12","877.37","48.99","20.2","1985.46","588.39","22.26","805.8"
"Pearl Green Club","Trading","10.23","0.17","4.39","0.08","0","34.01","0.0","1.37","155.95"
"Pearl Polymers","Trading","16.4","0.65","5.18","-0.5","6.58","45.19","0.1","1.7","32.35"
"Pecos Hotels","Hotels","9.96","1.16","4.98","0.47","0","6.51","0.0","24.27","184.8"
"Pee Cee Cosma","Detergents / Intermediates","133.64","10.44","30.54","2.71","3.11","48.3","1.54","29.55","448.95"
"Peeti Securities","Trading","24.83","0.41","7.57","0.11","-3.81","13.14","0.0","3.68","23.79"
"Peninsula Land","Construction","572.04","128.29","113.47","24.3","-21.87","1001.35","306.65","70.53","70.49"
"Pennar Industrie","Steel - Medium / Small","3130.57","98.35","822.8","28.81","23.09","2640.06","785.48","11.89","174.6"
"Pentagon Rubber","Miscellaneous","57.77","4.44","29.05","1.99","0","56.35","24.34","51.39","116.0"
"Pentokey Organy","Trading","4.4","0.87","0.0","0.05","-100.0","9.51","0.0","9.86","41.13"
"Peoples Invest","Finance & Investments","0.06","0.0","0.0","-0.01","-100.0","0.04","0.0","0.0","124.76"
"Perfect Infraeng","Electric Equipment","5.89","0.82","2.66","0.71","0","42.6","7.79","3.84","31.4"
"Perfect-Octave","Entertainment / Electronic Media Software","1.52","0.23","0.84","0.2","50.0","12.1","3.2","2.72","2.37"
"Perfectpac","Packaging","101.12","3.98","27.95","1.15","-2.2","46.67","0.87","11.93","114.3"
"Peria Kara. Tea","Tea","53.7","5.4","11.6","3.69","-1.11","227.85","21.54","2.86","490.1"
"Permanent Magnet","Electronics - Components","201.48","20.2","53.6","2.51","0","191.24","24.47","0","1089.65"
"Persistent Sys","Computers - Software - Large","9821.59","1093.49","2590.53","315.32","14.91","7371.75","451.13","23.99","4401.95"
"Petronet LNG","Miscellaneous","52728.43","3536.2","13793.16","737.58","-0.58","25075.86","3008.1","22.17","334.9"
"Pfizer","Pharmaceuticals - Multinational","2193.17","551.33","546.63","178.86","-4.54","4228.78","40.19","16.04","4614.95"
"PFL Infotech","Computers - Software - Medium / Small","0.0","-5.69","0.0","-5.67","0","0.75","0.05","-173.48","4.51"
"PG Electroplast","Electronics - Components","2746.5","134.9","1076.57","69.55","29.98","2307.99","434.76","18.81","3789.95"
"PG Foils","Aluminium and Aluminium Products","317.16","17.02","104.95","2.73","45.08","412.99","69.67","5.74","195.1"
"PH Trading","Trading","0.0","0.16","0.0","0.1","0","2.99","0.0","6.96","2.04"
"Phaarmasia","Pharmaceuticals - Indian - Bulk Drugs & Formln","30.59","-0.52","9.99","0.47","33.2","31.45","0.14","-4.93","52.95"
"Phantom Digital","Entertainment / Electronic Media Software","89.33","24.11","48.26","13.72","101.7","178.23","20.41","54.54","383.9"
"Pharmaids Pharma","Pharmaceuticals - Indian - Formulations","15.11","-11.85","5.81","-6.33","0","91.34","8.53","-16.93","50.79"
"Phoenix Intl.","Leather / Leather Products","27.45","2.38","6.68","0.96","-4.3","447.32","75.71","0.69","48.9"
"Phoenix Mills","Construction","3977.69","1332.75","1305.95","391.58","79.13","19283.34","4639.24","12.32","3543.45"
"Phoenix Township","Hotels","29.54","196.41","9.49","195.92","0","462.31","226.63","0","129.0"
"Phosphate Co","Fertilizers","114.96","2.02","24.62","-0.27","-31.59","120.93","20.24","2.41","150.0"
"Photon Capital","Finance & Investments","0.25","-1.98","0.07","-2.04","16.67","8.33","0.06","-21.44","73.3"
"Photoquip India","Photographic And Allied Products","16.17","-2.23","5.82","0.61","71.68","21.1","9.39","-29.38","24.25"
"Phyto Chem (I)","Pesticides / Agrochemicals - Indian","14.81","-3.33","0.45","-1.71","-91.0","31.71","18.19","-37.06","31.9"
"Piccadily Agro","Breweries & Distilleries","779.43","109.76","268.89","43.34","34.55","739.07","171.8","30.67","721.05"
"Piccadily Sugar","Breweries & Distilleries","4.84","-1.9","0.85","0.83","-73.44","68.67","15.22","-34.31","73.8"
"Picturehouse","Entertainment / Electronic Media Software","0.49","-0.65","0.0","0.27","-100.0","292.87","250.48","0","8.08"
"Pidilite Inds.","Chemicals","12382.99","1747.42","2901.85","304.29","7.91","12103.95","382.47","22.81","3163.75"
"Pil Italica Life","Plastics Products","95.43","4.62","24.93","0.55","8.16","97.11","15.61","6.41","12.14"
"Pilani Invest.","Finance & Investments","286.31","166.46","63.27","31.44","16.89","16449.24","948.56","1.29","5203.6"
"Pion. Embroider.","Textiles - Products","336.18","3.55","94.65","2.5","27.2","332.15","110.31","2.59","49.11"
"Pioneer Invest","Finance & Investments","35.56","4.07","11.45","3.34","18.53","405.68","108.41","2.83","49.0"
"Piotex","Textiles - Cotton/Blended","118.46","3.01","0","0","0","36.11","4.46","43.69","72.7"
"Piramal Enterp.","Finance & Investments","10110.47","-1683.53","2473.29","137.09","16.02","82605.0","53611.08","1.25","935.0"
"Piramal Pharma","Pharmaceuticals - Indian - Bulk Drugs & Formln","8171.16","17.82","2552.36","101.27","17.97","15311.81","4710.16","0.21","158.65"
"Pitti Engg.","Engineering","1201.6","90.2","327.88","40.36","32.48","1330.04","616.17","24.04","1018.85"
"Pix Transmission","Miscellaneous","493.06","82.99","128.95","24.43","-4.11","636.86","44.03","18.23","1379.8"
"Plada Infotech S","Computers - Software - Medium / Small","63.18","2.52","34.29","1.53","0","39.52","14.29","0","32.8"
"Plastiblends (I)","Chemicals","802.16","34.53","198.91","10.74","0.47","482.49","7.81","8.63","269.05"
"Platinum Industr","Chemicals","264.39","43.5","80.35","10.71","33.27","394.97","11.32","22.14","201.8"
"Platinumone Bus.","Computers - Software - Medium / Small","26.5","1.47","13.58","0.62","0","18.14","0.0","10.15","175.0"
"Plaza Wires","Cables - Power","198.81","3.68","52.51","0.63","0","172.77","41.31","4.26","87.5"
"PMC Fincorp","Finance & Investments","15.59","11.35","5.79","3.85","130.68","136.27","18.55","10.94","4.57"
"PNB Gilts","Finance & Investments","1576.36","69.41","473.88","68.13","52.7","24539.74","22403.09","5.18","135.9"
"PNB Housing","Finance - Housing","7013.74","1527.42","1800.72","443.8","10.69","72371.21","55016.54","11.8","794.15"
"PNC Infratech","Construction","8649.87","909.42","2600.15","395.89","12.81","15610.21","8025.33","19.21","481.55"
"PNGS Gargi FJ","Trading","50.48","8.46","15.38","2.35","116.93","38.64","2.12","34.1","610.0"
"POCL Enterprises","Mining / Minerals / Metals","1120.44","17.74","307.66","7.13","26.66","198.77","105.01","29.65","432.95"
"Poddar Housing","Construction","11.73","-65.67","-0.02","-16.2","-101.09","768.42","524.61","-34.9","91.96"
"Poddar Pigments","Dyes And Pigments","369.01","28.82","97.91","8.75","13.09","388.49","0.0","8.98","451.2"
"Pokarna","Miscellaneous","687.61","87.36","161.59","15.51","0.25","1215.68","390.09","16.62","712.25"
"Polo Hotels","Hotels","0.04","-0.74","0.0","-0.22","-100.0","173.72","74.74","-1.4","8.29"
"Polo Queen Ind.","Trading","68.44","2.87","26.47","1.4","18.01","211.61","14.65","1.53","44.55"
"Polson","Dyes And Pigments","96.39","5.2","24.18","0.55","21.57","180.28","34.75","4.37","16535.0"
"Poly Medicure","Healthcare","1375.8","258.26","378.07","68.36","23.21","1858.67","174.16","19.05","1977.1"
"Polycab India","Cables - Power","18039.44","1802.92","5591.9","553.47","29.33","12066.01","161.09","23.17","6738.5"
"Polychem","Petrochemicals","53.86","8.19","14.85","2.68","33.42","51.21","0.0","18.92","2829.0"
"Polycon Intl.","Plastics Products","23.02","0.06","5.57","0.56","6.1","42.05","32.14","1.57","20.3"
"Polylink Poly.","Plastics Products","74.66","1.73","22.39","0.79","59.36","35.65","1.9","6.42","28.31"
"Polymac Thermof.","Plastics Products","14.55","0.31","6.18","0.27","0","18.91","1.53","3.02","41.05"
"Polymechplast Ma","Engineering","59.04","0.79","17.79","0.51","-8.68","41.46","1.05","3.12","59.95"
"Polyplex Corpn","Packaging","6306.87","86.38","1678.69","31.37","0.7","7431.26","747.87","1.08","1030.05"
"Polysil Irrigati","Plastics Products","44.46","2.07","34.08","0.87","0","78.48","16.71","13.48","35.25"
"Polyspin Exports","Packaging","202.21","-2.78","48.88","-0.65","4.0","159.34","74.73","-3.26","46.26"
"Polytex India","Finance & Investments","0.0","-0.16","0.0","-0.04","0","2.92","0.15","-5.99","9.06"
"Pondy Oxides","Mining / Minerals / Metals","1523.82","39.52","355.71","12.3","-18.15","469.82","94.46","12.98","831.05"
"Ponni Sug.Erode","Sugar","421.31","46.86","71.31","13.56","-28.3","604.74","0.0","9.33","482.65"
"Poojawes. Metal.","Mining / Minerals / Metals","61.29","1.75","16.01","0.41","8.25","35.09","19.24","13.82","45.67"
"Poona Dal & Oil","Solvent Extraction","98.4","0.78","22.99","0.24","-27.61","56.43","0.0","1.41","64.99"
"Poonawalla Fin","Finance & Investments","5417.98","1683.06","915.0","331.7","58.65","24086.9","15215.72","13.9","414.7"
"Popees Care","Trading","0.0","-2.45","0.0","-2.35","0","0.14","0.03","-247.47","103.16"
"Popular Estate","Construction","0.0","-0.72","0.0","-0.15","0","51.3","7.83","-1.64","17.81"
"Popular Vehicles","Trading","5615.53","76.08","1363.71","20.11","4.51","1956.64","925.0","15.03","243.05"
"Porwal Auto Comp","Castings & Forgings","146.39","3.85","33.34","1.16","-6.3","84.15","5.73","5.9","72.91"
"Power & Instrum.","Electric Equipment","97.49","5.89","36.92","2.67","-16.83","107.46","14.67","12.3","76.05"
"Power Fin.Corpn.","Finance - Term-Lending Institutions","91096.72","26461.18","24141.4","7556.43","20.34","1038877.38","861961.06","21.33","488.7"
"Power Grid Corpn","Power Generation And Supply","45843.1","15573.16","11978.11","4166.33","-2.33","250890.52","123516.21","18.3","327.45"
"Power Mech Proj.","Engineering - Turnkey Services","4206.65","248.7","1301.53","84.41","10.85","3568.62","395.74","15.95","4901.95"
"Powergrid Infra.","Power Generation And Supply","945.4","1022.99","231.63","253.61","-7.11","8329.82","569.25","13.12","96.06"
"PPAP Automotive","Auto Ancillaries","522.92","-13.04","135.7","-8.16","2.59","555.16","162.35","-4.51","220.65"
"Prabhhans Inds","Construction","52.5","1.36","15.62","0.4","-15.48","28.77","4.9","20.25","72.0"
"Pradeep Metals","Castings & Forgings","276.67","22.28","79.49","7.83","26.07","239.86","73.33","21.39","240.0"
"Pradhin","Trading","4.61","0.54","1.7","0.59","-70.64","7.72","0.01","8.49","48.49"
"Prag Bosimi Syn.","Textiles - Manmade","0.06","-11.57","0.0","-3.9","-100.0","227.54","159.1","-217.48","3.13"
"Praj Industries","Engineering","3466.28","283.39","1018.56","91.93","1.45","2895.44","169.33","24.09","740.85"
"Prajay Engineers","Construction","57.46","-39.85","26.37","-24.12","127.72","899.96","181.88","-7.26","31.85"
"Prakash Industri","Steel - Medium / Small","3677.77","348.17","890.44","88.77","-11.88","4058.62","362.28","11.65","188.65"
"Prakash Pipes","Plastics Products","669.35","89.64","164.71","25.36","5.67","492.53","40.18","27.85","457.65"
"Prakash Steelage","Steel - Medium / Small","105.77","57.89","25.73","35.06","-17.98","40.36","0.31","0","9.66"
"Prakash Woollen","Textiles - Products","102.13","0.96","11.84","0.82","-21.64","127.01","52.36","2.02","37.39"
"Pramara Promotio","Trading","63.48","3.95","42.57","3.21","0","72.05","33.69","24.61","165.5"
"Prashant India","Textiles - Processing","0.43","-0.36","0.1","-0.13","-58.33","1.74","34.61","0","14.16"
"Prataap Snacks","Food - Processing - Indian","1617.94","53.12","388.1","12.38","0.38","1011.53","81.1","7.66","919.55"
"Pratham EPC","Construction","68.83","10.05","34.53","4.81","0","78.37","3.38","55.9","364.0"
"Pratik Panels","Miscellaneous","2.59","0.47","1.79","0.17","477.42","6.04","0.0","11.29","6.57"
"Pratiksha Chem.","Dyes And Pigments","10.3","0.05","4.03","-0.01","116.67","13.15","3.45","1.39","22.09"
"Praveg","Hotels","91.42","12.89","32.52","1.54","73.72","364.44","62.12","6.57","850.95"
"Praxis Home","Trading","219.58","-85.71","46.18","-33.51","-35.28","319.23","186.09","0","14.97"
"Prec. Electronic","Telecommunications - Equipment","47.34","1.46","13.78","1.56","41.92","45.23","19.28","10.32","158.55"
"Prec. Wires (I)","Mining / Minerals / Metals","3321.0","72.85","883.99","21.92","10.55","1062.08","98.61","15.23","163.7"
"Precision Camshf","Auto Ancillaries","1031.14","40.35","256.19","3.35","-8.03","1043.46","110.11","3.85","191.8"
"Precision Metal.","Auto Ancillaries","195.79","6.78","131.54","4.76","0","153.7","0.0","14.17","50.0"
"Precot","Textiles - Cotton/Blended","977.76","16.78","259.51","12.14","9.04","954.11","373.24","3.03","530.9"
"Prem. Explosives","Chemicals","271.72","28.12","86.79","6.63","65.88","444.65","65.73","13.54","738.8"
"Prem. Synthetic","Textiles - Cotton/Blended","52.74","-2.21","8.59","-0.62","-34.33","35.0","6.57","-7.88","16.0"
"Premco Global","Textiles - Products","97.88","10.24","27.4","2.93","5.43","129.44","6.27","9.11","495.55"
"Premier","Engineering","0.0","-10.41","0.0","-1.86","0","189.67","178.33","0","4.0"
"Premier Cap Serv","Trading","0.68","-12.5","0.22","-12.42","57.14","7.54","0.47","-0.08","4.77"
"Premier Polyfilm","Plastics Products","261.74","20.6","69.46","6.7","8.74","133.13","0.0","24.47","209.5"
"Premier Road","Miscellaneous","228.54","12.62","132.17","8.07","0","91.34","36.93","46.65","149.8"
"Premium Capital","Finance & Investments","0.68","-0.28","0.44","-0.23","0","0.33","0.0","0","4.01"
"Prerna Infra.","Construction","45.35","5.39","21.41","0.95","329.92","138.53","34.34","6.99","50.51"
"Press. Senstive","Packaging","349.05","141.49","70.76","29.25","72.21","199.17","0.01","113.96","8.21"
"Presstonic","Engineering","26.19","2.53","11.94","1.13","0","40.92","14.15","51.21","104.0"
"Prestige Estates","Construction","7877.1","1628.7","2164.0","235.9","-17.77","48518.7","13458.0","12.92","1842.5"
"Prevest Denpro","Healthcare","56.44","16.12","16.24","4.66","17.94","94.81","0.0","19.98","495.1"
"Pricol Ltd","Auto Ancillaries","2271.78","140.61","584.16","41.5","11.59","1435.64","53.74","18.15","503.05"
"Prima Agro","Miscellaneous","12.48","0.72","2.82","-0.56","-11.6","26.52","6.39","10.15","27.49"
"Prima Industries","Solvent Extraction","7.94","0.46","1.32","0.31","-10.81","24.65","2.71","2.98","22.05"
"Prima Plastics","Plastics Products","184.14","23.35","50.73","7.27","-6.73","214.14","36.38","15.02","184.95"
"Prime Capital Ma","Finance & Investments","0.0","0.01","0.0","-0.24","-100.0","10.66","0.2","0.11","16.33"
"Prime Focus","Entertainment / Electronic Media Software","3950.54","-488.49","873.1","-80.41","-39.18","7126.76","4859.49","-149.5","135.8"
"Prime Fresh","Trading","142.94","6.79","80.1","3.94","0","68.32","0.0","22.64","203.0"
"Prime Industries","Finance & Investments","15.5","10.84","1.21","-0.2","-81.06","51.76","6.5","50.81","200.0"
"Prime Property","Construction","55.64","6.51","20.98","1.49","0","81.97","0.0","8.74","28.25"
"Prime Securities","Finance & Investments","66.64","18.56","12.82","1.65","5.78","176.91","0.0","13.05","209.65"
"Prime Urban","Construction","10.63","-2.04","1.41","-0.49","-26.94","20.13","7.64","0","10.0"
"Primo Chemicals","Chlor Alkali / Soda Ash","396.98","-25.86","102.48","6.78","-30.66","707.71","178.23","-6.57","39.18"
"Prince Pipes","Plastics Products","2568.75","182.5","740.13","54.65","-3.18","2123.23","129.64","11.63","689.8"
"Prism Finance","Finance & Investments","9.16","5.16","0.24","-2.74","-58.62","25.92","0.0","25.1","28.66"
"Prism Johnson","Cement - North India","7587.51","161.93","2079.22","-30.5","-1.54","7089.48","1747.78","-5.26","173.95"
"Prism Medico","Trading","2.93","-0.02","0.15","-0.07","-88.19","15.24","0.0","-0.13","24.05"
"Prismx Global","Trading","12.73","-16.7","4.68","-0.42","76.6","99.81","1.26","-15.5","1.29"
"Prit Nandy Comm.","Entertainment / Electronic Media Software","57.72","2.42","28.87","1.11","4964.91","98.83","1.12","3.3","66.11"
"Prithvi Exchange","Finance & Investments","4159.87","13.06","937.74","3.25","29.63","58.79","1.18","35.15","335.95"
"Priti Internati.","Miscellaneous","90.33","9.57","29.73","1.34","2.27","76.34","0.0","17.6","141.18"
"Pritika Auto","Auto Ancillaries","407.76","16.85","82.58","2.59","-6.33","437.61","149.36","6.93","28.07"
"Pritika Engineer","Castings & Forgings","87.32","3.36","20.75","0.35","-0.62","124.31","60.24","10.01","57.25"
"Privi Speci.","Chemicals","1712.06","97.88","475.61","34.34","17.34","2188.71","900.07","11.23","1467.6"
"Priya","Trading","0.0","-4.04","0.0","-1.19","0","2.57","25.86","0","15.9"
"Pro CLB","Miscellaneous","0.36","0.18","0.3","0.08","0","12.93","0.02","1.64","7.87"
"Pro Fin Capital","Finance & Investments","21.79","-0.26","5.84","-3.55","51.3","362.45","315.64","-0.9","1.1"
"Procal Electroni","Electronics - Components","0.0","-0.05","0.0","-0.01","0","8.13","10.1","0","0.63"
"Progrex Ventures","Solvent Extraction","0.0","-0.11","0.0","-0.07","0","8.65","0.0","-1.46","16.42"
"Prolife Indust.","Dyes And Pigments","56.82","8.76","26.96","3.8","0","51.92","6.3","27.07","199.5"
"Promact Impex","Miscellaneous","1.78","0.9","1.08","0.87","-25.52","7.17","4.16","0","13.45"
"Promax Power","Engineering - Turnkey Services","60.26","1.37","31.54","0.93","0","61.08","13.06","5.88","52.25"
"Prospect Commod.","Trading","24.27","1.73","12.26","1.03","0","17.66","2.82","15.89","146.05"
"Protean eGov","Computers - Software - Medium / Small","882.04","97.29","222.08","19.29","-4.27","1185.24","20.79","10.91","1222.6"
"Proventus Agro.","Trading","497.03","7.21","296.48","4.72","0","142.42","2.09","11.37","1021.0"
"Prozone Realty","Miscellaneous","184.51","2.85","51.58","-13.26","-7.33","1555.95","421.93","0.56","30.23"
"Pruden. Sugar","Trading","104.84","6.26","70.96","0.5","314.73","154.4","30.35","6.5","22.89"
"Prudent Corp.","Finance & Investments","805.09","138.75","239.7","44.57","35.45","757.56","20.32","33.38","1908.05"
"PS IT Infra","Finance & Investments","20.72","-20.43","6.85","-2.89","30.73","37.43","0.3","-45.91","13.19"
"PSP Projects","Construction","2462.5","123.9","649.17","15.25","-10.76","2022.44","455.09","14.45","686.4"
"PTC India","Trading","16763.22","483.55","3507.39","96.17","-1.84","15122.95","4327.1","8.67","205.3"
"PTC India Fin","Finance & Investments","760.78","160.75","176.46","13.85","-8.92","6524.94","3925.57","6.45","46.79"
"PTC Industries","Castings & Forgings","256.88","42.22","72.41","14.72","16.36","895.69","181.89","9.23","14200.0"
"PTL Enterprises","Miscellaneous","64.35","23.56","16.08","5.56","0.06","1119.79","21.22","3.05","46.4"
"Pudumjee Paper","Paper","784.96","98.14","205.31","37.4","12.37","714.53","19.48","22.07","113.9"
"Pulsar Intl.","Finance & Investments","19.78","1.8","8.99","0.76","0","12.59","0.0","25.46","14.0"
"Pulz Electronics","Electronics - Consumer","46.51","8.28","22.33","4.19","0","39.0","0.2","39.56","108.0"
"Pun. & Sind Bank","Banks - Public Sector","9693.98","595.42","2481.27","139.35","17.88","136454.52","118683.87","3.94","59.65"
"Pune e","Finance & Investments","66.43","12.65","39.76","6.55","0","269.04","26.39","16.24","164.85"
"Punjab Chemicals","Pesticides / Agrochemicals - Indian","934.23","53.58","196.53","2.41","0.76","639.79","122.83","17.54","1433.4"
"Punjab Commun.","Telecommunications - Equipment","15.05","10.15","5.88","15.02","75.52","81.99","0.0","-11.42","72.15"
"Punjab Natl.Bank","Banks - Public Sector","109064.58","9157.15","28682.32","3363.02","18.01","1598635.96","1451810.86","8.54","123.25"
"Puravankara","Construction","2185.26","42.0","919.97","-6.71","136.5","11726.71","3325.32","2.17","517.2"
"Purity Flex Pack","Packaging","107.71","0.93","26.26","0.31","-0.79","75.51","17.52","2.81","2.14"
"Purohit Const.","Construction","0.0","-0.46","0.0","-0.09","-100.0","2.22","0.06","-20.58","14.3"
"Purple Entertain","Entertainment / Electronic Media Software","0.0","0.12","0.0","-0.14","0","22.68","12.23","1.23","5.39"
"Purple Finance","Finance & Investments","4.42","-7.61","1.43","0.56","60.67","73.87","24.34","-23.19","104.0"
"Purshottam Inves","Finance & Investments","79.2","8.37","16.42","3.93","284.54","87.33","44.91","25.07","45.85"
"Purv Flexi","Trading","254.18","7.49","119.79","1.75","0","338.45","145.68","8.37","161.05"
"PVP Ventures","Construction","8.47","61.58","3.67","2.46","105.03","378.6","42.84","-5.78","24.39"
"PVR Inox","Entertainment / Electronic Media Software","6107.1","-32.7","1256.4","-129.7","9.9","16820.4","8303.5","-0.44","1489.4"
"PVV Infra Ltd","Construction","87.92","3.09","12.15","1.83","-39.76","70.32","2.75","8.15","21.18"
"Pyramid Technopl","Packaging","532.42","29.34","133.65","7.29","8.55","303.32","19.98","17.81","169.0"
"Qgo Finance","Finance & Investments","14.05","2.65","3.73","0.88","21.5","95.55","1.3","18.57","58.8"
"QMS Medical","Trading","122.13","9.0","32.29","1.54","2.93","135.32","34.54","12.09","134.2"
"Quadpro ITeS","Computers - Software - Medium / Small","9.03","0.81","4.89","0.67","0","20.38","0.0","4.4","5.45"
"Quadrant Tele.","Telecommunications - Service Provider","269.46","-113.97","64.7","-31.83","-14.69","140.12","1776.46","0","2.4"
"Qualitek Labs","Miscellaneous","29.18","4.31","16.69","2.3","0","50.59","12.25","43.67","200.0"
"Quality Foils","Steel - Medium / Small","154.69","1.34","73.49","0.68","0","69.49","34.7","4.89","117.7"
"Quality RO Indu.","Domestic Appliances","13.22","1.56","7.08","0.87","0","15.39","2.07","18.96","103.51"
"Quantum Build","Construction","0.0","-0.3","0.0","-0.07","0","6.04","1.82","-9.58","3.26"
"Quantum Digital","Packaging","0.03","2.86","0.0","-0.04","-100.0","2.28","2.31","0","18.3"
"Quasar India","Trading","36.46","1.66","8.44","-0.04","674.31","44.58","35.71","23.22","12.82"
"Quess Corp","Diversified - Large","19100.13","280.41","4909.75","97.84","10.57","6255.04","838.12","11.18","616.65"
"Quest","Pharmaceuticals - Indian - Formulations","82.56","10.09","41.55","3.77","0","59.29","5.08","67.18","145.5"
"Quest Capital","Finance & Investments","26.46","20.15","22.28","17.31","6.35","1035.79","0.0","2.43","394.95"
"Quest Softech","Electric Equipment","1.02","-2.1","0.87","-0.18","2800.0","18.58","0.05","-20.43","40.6"
"Quick Heal Tech","Computers - Software - Medium / Small","291.75","24.24","80.03","14.04","62.4","512.63","0.0","5.66","514.15"
"Quicktouch Tech","Computers - Software - Medium / Small","122.02","6.77","75.65","3.36","-20.66","116.46","22.89","14.1","123.95"
"Quint Digital","Computers - Software - Medium / Small","65.98","57.27","15.25","0.45","-22.31","497.99","220.16","-11.64","95.0"
"Quintegra Soln.","Computers - Software - Medium / Small","0.0","-0.05","0.0","-0.01","0","1.2","13.21","0","2.38"
"R C F","Fertilizers","16981.31","225.28","3879.65","95.24","-17.17","11455.72","3296.64","4.24","198.85"
"R G F Capital","Finance & Investments","0.31","0.0","0.27","0.24","80.0","15.0","0.0","0.0","0.71"
"R J Shah & Co","Engineering - Turnkey Services","0.0","3.74","0.0","3.36","-100.0","36.74","1.23","11.19","597.95"
"R K Swamy","Miscellaneous","331.52","39.72","118.28","26.18","43.02","396.08","20.47","27.72","268.6"
"R M Drip & Sprin","Plastics Products","50.27","5.41","41.92","4.83","0","66.78","5.81","42.46","150.5"
"R O Jewels","Trading","366.31","0.92","57.71","-0.65","-88.24","20.79","6.59","7.32","4.83"
"R R Fin. Cons.","Finance & Investments","19.75","0.43","3.95","-0.59","-2.95","60.97","10.05","0.81","17.97"
"R R Kabel","Cables - Power","6594.57","297.02","1754.07","78.47","15.66","2865.13","359.98","21.02","1756.3"
"R R Securities","Finance & Investments","0.0","0.1","0.0","0.01","0","4.75","0.14","2.2","12.0"
"R S Software (I)","Computers - Software - Medium / Small","59.54","18.36","18.23","6.71","48.82","68.33","1.55","45.68","237.05"
"R Systems Intl.","Computers - Software - Medium / Small","1697.09","131.77","416.64","27.49","3.11","1314.65","131.18","24.28","528.5"
"R&B Denims","Textiles - Cotton/Blended","349.05","21.98","123.21","7.42","74.59","287.55","52.03","17.99","67.05"
"Raaj Medisafe","Packaging","41.55","3.19","10.17","0.94","6.49","27.87","15.98","57.22","93.0"
"Raasi Refractor","Refractories / Intermediates","40.33","0.3","13.33","-0.02","-41.48","53.87","29.39","0","34.68"
"Race Eco","Trading","347.48","1.55","85.17","0.11","-7.74","82.96","42.52","7.34","437.65"
"Rachana Infra.","Construction","91.48","3.63","64.8","2.9","0","126.45","15.42","4.02","76.2"
"RACL Geartech","Auto Ancillaries","417.29","39.81","113.86","8.42","19.31","580.39","288.97","21.36","1172.3"
"Raconteur Global","Entertainment / Electronic Media Software","0.0","1.11","0.0","-1.54","0","16.32","0.01","11.33","21.75"
"Radaan Media.","Entertainment / Electronic Media Software","21.33","-0.45","11.87","3.24","100.85","38.53","33.89","0","1.91"
"Radhagobind Comm","Trading","0.07","-7.51","0.07","-0.21","600.0","0.15","0.92","0","2.5"
"Radhe Develop.","Construction","6.76","-4.63","4.29","-0.99","694.44","139.88","42.43","-8.76","3.04"
"Radhika Jeweltec","Diamond Cutting / Jewellery","544.06","49.53","153.59","11.46","54.25","321.02","50.86","20.63","62.7"
"Radiant Cash","Miscellaneous","384.54","45.44","97.29","8.99","8.47","309.39","32.54","18.79","79.98"
"Radico Khaitan","Breweries & Distilleries","4118.52","255.76","1078.68","56.79","29.67","4032.68","818.36","11.29","1776.85"
"Radiowalla","Entertainment / Electronic Media Software","15.35","1.54","7.96","0.6","0","9.16","0.96","45.97","122.1"
"Radix Industries","Personal Care - Indian","33.0","2.23","7.93","0.65","-12.95","19.79","0.76","11.99","148.75"
"Raghav Product.","Refractories / Intermediates","118.75","25.25","31.5","6.68","-8.59","174.7","0.0","17.21","767.0"
"Raghunath Intl.","Construction","0.0","0.13","0.0","0.0","0","14.29","0.0","0.96","14.03"
"Raghuvansh Agro.","Miscellaneous","13.97","6.52","9.58","4.2","0","91.92","14.11","10.04","208.0"
"Raghuvir Synth","Textiles - Processing","240.46","4.74","63.41","3.49","67.13","110.33","36.46","19.86","117.9"
"Rail Vikas","Construction","21732.58","1462.95","6700.69","433.32","17.12","18733.53","6032.53","20.39","417.85"
"Railtel Corpn.","Telecommunications - Service Provider","2567.82","246.21","832.7","77.53","19.39","4049.58","45.62","15.31","482.15"
"Rain Industries","Miscellaneous","16558.23","-1054.51","3670.24","-116.45","-30.14","19986.54","8690.18","-10.15","160.55"
"Rainbow Child.","Healthcare","1296.9","218.29","341.1","51.06","7.61","2170.4","765.31","18.72","1262.55"
"Rainbow Foundat.","Construction","93.48","3.82","32.94","3.03","111.83","617.41","292.77","5.39","17.45"
"Raj Oil Mills","Solvent Extraction","124.72","1.71","30.24","0.1","-20.9","45.1","30.96","0","51.27"
"Raj Packaging","Packaging","30.06","-1.42","7.51","-0.18","-25.94","18.36","2.88","-10.05","29.36"
"Raj Rayon Inds.","Textiles - Processing","745.1","4.04","217.06","-2.14","96.61","420.96","176.33","3.81","21.31"
"Raj Television","Entertainment / Electronic Media Software","106.46","0.81","16.2","0.99","-58.12","183.39","19.27","0.56","97.55"
"Raja Bahadur Int","Construction","21.23","1.26","5.8","1.9","45.36","182.46","152.55","10.76","4305.0"
"Rajapalayam Mill","Textiles - Cotton/Blended","858.56","44.36","223.33","8.29","0.91","3516.35","1086.62","0.75","1120.0"
"Rajas. Petro Syn","Miscellaneous","0.2","0.0","0.05","0.01","0.0","0.03","0.0","0","3.13"
"Rajas. Tube Mfg","Steel - Medium / Small","94.91","0.72","18.88","-0.06","-33.54","28.43","8.68","9.1","26.66"
"Rajasthan Cylind","Miscellaneous","0.0","-1.37","0.0","-0.43","-100.0","21.09","0.76","-4.27","39.09"
"Rajasthan Gases","Miscellaneous","0.0","-0.5","0.0","-0.04","0","28.91","0.0","-2.71","22.32"
"Rajdarshan Inds","Trading","1.58","0.72","0.42","0.14","-4.55","22.21","0.5","3.41","48.66"
"Rajesh Exports","Diamond Cutting / Jewellery","280676.35","335.53","91444.97","-31.57","-20.79","22071.8","654.97","2.24","282.9"
"Rajeshwari Cans","Packaging","34.58","1.33","19.14","0.68","0","21.53","3.77","15.25","154.65"
"Rajeswari Infra.","Construction","0.0","-0.21","0.0","-0.08","-100.0","13.22","0.0","0","5.12"
"Rajgor Castor","Solvent Extraction","564.84","9.78","374.21","6.42","0","187.82","47.44","41.34","38.0"
"Rajkamal Synth.","Textiles - Processing","0.4","0.15","0.21","0.09","23.53","0.49","0.12","600.0","30.99"
"Rajkot Inv.Trust","Finance & Investments","0.35","0.06","0.27","0.15","575.0","26.63","21.35","1.32","40.29"
"Rajnandini Metal","Mining / Minerals / Metals","1212.43","15.24","315.8","0.29","-5.85","164.29","100.42","31.06","11.18"
"Rajnish Retail","Trading","6.29","0.34","4.03","0.32","194.16","64.62","0.04","1.01","77.2"
"Rajnish Wellness","Trading","76.68","1.03","26.98","0.28","372.5","106.26","4.93","1.23","5.91"
"Rajoo Engineers","Engineering","197.35","19.71","52.68","6.25","-26.25","220.07","1.67","17.77","309.6"
"Rajputana Invest","Trading","2.86","0.52","0.68","-0.02","161.54","4.17","0.0","15.12","32.85"
"Rajratan Global","Steel - Medium / Small","890.45","71.83","239.57","20.24","9.18","826.35","190.66","15.41","587.5"
"Rajshree Polypac","Packaging","274.39","9.5","69.37","2.38","7.0","281.62","86.56","6.67","72.79"
"Rajshree Sugars","Sugar","763.65","13.76","186.01","15.8","-14.68","805.67","392.56","5.33","76.5"
"Rajvi Logitrade","Miscellaneous","30.91","0.77","7.98","0.37","41.49","7.71","0.0","56.62","11.29"
"Rajvir Inds.","Textiles - Jute - Yarn / Products","18.01","-38.34","6.45","-8.52","-15.91","172.76","102.41","0","6.92"
"Rallis India","Pesticides / Agrochemicals - Indian","2648.38","147.87","436.0","-21.0","-16.63","3003.45","133.7","8.3","316.3"
"Ram Info","Computers - Software - Medium / Small","82.09","6.38","24.93","0.42","21.2","140.37","10.87","13.9","129.5"
"Ram Ratna Wires","Mining / Minerals / Metals","2983.25","54.62","803.39","19.39","10.9","953.5","238.03","14.48","393.0"
"Rama Paper Mills","Paper","56.7","-19.48","16.1","-6.43","-49.29","73.2","46.28","0","15.12"
"Rama Petrochem","Trading","0.81","-0.41","0.0","-0.01","-100.0","4.03","39.97","0","9.06"
"Rama Phosphates","Fertilizers","603.17","-31.07","186.21","-2.33","-23.17","626.03","148.59","-9.39","189.0"
"Rama Steel Tubes","Steel - Medium / Small","1046.51","30.0","268.27","7.65","-32.8","734.36","145.06","10.39","11.59"
"Rama Vision","Trading","89.57","3.39","22.96","0.89","17.74","56.78","18.76","13.7","91.75"
"Ramasigns Indus.","Trading","10.33","-5.2","1.72","-2.33","-67.79","44.84","9.76","-34.3","2.18"
"Ramchandra Leas.","Finance & Investments","0.46","0.02","0.36","0.01","-5.26","7.09","0.0","0.36","1.09"
"Ramco Inds.","Cement Products","1501.32","105.72","364.91","43.81","4.26","4575.2","241.56","2.66","253.4"
"Ramco Systems","Computers - Software - Medium / Small","525.83","-241.67","131.2","-22.99","3.95","668.03","62.7","-57.23","331.8"
"Ramdevbaba Sol.","Solvent Extraction","686.44","13.03","391.7","7.51","0","229.15","110.88","27.24","99.8"
"Ramgopal Polytex","Trading","11.0","-1.67","1.03","-0.28","-33.97","12.12","0.0","-13.62","5.06"
"Ramkrishna Forg.","Castings & Forgings","3954.88","341.44","1023.26","93.85","14.76","5308.03","1206.53","17.05","904.75"
"Ramky Infra","Construction","2160.52","321.07","581.19","57.51","0.83","4262.1","834.35","19.71","587.2"
"Ramsons Projects","Finance & Investments","0.53","3.22","0.19","-0.31","11.76","10.65","0.0","14.95","26.2"
"Rana Sugars","Sugar","1592.63","27.97","415.39","21.7","-8.02","1502.98","414.56","5.46","24.98"
"Rander Corpn.","Finance & Investments","3.96","1.84","1.11","0.65","-29.3","26.91","0.0","8.35","13.15"
"Rane (Madras)","Auto Ancillaries","2238.95","3.02","518.32","-9.37","-16.61","1369.16","728.42","43.74","875.0"
"Rane Brake Lin.","Auto Ancillaries","660.83","40.28","186.22","15.39","12.95","400.72","0.63","15.19","998.4"
"Rane Engine Val.","Auto Ancillaries","566.75","11.46","149.82","4.74","10.4","353.83","122.18","13.74","422.15"
"Rane Holdings","Finance & Investments","3529.82","149.61","870.19","38.41","-7.19","2646.41","853.36","20.79","1366.0"
"Ranjeet Mechatr.","Engineering","16.89","0.13","11.76","0.0","-0.04","32.81","8.38","0.98","38.81"
"Rap Media","Construction","0.0","-0.79","0.0","-0.16","0","12.18","3.45","-9.36","21.6"
"Rapicut Carbides","Engineering","60.16","0.49","16.92","0.53","7.77","33.64","1.25","2.26","111.0"
"Ras Resorts","Hotels","13.29","0.18","3.91","0.51","5.39","31.36","3.93","0.86","42.06"
"Rasandik Engg.","Auto Ancillaries","86.25","7.13","18.96","12.73","-29.12","184.87","40.44","6.71","112.9"
"Rashi Peripheral","Trading","11094.7","143.86","3002.23","47.06","32.9","3818.85","699.71","11.87","328.15"
"Rasi Electrodes","Electrodes - Welding Equipment","83.83","3.2","22.74","0.97","-0.57","37.3","1.3","10.32","27.98"
"Rategain Travel","Computers - Software - Medium / Small","957.03","145.39","255.81","50.02","39.84","1731.01","16.66","13.46","766.3"
"Rathi Bars","Steel - Medium / Small","614.04","3.57","137.32","1.23","-30.79","178.7","66.56","3.87","47.6"
"Rathi Steel","Steel - Medium / Small","492.83","23.53","118.35","20.13","-29.03","219.5","0.0","13.9","48.45"
"Ratnabhumi Dev.","Construction","0.51","0.31","0.2","0.22","100.0","345.09","192.91","0.88","174.85"
"Ratnamani Metals","Steel - Medium / Small","5059.1","625.1","1495.71","193.11","-0.22","4019.83","152.87","21.68","3650.0"
"Ratnaveer Precis","Steel - Medium / Small","595.38","31.05","142.04","5.61","-5.83","516.09","207.24","17.34","161.45"
"RattanIndia Ent","Miscellaneous","5609.64","424.45","1294.3","-81.5","17.05","2692.43","1183.5","75.48","83.29"
"RattanIndia Pow.","Power Generation And Supply","3364.0","8896.75","913.96","10665.75","1.49","9565.67","3561.87","0","17.83"
"Raunaq Intl.","Engineering - Turnkey Services","3.74","-1.07","1.06","-1.07","-2.75","10.71","0.0","-15.2","37.41"
"Ravi Leela Gran","Miscellaneous","31.47","-0.6","7.79","-2.01","-1.39","67.77","44.59","-3.83","38.96"
"Ravikumar Distll","Breweries & Distilleries","24.58","-1.94","7.13","1.35","13.9","129.23","39.69","0.54","30.0"
"Ravinder Heights","Construction","0.62","-2.15","0.14","-0.32","-98.81","289.3","1.16","-0.88","47.5"
"Ravindra Energy","Miscellaneous","130.97","-50.9","30.12","-63.4","-73.57","404.18","148.0","6.21","63.8"
"Raw Edge Indust.","Mining / Minerals / Metals","44.97","-0.59","13.12","0.58","18.3","53.98","23.17","-2.66","37.29"
"Raymed Labs","Pharmaceuticals - Indian - Formulations","0.0","-0.1","0.0","-0.05","0","0.15","0.0","0","2.39"
"Raymond","Textiles - Products","9019.51","1643.07","2608.5","229.79","21.32","13001.36","4181.06","44.5","3044.25"
"RBL Bank","Banks - Private Sector","12394.3","1167.92","3339.09","352.64","26.37","115876.18","98217.8","8.6","264.3"
"RBM Infracon","Construction","129.73","11.09","57.29","4.08","0","214.57","2.19","19.38","584.95"
"RBZ Jewellers Lt","Diamond Cutting / Jewellery","327.43","21.57","86.17","2.69","9.81","284.16","69.47","14.38","135.05"
"RCI Industries","Mining / Minerals / Metals","38.72","-53.15","10.43","-2.9","-16.83","114.66","235.41","0","4.22"
"RDB Rasayans","Packaging","103.2","24.23","26.13","5.7","-3.26","194.25","0.84","13.89","140.8"
"RDB Realty","Construction","110.29","20.62","60.86","12.0","-9.52","1223.59","668.73","11.32","149.0"
"Real Eco-Energy","Trading","0.31","0.19","0.0","0.25","-100.0","11.87","0.0","3.35","34.35"
"Real Touch Fin","Finance & Investments","18.74","2.63","3.8","0.53","4.11","192.51","139.45","6.49","56.05"
"REC Ltd","Finance - Term-Lending Institutions","47504.75","14145.46","12677.18","4079.09","23.76","548191.09","445567.5","22.19","529.5"
"Redington","Trading","89345.71","1238.61","22433.41","323.89","2.68","24393.69","2958.21","16.84","221.5"
"Redtape","Trading","1842.92","176.24","506.86","40.96","33.81","1588.37","480.06","31.33","771.3"
"Reetech Intl","Trading","29.27","1.04","19.89","0.93","0","18.13","0.0","7.06","50.0"
"Refex Industries","Trading","1382.87","92.98","342.35","33.38","-45.67","797.98","214.56","23.87","160.75"
"Refex Renewables","Engineering - Turnkey Services","76.09","-34.42","17.81","-10.85","-48.42","510.14","419.05","-54.86","455.0"
"Refractory","Refractories / Intermediates","40.55","4.02","21.38","1.69","0","51.26","23.52","24.09","214.5"
"Regency Ceramics","Ceramics - Tiles / Sanitaryware","2.16","-9.81","1.27","-3.1","3075.0","68.53","67.4","0","50.83"
"Regency Fincorp","Finance & Investments","15.73","1.97","3.85","0.75","5.48","147.15","94.65","7.33","15.69"
"Regency Trust","Miscellaneous","1.23","0.04","0.57","0.02","147.83","1.04","1.02","0","3.91"
"Regent Enterp.","Trading","670.81","0.65","227.34","-0.09","29.86","66.87","2.32","0.6","4.3"
"Regis Industries","Finance & Investments","15.42","-0.93","7.64","0.29","739.56","26.51","0.0","-4.33","145.45"
"Rel. Chemotex","Textiles - Spinning - Synthetic / Blended","367.19","3.21","102.27","0.46","28.35","481.03","280.99","2.42","244.75"
"Rel. Indl. Infra","Miscellaneous","58.08","13.32","14.51","3.69","-17.7","533.65","0.0","2.95","1369.55"
"Relaxo Footwear","Leather / Leather Products","2914.06","200.47","747.21","61.39","-2.32","2713.91","204.97","10.4","832.0"
"Reliable Data","Computers - Software - Medium / Small","79.38","5.29","27.82","1.73","13.0","122.84","38.12","9.78","48.0"
"Reliable Ventur.","Hotels","2.39","-1.53","1.06","-0.17","16.48","37.43","0.64","-4.87","20.09"
"Reliance Communi","Telecommunications - Service Provider","383.0","-7212.0","92.0","-2127.0","-17.12","36554.0","47231.0","0","1.94"
"Reliance Home","Finance - Housing","0.62","-3.55","0.18","-6.75","-99.76","29.82","91.41","0","3.5"
"Reliance Industr","Refineries","901064.0","79020.0","236533.0","21243.0","11.13","1755986.0","346142.0","9.23","3134.25"
"Reliance Infra.","Engineering - Turnkey Services","22066.86","-1147.98","4685.96","-97.63","11.94","59180.89","9741.33","-12.62","192.7"
"Reliance Power","Power Generation And Supply","7892.6","-2068.38","1996.65","-397.56","15.42","43760.26","18765.83","-19.01","28.89"
"Relic Tech.","Finance & Investments","1.53","-0.9","0.38","-0.67","58.33","5.58","0.35","-16.29","14.95"
"Relicab Cable","Cables - Power","38.02","1.54","14.03","0.83","9.18","33.97","10.92","13.47","100.0"
"Religare Enterp.","Finance & Investments","6234.79","347.41","1855.69","180.96","32.92","9577.14","442.6","5.14","242.4"
"Remedium Life","Trading","4040.39","32.73","1408.49","-53.72","1763.58","1947.92","57.7","122.77","65.8"
"Remi Edelstahl","Steel - Medium / Small","117.13","1.39","40.33","1.57","4.62","84.78","30.24","3.24","88.9"
"Remsons Ind","Auto Ancillaries","312.3","13.32","81.0","5.15","5.97","237.5","68.11","17.75","1035.3"
"Remus Pharma.","Pharmaceuticals - Indian - Bulk Drugs & Formln","212.5","25.98","183.46","20.33","0","257.27","11.55","0","2080.1"
"Renaiss. Global","Diamond Cutting / Jewellery","2107.11","73.6","536.51","21.04","7.42","2023.6","655.48","6.66","102.85"
"Repco Home Fin","Finance - Housing","1524.52","394.7","392.58","108.07","15.36","13705.26","10701.04","14.59","559.45"
"Repro India","Printing & Stationery","479.46","12.1","127.15","3.07","5.04","501.83","48.77","3.68","626.7"
"Resgen","Refineries","45.5","6.57","30.41","3.96","0","65.53","8.66","15.26","74.99"
"Resonance Speci.","Chemicals","55.3","2.97","16.36","0.67","-10.99","73.77","4.16","5.25","101.15"
"Response Info.","Computers - Software - Medium / Small","33.99","2.2","6.07","-0.86","49.88","14.94","2.47","34.84","80.5"
"Responsive Ind","Plastics Products","1086.97","161.27","288.19","45.87","21.52","1546.01","214.68","15.07","324.4"
"Restaurant Brand","Hotels","2437.06","-236.74","597.14","-92.1","16.19","2708.61","1429.76","-30.02","101.43"
"Restile Ceramics","Ceramics - Tiles / Sanitaryware","0.94","-0.91","0.2","-0.29","-62.26","8.75","39.11","0","5.17"
"Retina Paints","Paints / Varnishes","11.66","0.74","6.5","2.89","0","34.32","6.45","5.93","82.0"
"Retro Green","Tea","2.0","0.47","0.37","0.07","-15.91","9.22","0.37","5.49","8.94"
"Rex Pipes&Cables","Plastics Products","128.59","4.73","71.09","2.23","0","69.84","28.16","17.41","68.0"
"Rex Sealing","Packaging","30.61","2.45","16.04","1.98","0","21.34","2.42","19.52","182.0"
"Rexnord Electr.","Engineering","96.29","7.51","25.32","1.8","9.37","91.74","15.31","11.64","139.1"
"Rhetan TMT Ltd","Steel - Medium / Small","64.77","3.87","30.01","2.42","0","114.12","15.79","4.54","14.74"
"RHI Magnesita","Refractories / Intermediates","3781.1","-100.11","943.29","-257.9","7.83","5118.45","486.66","4.04","642.9"
"Riba Textiles","Textiles - Products","246.89","7.92","74.02","2.34","9.58","179.08","67.68","9.27","88.5"
"Rich Universe","Trading","0.0","-0.09","0.0","-0.14","0","19.6","1.51","-1.21","19.84"
"Richa Industries","Construction","35.06","-46.19","29.66","-98.89","-31.07","176.56","346.29","0","1.47"
"Richa Info","Computers - Hardware","39.13","0.71","29.66","0.45","38.9","41.63","8.4","5.32","65.0"
"Richfield Fin","Finance & Investments","1.83","0.65","0.67","0.34","294.12","10.21","0.52","7.86","60.9"
"Rico Auto Inds","Auto Ancillaries","2159.73","38.94","548.41","16.29","-9.05","1894.77","688.49","5.69","137.5"
"Riddhi Corporate","Computers - Software - Medium / Small","173.87","5.14","52.09","0.83","1.86","195.53","110.08","9.8","83.98"
"Riddhi Siddhi Gl","Trading","267.98","43.87","50.69","21.46","-27.84","1773.69","72.75","3.85","588.15"
"Riddhi Steel","Steel - Medium / Small","327.57","4.8","173.95","2.34","0","196.61","132.18","9.15","56.0"
"RIR Power Electr","Electronics - Components","66.76","7.03","21.57","2.78","32.66","110.74","34.08","14.67","1907.2"
"Risa Internatio.","Trading","0.0","-14.77","0.0","-0.09","0","15.79","1.55","-115.89","0.66"
"Rish.Digh.Steel","Steel - Medium / Small","0.0","11.5","0.0","11.87","0","21.08","3.02","93.5","34.0"
"Rishabh Instrum.","Electric Equipment","689.75","39.89","177.91","2.32","1.96","780.36","57.64","8.26","454.3"
"Rishabh Sp. Yarn","Textiles - Processing","0.0","-0.13","0.0","-0.01","0","0.84","0.3","-32.1","82.66"
"Rishi Laser","Engineering","140.11","8.73","34.58","3.5","2.49","96.67","12.04","17.71","132.05"
"Rishi Techtex","Packaging","111.74","1.35","29.76","0.32","4.46","72.24","25.14","4.33","55.8"
"Rishiroop","Trading","76.67","24.16","19.76","5.23","-2.8","137.52","0.56","21.63","174.5"
"Rita Finance and","Finance & Investments","1.21","0.4","0.02","-0.17","-87.5","15.89","0.0","2.57","17.37"
"Ritco Logistics","Miscellaneous","933.3","34.09","251.88","9.14","28.03","455.06","259.56","20.43","324.7"
"Rite Zone","Chemicals","26.72","1.13","15.92","0.73","0","19.71","0.8","8.65","42.3"
"Rites","Engineering - Turnkey Services","2452.85","495.2","643.25","136.67","-6.34","5661.44","8.0","17.47","689.4"
"Ritesh Intl.","Chemicals","83.66","-0.08","24.6","-0.02","24.49","28.0","5.78","-0.26","27.48"
"Rithwik Facility","Miscellaneous","36.39","2.64","17.15","1.15","0","28.42","2.63","14.4","121.6"
"RKD Agri","Trading","2.13","0.06","0.55","0.02","14.58","4.62","0.84","2.67","7.92"
"RKEC Projects","Construction","341.09","19.87","140.12","5.45","41.72","430.49","138.98","12.54","124.59"
"RLF","Textiles - Products","1.86","0.04","0.0","-2.61","0","33.0","3.54","0.22","12.2"
"RMC Switchgears","Electric Equipment","172.63","14.89","85.21","6.83","0","155.13","49.93","35.68","641.0"
"Robust Hotels","Hotels","122.46","4.74","37.85","2.06","25.71","892.16","159.2","0.68","193.4"
"Rockingdeals Cir","Trading","49.56","5.21","33.95","3.77","0","40.14","0.08","75.18","637.0"
"Rodium Realty","Construction","47.55","1.32","22.09","4.82","23.41","147.9","98.21","9.53","75.5"
"Rolcon Engg. Co.","Engineering","51.5","2.91","12.78","-0.01","-4.2","37.29","0.78","14.6","537.1"
"Rolex Rings","Castings & Forgings","1221.76","156.04","316.34","23.62","5.63","1120.91","18.06","21.82","2497.9"
"Rollatainers","Packaging","1.18","-1.38","0.29","-1.57","-36.96","42.2","35.16","0","4.64"
"Rolta India","Computers - Software - Medium / Small","17.48","-891.14","6.65","-281.09","-60.51","3731.03","10695.86","0","5.26"
"Roni Households","Plastics Products","7.68","0.58","4.72","0.58","0","22.6","4.17","4.53","44.5"
"Roopa Industries","Pharmaceuticals - Indian - Bulk Drugs","70.43","1.52","22.08","0.46","23.56","64.78","25.86","10.33","56.25"
"Rose Merc.","Trading","5.29","0.38","4.08","1.66","218.75","19.03","0.07","3.11","137.5"
"Roselabs Finance","Construction","1.14","-0.13","1.14","0.0","0","1.52","4.57","0","33.4"
"Rossari Biotech","Chemicals","1830.56","130.69","472.72","34.13","16.3","1572.15","118.79","13.32","851.95"
"Rossell India","Diversified - Medium / Small","366.58","13.18","67.8","-14.43","0.43","571.83","194.02","4.59","577.95"
"Roto Pumps","Pumps","274.5","39.42","81.93","12.77","13.85","302.39","53.19","21.95","622.0"
"Rotographics (I)","Trading","0.38","-0.06","0.0","-0.03","-100.0","3.62","0.0","-1.68","42.87"
"Route Mobile","Computers - Software - Medium / Small","4023.29","388.84","1017.03","95.16","0.83","3471.94","378.49","18.22","1891.9"
"ROX Hi-Tech","Trading","176.06","21.24","98.79","10.75","0","151.47","21.41","36.41","131.0"
"Royal","Trading","17.8","1.59","17.8","1.59","0","20.77","1.6","0","136.5"
"Royal Cush. Vin.","Plastics Products","54.71","294.21","16.66","61.27","55.85","73.26","62.52","0","40.1"
"Royal India Corp","Trading","28.84","-8.24","0.0","-2.58","-100.0","151.73","132.29","0","37.1"
"Royal Orch.Hotel","Hotels","293.61","50.82","76.2","16.7","5.03","469.96","199.6","26.66","364.55"
"Royale Manor","Hotels","23.42","4.22","6.98","1.54","13.31","71.26","8.6","7.66","42.2"
"RPG LifeScience.","Pharmaceuticals - Indian - Bulk Drugs & Formln","582.05","87.66","126.99","13.24","7.17","512.87","0.0","25.46","1652.2"
"RPP Infra Proj.","Construction","1353.41","57.2","412.01","13.61","34.8","842.23","40.99","14.52","135.9"
"RPSG Ventures","Computers - Software - Medium / Small","7950.94","197.01","2019.97","-94.78","12.73","13975.09","4210.93","7.77","719.25"
"RR Metalmakers","Trading","96.39","1.05","19.83","-0.09","32.73","48.59","17.04","14.82","46.2"
"RRIL","Construction","95.21","5.75","26.24","1.73","-40.21","117.77","7.72","6.02","23.59"
"RSC Internl.","Trading","0.43","-0.03","0.0","-0.03","0","0.33","0.07","0","14.22"
"RSD Finance","Finance & Investments","103.11","17.4","30.67","6.4","30.4","275.45","26.4","7.33","110.0"
"RSWM Ltd","Textiles - Cotton/Blended","4057.88","-21.06","1171.43","35.65","22.51","3693.73","1890.14","-7.3","215.5"
"RTCL","Construction","3.86","2.1","3.86","1.86","3760.0","48.25","2.17","5.18","18.4"
"RTS Power Corpn.","Electric Equipment","140.46","4.13","48.15","0.09","6.06","220.25","33.67","2.96","210.85"
"Rubfila Intl.","Miscellaneous","469.8","25.4","128.62","7.09","13.43","330.13","1.18","9.72","82.5"
"Ruby Mills","Textiles - Composite","237.01","44.54","73.49","16.2","-4.51","874.98","213.44","7.68","223.5"
"Ruchi Infrastr.","Miscellaneous","63.84","14.01","16.98","-0.75","22.25","319.85","103.08","3.93","12.49"
"Ruchira Papers","Paper","657.6","49.19","160.02","9.64","-11.43","540.14","44.3","12.38","138.25"
"Rudra Ecovation","Textiles - Cotton/Blended","19.62","-0.64","10.06","1.82","81.59","40.85","0.65","-3.14","59.45"
"Rudra Gas","Construction","63.77","4.73","32.14","2.22","0","57.75","20.91","59.2","183.0"
"Rudra Global","Steel - Medium / Small","555.97","20.77","138.4","6.83","0.71","304.28","130.74","19.35","55.99"
"Rudrabhish. Ent.","Miscellaneous","100.58","14.05","37.74","2.64","18.94","176.04","10.16","12.3","180.5"
"Rulka","Engineering - Turnkey Services","70.98","6.11","34.55","3.72","0","41.1","11.05","109.69","552.75"
"Rungta Irrigatn.","Plastics Products","148.77","5.65","51.24","1.14","14.22","115.78","10.88","6.9","111.0"
"Rupa & Co","Textiles - Products","1216.51","69.78","400.48","24.24","-1.55","1446.18","234.74","7.76","282.45"
"Rushil Decor","Miscellaneous","843.97","43.11","233.43","9.0","9.12","1099.42","295.78","9.51","351.95"
"S & S Power Swit","Electric Equipment","159.38","4.32","43.1","0.98","-7.07","138.2","58.68","0","255.95"
"S & T Corporatio","Construction","0.05","-0.15","0.05","0.01","138.46","16.34","0.0","-1.15","20.41"
"S A I L","Steel - Large","105378.33","3066.67","27958.52","1125.68","-4.02","140708.58","36322.65","6.62","149.55"
"S C I","Shipping","5046.04","612.15","1412.34","291.99","-0.41","11523.41","2914.22","9.18","254.65"
"S Chand & Compan","Printing & Stationery","662.58","51.14","437.16","128.23","11.95","1273.42","132.97","5.57","230.2"
"S H Kelkar & Co.","Chemicals","1929.99","123.55","533.06","33.43","12.83","2402.45","665.79","10.75","192.35"
"S I Cap. & Fin.","Finance & Investments","1.73","-0.72","0.51","-0.22","75.86","10.19","6.8","-23.49","32.0"
"S I Paper Mills","Paper","312.31","-13.43","90.66","-2.73","31.28","456.52","197.68","-5.79","97.77"
"S J Logistics (I","Miscellaneous","270.86","22.61","167.77","13.3","0","149.73","13.11","31.57","484.0"
"S K Internation.","Textiles - Products","4.2","-1.51","2.89","-1.4","0","5.76","0.29","-23.93","17.1"
"S P Apparels","Textiles - Products","1087.36","89.62","295.13","28.46","7.26","1141.64","203.42","12.47","746.05"
"S P Capital Fin.","Finance & Investments","2.54","0.56","0.08","0.24","-81.82","78.36","55.88","2.79","46.0"
"S P I C","Fertilizers","1943.86","113.06","124.88","-24.23","-81.4","1762.97","470.87","14.11","85.1"
"S R G Securities","Finance & Investments","1.44","0.47","0.75","0.28","0","14.91","0.01","3.37","34.8"
"S R Industries","Leather / Leather Products","8.74","-1.45","2.0","-1.17","-61.69","25.29","30.76","0","1.47"
"S T C","Trading","0.0","51.07","0.0","14.16","0","2392.72","1981.26","0","160.35"
"S V Global Mill","Construction","6.1","0.63","1.55","-2.17","-7.74","74.83","0.18","-4.2","99.75"
"S. V. J. Enterp.","Paper","5.8","0.74","1.29","0.07","-13.42","18.81","2.31","4.97","27.45"
"S.A.L Steel","Steel - Sponge Iron","578.22","0.47","139.46","2.7","24.17","283.89","125.0","1.12","21.3"
"S.M. Gold","Diamond Cutting / Jewellery","62.25","1.19","35.28","0.4","47.25","40.12","16.93","6.22","17.55"
"Saakshi Medtech","Electric Equipment","121.85","11.31","60.57","5.77","0","130.68","18.02","26.78","302.4"
"SAB Events","Entertainment / Electronic Media Software","1.77","-1.09","0.81","-0.02","12.5","2.37","1.98","0","9.71"
"SAB Industries","Construction","45.52","38.89","21.15","-16.77","0","650.57","81.53","10.58","172.0"
"Sabar Flex India","Packaging","126.17","4.34","88.04","2.72","0","63.82","20.69","20.07","20.9"
"Saboo Sodium","Food - Processing - Indian","51.79","0.23","18.97","-1.73","50.32","68.86","17.46","0.5","18.88"
"Sabrimala Indus.","Trading","5.57","0.33","0.0","0.02","-100.0","7.1","0.0","5.23","8.82"
"Sacheta Metals","Aluminium and Aluminium Products","77.01","1.96","18.25","0.87","-34.77","71.82","17.2","4.48","20.75"
"Sadbhav Engg.","Construction","1922.95","-779.87","472.7","-288.23","11.05","7049.24","3734.9","-1480.23","28.25"
"Sadbhav Infra.","Construction","778.89","-533.25","174.33","-93.51","11.02","5518.91","3291.15","0","5.77"
"Sadhana Nitro","Chemicals","190.05","4.08","64.55","0.52","34.03","531.78","232.64","1.8","67.42"
"Sadhav","Shipping","84.25","9.15","50.56","5.08","0","179.55","67.03","22.35","237.0"
"Sadhna Broadcast","Entertainment / Electronic Media Software","15.41","0.34","3.88","1.16","-69.81","25.5","0.04","2.67","3.85"
"Safa Systems","Trading","537.92","2.14","295.05","1.28","0","89.76","41.04","12.63","15.2"
"Safari Inds.","Moulded Luggage","1550.42","175.81","365.42","43.19","20.72","1144.22","146.26","28.15","2074.95"
"Saffron Industri","Paper","16.2","-1.89","9.47","-0.33","155.95","10.84","16.98","0","8.05"
"Sagar Cements","Cement - South India","2504.61","-52.05","708.71","11.58","14.02","4250.47","1444.08","-4.5","249.7"
"Sagar Diamonds","Diamond Cutting / Jewellery","1418.88","-64.29","0.0","-77.29","0","35.75","0.53","20.06","25.8"
"Sagar Soya Prod","Solvent Extraction","0.0","0.31","0.0","0.16","0","6.62","1.72","10.58","1.7"
"Sagardeep Alloys","Mining / Minerals / Metals","99.78","0.76","29.34","0.26","36.59","41.78","12.04","2.78","27.04"
"SagarSoft (India","Computers - Software - Medium / Small","152.19","8.34","39.58","1.64","14.43","108.52","8.6","12.49","199.0"
"Sah Polymers","Packaging","108.97","0.93","32.4","0.13","62.9","131.5","30.59","0.95","92.35"
"Sahaj Fashions","Textiles - Products","125.18","0.94","53.36","0.51","0","87.14","39.41","4.74","20.75"
"Sahana Systems","Computers - Software - Medium / Small","53.67","15.04","31.54","11.13","0","88.52","12.64","142.29","1604.0"
"Sahara","Miscellaneous","13.43","0.78","8.17","0.71","0","14.4","1.32","14.74","50.0"
"Sahara Housing","Finance - Housing","10.62","1.4","2.7","0.45","-12.34","98.22","45.42","2.75","36.2"
"Sahyadri Industr","Cement Products","634.27","26.37","153.84","4.29","-7.83","559.82","115.94","7.58","434.4"
"Sai Capital","Finance & Investments","0.45","-13.15","0.05","-15.71","-72.22","366.1","15.53","-3.69","151.0"
"Sai Silks","Trading","1373.55","100.87","359.64","28.73","11.02","1641.64","464.23","13.82","190.2"
"Sai Swami Metals","Domestic Appliances","40.73","2.16","13.92","1.18","0","20.11","5.46","617.14","55.8"
"Saianand Commer.","Trading","5.42","0.76","0.84","0.19","-60.38","40.82","0.0","1.93","0.66"
"Sailani Tours N","Travel Agencies","23.46","0.3","7.63","0.09","0","9.13","0.74","4.32","24.7"
"Sainik Finance","Finance & Investments","15.25","2.0","3.69","0.49","-14.78","152.38","99.07","5.49","46.95"
"Saint-Gob. Sekur","Glass & Glass Products","200.7","31.23","46.08","7.3","-2.74","226.0","1.27","16.46","134.55"
"Sakar Healthcare","Pharmaceuticals - Indian - Bulk Drugs & Formln","153.35","11.67","43.06","3.12","5.93","388.74","68.84","5.36","311.3"
"Saksoft","Computers - Software - Medium / Small","761.63","96.17","194.9","23.2","7.05","786.39","26.35","21.14","284.15"
"Sakthi Finance","Finance & Investments","206.74","15.71","54.16","4.19","10.51","1424.96","1175.48","7.39","57.95"
"Sakthi Sugars","Sugar","1069.28","129.49","298.84","107.5","-8.54","1547.92","773.43","-109.4","39.82"
"Sakuma Exports","Trading","2124.66","39.97","501.06","26.01","-50.19","676.11","99.06","8.93","36.28"
"SAL Automotive","Automobiles - Tractors","307.52","5.1","60.78","0.93","-34.02","112.13","26.85","13.82","514.2"
"Salasar Exterior","Construction","0.28","0.06","0.28","0.14","0","32.48","9.43","0.5","17.65"
"Salasar Techno","Steel - Medium / Small","1208.43","52.93","367.33","16.97","24.65","1150.89","350.05","12.44","18.39"
"Salem Erode Inv.","Finance & Investments","4.09","-1.82","0.94","-1.53","2.17","47.53","20.02","-7.28","51.89"
"Salguti Industri","Packaging","86.6","-0.12","20.79","-0.19","-5.2","57.53","32.28","-1.34","41.19"
"Salona Cotspin","Textiles - Cotton/Blended","722.26","6.13","166.4","0.9","13.2","363.55","256.81","7.96","303.75"
"Salora Intl.","Trading","159.12","-2.09","33.38","-0.71","44.5","78.25","15.81","-3.64","65.48"
"Salzer Electron.","Electric Equipment","1135.58","43.19","317.57","12.08","7.61","970.12","307.87","10.09","906.4"
"Sam Industries","Construction","9.91","10.72","2.16","-0.27","-61.36","101.23","26.72","17.17","75.5"
"Sambandam Spg.","Textiles - Cotton/Blended","218.08","-7.9","61.9","-1.36","23.85","268.25","117.17","-8.26","165.5"
"Sambhaav Media","Entertainment / Electronic Media Software","39.96","0.58","13.04","2.2","13.29","103.13","13.2","1.27","4.63"
"Sameera Agro","Food - Processing - Indian","182.14","10.72","87.78","3.8","0","111.52","2.51","57.11","82.6"
"Samhi Hotels","Hotels","957.39","-234.62","279.16","11.29","36.32","3445.12","2122.7","-139.82","191.45"
"Samkrg Pistons","Auto Ancillaries","246.7","12.61","65.58","5.6","22.6","261.99","40.57","6.82","219.0"
"Samor Reality","Construction","0.06","-0.3","0.0","0.06","0","86.45","24.0","-0.79","95.41"
"Sampann Utpadan","Miscellaneous","71.45","-0.87","19.09","0.44","17.84","109.62","97.06","-15.55","32.96"
"Sampre Nutrition","Food - Processing - Indian","25.15","0.31","4.76","0.55","-59.21","44.83","17.5","1.5","65.9"
"Samrat Forgings","Castings & Forgings","162.03","2.97","39.45","0.64","-12.78","150.84","78.36","9.89","315.05"
"Samrat Pharma","Pharmaceuticals - Indian - Bulk Drugs","281.58","2.16","82.68","1.4","19.51","121.74","8.45","3.37","346.0"
"Samsrita Labs","Trading","0.0","-0.25","0.0","-0.07","-100.0","15.64","2.2","-2.01","16.01"
"Samtex Fashion","Textiles - Products","0.0","-4.77","0.0","-1.19","0","358.77","562.87","0","2.69"
"Samvardh. Mothe.","Auto Ancillaries","98691.74","3019.57","27058.22","1444.0","20.17","85021.75","19921.84","11.8","197.9"
"Samyak Internati","Trading","38.06","3.8","24.33","1.32","-26.43","90.37","3.49","5.68","31.21"
"Sanathnagar Ent.","Construction","3.81","2.94","2.3","1.85","0","6.91","14.99","0","83.39"
"Sanblue Corp.","Trading","1.4","0.25","1.4","-0.02","-54.4","64.87","0.0","0.51","50.54"
"Sanchay Finvest","Finance & Investments","0.57","-0.15","0.07","-0.05","-84.09","4.3","0.0","7.18","27.0"
"Sanco Industries","Plastics Products","0.0","-0.55","0.0","-0.11","-100.0","62.67","55.94","0","9.35"
"Sanco Trans","Miscellaneous","97.93","1.15","25.98","0.65","-0.84","143.34","12.55","1.1","750.0"
"Sancode Tech.","Computers - Software - Medium / Small","4.76","-1.75","2.52","-0.03","2000.0","8.67","1.38","-39.59","66.55"
"Sandesh","Entertainment / Electronic Media Software","320.19","188.69","85.54","71.92","10.92","1344.93","0.0","16.33","1550.3"
"Sandhar Tech","Auto Ancillaries","3521.11","110.26","917.83","35.86","19.98","2427.25","741.03","11.33","573.6"
"Sandu Pharma.","Pharmaceuticals - Indian - Formulations","67.28","1.46","15.6","0.59","2.23","52.42","0.06","3.66","58.6"
"Sandur Manganese","Mining / Minerals / Metals","1252.13","238.01","551.77","162.23","-9.21","2591.56","132.85","11.64","551.75"
"Sangal Papers","Paper","190.34","2.47","48.68","0.86","-18.54","89.62","26.5","6.12","220.0"
"Sangam Finserv","Finance & Investments","18.57","7.9","4.7","1.28","6.33","155.36","26.63","6.41","107.0"
"Sangam India","Textiles - Spinning - Synthetic / Blended","2647.97","38.09","706.06","12.55","2.67","2656.22","1004.69","4.64","408.7"
"Sangani Hospital","Healthcare","15.68","2.7","7.67","1.66","0","35.41","0.09","15.02","46.9"
"Sanghi Industrie","Cement - North India","821.35","-448.79","284.87","-19.02","26.23","3628.3","2083.62","-34.13","98.46"
"Sanghvi Brands","Miscellaneous","9.13","0.5","4.31","0.54","0","7.15","0.01","12.47","20.0"
"Sanghvi Movers","Miscellaneous","618.54","187.94","165.44","47.74","30.44","1424.46","292.12","20.28","1069.5"
"Sanginita Chemi.","Chemicals","151.5","0.77","53.04","-0.58","56.83","85.93","32.86","1.9","18.44"
"Sanjiv.Parant.","Pharmaceuticals - Indian - Formulations","54.41","6.17","12.86","1.26","58.37","43.41","0.97","49.7","205.0"
"Sanmit Infra","Trading","96.6","4.47","22.47","0.54","-44.12","51.43","9.76","13.26","14.98"
"Sanofi India","Pharmaceuticals - Multinational","2847.0","549.4","732.4","136.6","-0.56","1715.1","19.0","51.54","6550.95"
"Sanrhea Tech.","Textiles - Processing","68.04","5.2","15.73","2.18","2.34","34.74","6.03","27.22","178.75"
"Sansera Enginee.","Auto Ancillaries","2811.43","187.55","745.85","46.46","20.57","2792.74","890.66","14.77","1314.35"
"Santosh Fin Fab","Textiles - Processing","12.9","-0.94","2.48","-0.61","-41.09","12.93","4.84","-15.11","23.0"
"Sanwaria Consum.","Food - Processing - Indian","1.07","-5.8","0.27","-0.73","0","339.63","899.07","0","0.49"
"Sapphire Foods","Hotels","2594.28","51.96","631.7","2.04","12.72","2840.08","1163.92","4.0","1581.3"
"Saptak Chem &","Trading","0.0","-0.03","0.0","-0.03","0","0.16","2.33","0","2.83"
"Saptarishi Agro","Food - Processing - Indian","41.19","2.04","15.86","1.79","24.0","19.26","5.18","32.23","31.99"
"Sar Auto Prod.","Auto Ancillaries","20.04","1.17","5.39","-0.06","46.47","34.66","15.91","7.17","2200.0"
"Sar Televenture","Transmisson Line Towers / Equipment","124.12","15.66","88.34","11.6","0","266.42","177.87","132.94","241.0"
"Saraswati Commer","Finance & Investments","128.34","103.91","30.06","22.37","269.93","757.6","0.0","18.49","7849.9"
"Sarda Energy","Steel - Medium / Small","3868.13","524.04","889.25","87.99","-17.38","6001.85","1366.24","14.39","232.35"
"Sarda Proteins","Trading","1.3","0.02","0.06","0.02","-91.89","2.43","0.0","0.85","88.8"
"Saregama India","Entertainment / Electronic Media Software","803.0","197.56","263.05","53.9","29.16","2033.78","5.44","14.06","559.5"
"Sarla Performanc","Textiles - Spinning - Synthetic / Blended","383.26","32.72","105.84","11.42","51.68","686.78","135.37","7.58","107.6"
"Saroja Pharma In","Trading","40.86","0.88","19.36","0.38","0","26.56","5.73","17.29","42.5"
"Sarthak Global","Finance & Investments","4.07","0.02","3.98","0.06","65.83","19.63","17.77","1.21","15.08"
"Sarthak Industri","Trading","30.43","0.68","6.28","0.08","-68.58","54.96","1.77","1.72","24.78"
"Sarthak Metals","Mining / Minerals / Metals","305.17","13.83","70.65","1.73","-12.58","119.93","0.0","12.51","197.75"
"Sarup Industries","Leather / Leather Products","11.57","-1.7","3.84","0.11","252.29","65.45","42.98","0","42.77"
"Sarveshwar Foods","Food - Processing - Indian","869.59","16.78","247.32","4.14","90.52","791.02","298.26","7.55","8.93"
"Sarvottam Finve.","Finance & Investments","1.83","0.47","0.49","0.18","-14.04","25.92","0.5","1.88","29.75"
"Sashwat Technoc","Construction","0.0","0.1","0.0","-0.09","0","1.42","0.0","7.52","175.05"
"Sasken Technol.","Computers - Software - Medium / Small","406.43","78.74","108.99","17.21","5.93","925.64","7.99","10.58","1772.05"
"Sastasundar Ven.","Finance & Investments","1375.71","5.85","306.67","21.58","-2.07","1149.59","3.88","0.77","337.15"
"Sat Industries","Steel - Medium / Small","500.4","274.23","115.42","14.37","7.8","893.27","63.07","12.8","91.9"
"Satchmo Holdings","Construction","44.01","15.8","6.35","11.71","-89.4","796.16","133.86","0","4.18"
"Satia Industries","Paper","1720.78","211.19","430.59","39.45","-17.3","1404.47","319.14","25.36","128.0"
"Satin Creditcare","Finance & Investments","2232.79","435.94","642.11","128.22","49.61","10490.01","7914.94","21.8","223.55"
"Satra Properties","Construction","0.0","-1.16","0.0","-0.43","0","300.45","88.83","-3.04","1.03"
"Sattrix","Computers - Software - Medium / Small","36.59","4.0","0","0","0","25.67","1.94","40.59","204.7"
"Saumya Cons","Finance & Investments","59.67","21.38","18.7","-0.2","14284.62","118.23","0.31","21.73","211.65"
"Saurashtra Cem.","Cement - North India","1765.16","56.6","497.49","31.08","5.53","1571.01","85.03","7.67","134.25"
"Savani Financial","Finance & Investments","0.12","-2.0","0.03","-0.88","50.0","2.67","2.21","-181.82","20.72"
"Saven Tech.","Computers - Software - Medium / Small","13.17","2.49","3.36","0.57","-4.82","19.4","0.0","13.72","54.43"
"Savera Industrie","Hotels","72.15","10.31","18.99","1.9","16.86","95.44","3.58","13.84","128.0"
"Savita Oil Tech","Petrochemicals","3740.85","204.29","973.31","32.74","1.85","2480.09","0.07","13.29","562.2"
"Sawaca Business","Trading","6.54","0.46","6.03","0.01","1156.25","14.76","0.68","3.52","0.86"
"Sayaji (Indore)","Hotels","96.1","7.18","27.27","4.85","-6.35","111.93","41.82","14.76","1300.5"
"Sayaji Hot. Pune","Hotels","70.47","16.58","19.45","4.57","23.26","75.51","1.97","29.22","888.0"
"Sayaji Hotels","Hotels","111.76","14.34","33.76","8.01","-21.18","228.7","55.04","7.04","358.55"
"Sayaji Industr","Miscellaneous","975.4","-11.67","265.13","-7.82","-1.51","538.69","171.39","-10.65","168.9"
"SBC Exports","Textiles - Products","191.01","9.39","62.62","3.28","-3.47","184.17","24.79","23.75","28.12"
"SBEC Sugar","Sugar","654.51","-3.29","239.17","32.38","8.26","713.65","231.89","0","56.46"
"SBEC Systems","Miscellaneous","3.18","1.33","1.17","0.61","9.35","2.54","16.74","0","25.6"
"SBFC Finance","Finance & Investments","1018.97","237.02","278.81","73.43","34.33","7062.97","3996.02","10.53","83.18"
"SBI Cards","Finance & Investments","16985.69","2407.88","4347.72","662.37","15.56","58171.23","39891.08","21.98","728.9"
"SBI Life Insuran","Finance & Investments","131987.79","1893.78","36255.19","810.8","70.25","398298.81","0.0","13.56","1495.25"
"SBL Infratech","Construction","0.34","0.1","0.34","0.22","0","3.88","0.0","2.83","36.1"
"SC Agrotech","Miscellaneous","0.68","0.24","0.68","0.11","0","3.11","0.0","9.49","21.79"
"Scan Projects","Trading","7.99","0.06","3.07","0.75","111.72","6.15","0.12","18.3","73.87"
"Scan Steels","Steel - Medium / Small","965.41","21.05","256.98","11.43","-6.46","608.3","118.92","5.48","66.0"
"Scanpoint Geoma","Computers - Software - Medium / Small","29.53","1.62","19.28","1.13","210.47","191.92","64.18","1.89","8.33"
"Schaeffler India","Bearings","7381.73","917.33","1849.22","227.67","9.19","6268.99","51.1","20.01","4660.0"
"Schneider Elect.","Electric Equipment","2206.68","172.03","471.75","3.28","14.92","1581.54","546.83","96.56","918.4"
"Scintilla Comm","Finance & Investments","0.59","-2.19","0.18","-2.3","-5.26","10.74","0.81","-1.58","5.48"
"Scoobee Garments","Textiles - Products","40.21","3.74","7.54","-0.75","-46.07","58.04","52.46","277.04","77.06"
"Scooters India","Automobiles - Scooters And 3 - Wheelers","0.0","-31.14","0.0","-13.46","0","74.28","57.0","0","78.8"
"SDC Techmedia","Entertainment / Electronic Media Software","10.37","-3.0","5.48","-1.29","0","24.08","11.33","-78.88","9.24"
"Sea TV Network","Entertainment / Electronic Media Software","11.94","30.41","2.95","-0.03","23.43","15.61","25.67","0","8.15"
"Seacoast Ship.","Shipping","374.16","20.29","125.02","7.5","8.24","324.65","30.3","21.45","4.97"
"Sealmatic India","Engineering","71.02","9.85","34.0","3.26","0","110.45","3.36","12.48","630.0"
"SEAMEC Ltd","Shipping","729.29","120.65","236.38","52.74","87.84","1407.45","326.75","14.07","1268.75"
"Seasons Textiles","Textiles - Products","26.49","-0.21","7.74","-0.04","50.0","63.88","24.31","-0.6","16.75"
"Secmark Consult.","Computers - Software - Medium / Small","24.59","-2.36","7.29","1.84","18.34","31.35","11.06","-13.76","97.05"
"SecUR Credential","Miscellaneous","38.25","4.81","7.04","0.41","-41.33","92.57","22.81","18.84","11.5"
"SecureKloud Tech","Computers - Software - Medium / Small","340.32","-95.82","59.67","-49.34","-44.0","195.57","120.69","-197.9","37.3"
"Sejal Glass","Glass & Glass Products","163.8","3.34","49.94","0.32","309.01","230.4","162.02","15.31","360.0"
"SEL Mfg. Co","Textiles - Cotton/Blended","374.27","-192.95","28.01","-41.53","-87.73","1055.05","939.93","-443.69","60.98"
"Selan Expl. Tech","Oil Drilling / Allied Services","165.6","32.74","54.72","12.25","105.64","484.56","3.5","8.69","724.25"
"Sellwin Traders","Miscellaneous","39.96","0.86","15.53","0.29","56.24","29.08","0.0","4.05","24.0"
"Semac Consul","Engineering - Turnkey Services","127.49","-31.89","24.99","-16.04","-67.82","197.27","19.23","-33.08","620.0"
"Senco Gold","Diamond Cutting / Jewellery","5229.66","188.75","1129.93","36.83","39.02","3715.01","1756.02","16.23","1133.5"
"Senthil Infotek","Computers - Software - Medium / Small","0.11","0.0","0.03","0.0","-25.0","4.8","0.0","0.0","18.33"
"SEPC","Engineering - Turnkey Services","560.98","22.78","147.82","6.67","3.93","2209.3","454.95","1.98","18.7"
"Sequent Scien.","Pharmaceuticals - Indian - Bulk Drugs & Formln","1369.73","-29.61","361.2","1.28","-1.49","1540.38","487.7","-2.46","118.55"
"Sera Investments","Finance & Investments","22.86","17.87","5.27","3.46","256.08","55.63","29.62","69.13","18.58"
"Service Care Ltd","Miscellaneous","192.81","4.36","103.65","2.66","0","54.87","0.0","34.06","55.0"
"Servoteach Inds.","Engineering - Turnkey Services","0.0","-0.24","0.0","-0.13","0","0.16","0.0","0","26.18"
"Servotech Power","Electric Equipment","305.7","11.33","120.79","3.2","25.61","258.09","80.81","10.85","87.95"
"Seshasayee Paper","Paper","1801.56","259.37","539.36","53.16","-5.89","2317.4","21.0","15.2","337.2"
"Setco Automotive","Auto Ancillaries","616.32","-178.72","165.05","-29.37","48.09","558.55","934.59","0","12.95"
"Setubandhan Inf.","Construction","4.41","-1.31","0.0","-0.47","-100.0","168.25","160.2","0.06","0.89"
"Seven Hill Inds.","Finance & Investments","0.0","3.2","0.0","3.11","0","24.9","6.27","44.05","1.16"
"Seya Industries","Chemicals","8.06","-3.47","1.54","-0.37","-37.65","1612.31","770.98","-0.42","26.3"
"SG Finserve","Finance & Investments","189.72","78.58","58.55","23.8","112.6","1779.43","956.78","11.87","389.85"
"SG Mart","Trading","2682.9","61.04","1277.54","33.65","0","1487.05","182.29","11.11","455.0"
"SGN Telecoms","Cables - Power","0.0","-0.62","0.0","-0.02","0","3.19","0.0","-75.61","0.79"
"Sh. Ajit Pulp","Paper","294.51","8.25","107.47","2.85","41.87","516.16","226.28","3.79","234.0"
"Sh. Bajrang All.","Steel - Medium / Small","569.92","40.86","226.54","14.69","-37.28","414.8","59.45","14.62","287.0"
"Sh. Digvijay Cem","Cement - North India","791.64","87.76","224.26","31.73","14.89","534.57","0.02","24.86","111.1"
"Sh. Dinesh Mills","Textiles - Products","101.14","46.63","27.19","1.79","12.63","270.86","24.16","5.44","523.9"
"Sh. Ganesh Elas.","Finance & Investments","23.57","1.63","8.25","-0.97","300.49","7.86","0.82","34.72","23.38"
"Sh. Hari Chem.","Dyes And Pigments","138.33","2.29","32.49","0.28","4.98","71.55","26.83","11.98","76.15"
"Sh. Jagdamba Pol","Packaging","361.94","32.27","109.99","7.84","66.53","305.02","23.84","14.08","720.35"
"Sh. Karthik Pap.","Paper","64.84","0.34","14.62","-0.37","-21.86","36.64","22.97","14.98","10.43"
"Sh. Krish. Infr.","Construction","0.87","0.03","0.47","0.01","6.82","11.51","0.0","0.26","84.84"
"Sh. Krishna Pap.","Paper","144.35","0.38","35.21","-0.23","-20.27","86.29","25.85","1.2","40.26"
"Sh. Rajas. Synt.","Textiles - Spinning - Synthetic / Blended","25.29","112.15","1.56","126.66","-87.44","49.25","15.4","0","9.81"
"Sh. Rama Multi.","Packaging","177.7","9.96","46.61","3.35","-0.94","138.44","12.05","15.04","27.24"
"Sh. Steel Wire","Steel - Medium / Small","9.96","-0.15","3.29","0.02","-22.77","15.14","0.0","-1.11","39.6"
"Sh.Pushkar Chem.","Dyes And Pigments","726.17","37.06","190.77","13.09","5.8","709.58","107.74","8.13","208.2"
"Sh.Renuka Sugar","Sugar","11319.0","-627.2","3466.3","-111.0","48.86","10170.9","5794.0","0","49.59"
"Shah Alloys","Steel - Medium / Small","613.24","-18.64","128.41","4.41","-16.43","257.31","80.2","-43.92","62.5"
"Shah Foods","Food - Processing - Indian","0.0","-0.22","0.0","-0.09","0","0.52","0.0","0","244.9"
"Shah Metacorp","Steel - Medium / Small","96.77","4.26","46.28","1.48","123.79","138.07","36.54","11.35","4.02"
"Shahi Shipping","Shipping","12.43","2.59","4.15","1.62","14.96","18.6","5.39","56.61","17.12"
"Shahlon Silk","Textiles - Products","310.88","3.98","173.65","1.17","41.34","319.29","132.94","3.74","20.85"
"Shaily Engineer.","Plastics Products","643.87","57.29","170.56","19.34","26.81","782.46","209.05","13.31","809.35"
"Shakti Press","Printing & Stationery","11.58","0.48","3.32","-0.55","22.06","35.25","11.81","2.83","31.05"
"Shakti Pumps","Pumps","1370.74","141.71","609.28","89.66","233.56","1450.3","83.18","24.15","3848.4"
"Shalby","Healthcare","933.75","83.5","244.23","16.04","22.74","1607.53","377.87","8.66","270.25"
"Shalibhadra Fin.","Finance & Investments","32.78","11.97","9.52","3.31","21.27","158.22","57.92","13.87","639.0"
"Shalimar Agencie","Finance & Investments","0.0","-0.05","0.0","-0.05","0","4.1","0.0","-1.76","42.63"
"Shalimar Paints","Paints / Varnishes","534.91","-73.85","144.26","-26.42","6.58","669.56","105.88","-19.81","139.15"
"Shalimar Prod.","Entertainment / Electronic Media Software","2.09","0.07","1.18","0.57","47.5","103.22","0.85","0.07","0.71"
"Shalimar Wires","Textiles - Products","128.5","1.47","34.21","-0.1","10.11","175.39","89.62","-1.52","22.09"
"Shamrock Indl.","Trading","0.11","-0.04","0.0","-0.02","0","1.76","0.0","-2.29","12.04"
"Shangar Decor","Miscellaneous","12.99","0.75","9.4","0.63","244.32","27.1","8.47","10.72","8.17"
"Shankar Lal Ram.","Trading","287.73","6.48","77.04","1.75","-12.16","105.59","6.2","6.79","104.95"
"Shankara Build.","Trading","4828.44","81.13","1376.55","24.22","13.76","1585.53","86.65","11.34","685.0"
"Shantai Indust.","Trading","1.29","-0.06","1.29","0.07","316.13","7.52","0.0","-0.81","35.15"
"Shanthala","Trading","41.33","0.29","22.6","0.17","0","22.95","0.18","20.28","71.5"
"Shanthi Gears","Engineering","536.05","82.25","153.64","25.68","24.51","442.8","0.0","25.4","626.65"
"Shanti Educat.","Miscellaneous","14.3","3.18","1.75","-0.86","-84.08","68.01","1.52","5.15","85.77"
"Shanti Guru Inds","Trading","0.0","-0.1","0.0","-0.04","0","14.68","0.31","-0.72","18.46"
"Shanti Overseas","Food - Processing - Indian","10.66","-1.53","1.28","-0.09","-74.75","20.44","1.13","-10.38","15.82"
"Shanti Spintex","Textiles - Cotton/Blended","505.83","13.02","343.51","7.78","0","194.0","22.22","23.23","63.49"
"Shantidoot Infra","Construction","10.0","1.24","6.74","0.85","0","7.29","0.1","29.11","156.0"
"Sharanam Infra","Trading","1.76","0.03","1.76","0.1","0","25.3","0.75","0.43","0.55"
"Sharat Industrie","Aquaculture","302.16","5.87","64.67","0.36","3.31","203.9","95.5","7.22","58.08"
"Sharda Cropchem","Pesticides / Agrochemicals - Indian","3163.02","31.9","1312.05","143.49","-11.46","4038.32","18.3","1.43","476.25"
"Sharda Ispat","Steel - Medium / Small","227.27","13.97","52.66","4.18","25.59","76.72","21.79","31.57","665.4"
"Sharda Motor","Auto Ancillaries","2809.26","294.9","703.39","85.72","2.21","1647.08","23.66","32.64","2302.0"
"Shardul Sec.","Finance & Investments","172.91","97.81","53.54","16.12","1316.82","696.71","9.89","17.52","240.8"
"Share India Sec.","Finance & Investments","1482.81","425.76","465.37","115.75","36.58","2868.06","402.75","30.96","297.4"
"Sharika Enterpr.","Trading","78.42","1.53","29.36","7.71","37.26","55.67","17.03","6.26","23.26"
"Sharp Chucks and","Castings & Forgings","201.66","6.1","105.13","3.69","0","197.4","83.87","11.65","110.0"
"Sharp India","Electronics - Consumer","0.0","-17.85","0.0","-4.85","0","3.58","100.05","0","86.5"
"Sharp Investment","Finance & Investments","0.26","0.0","0.24","0.21","118.18","30.99","0.0","0.0","0.81"
"Sharpline Broadc","Miscellaneous","31.49","1.54","8.18","-1.34","-8.4","42.67","10.28","8.7","7.0"
"Shashank Traders","Trading","0.0","-0.16","0.0","-0.03","0","5.41","2.85","-6.63","24.21"
"Shashijit Infra.","Construction","27.35","-0.61","6.7","-1.02","-32.66","35.87","11.68","2.87","6.66"
"Shashwat Furnis.","Miscellaneous","3.06","-0.92","2.04","-0.41","0","5.49","1.57","-22.22","42.5"
"Sheela Foam","Miscellaneous","2982.31","183.93","845.15","65.15","15.93","5321.84","1493.11","6.09","937.0"
"Sheetal Cool","Food - Processing - Indian","352.71","20.84","84.75","7.13","39.23","234.75","83.57","20.02","553.95"
"Sheetal Univer.","Food - Processing - Indian","134.79","2.08","134.79","2.08","0","51.19","15.17","32.05","57.9"
"Shekhawati Poly.","Textiles - Processing","76.75","153.99","24.08","145.41","-43.73","44.12","0.84","0","4.7"
"Shelter Infra","Miscellaneous","1.64","-0.19","0.59","-0.17","63.89","41.0","17.61","-5.05","11.26"
"Shelter Pharma","Pharmaceuticals - Indian - Bulk Drugs","40.02","6.2","20.71","3.12","0","37.91","0.57","42.73","49.9"
"Shemaroo Entert.","Entertainment / Electronic Media Software","707.2","-39.92","198.86","-13.91","20.89","1022.04","334.19","-6.97","146.9"
"Shera Energy","Mining / Minerals / Metals","875.1","14.05","491.27","7.9","36.79","444.08","119.64","10.7","178.6"
"Shervani Indl Sy","Construction","142.7","30.85","25.68","-2.63","439.5","229.84","31.55","20.59","611.0"
"Sheshadri Indus.","Textiles - Products","25.23","-2.53","6.06","-0.33","16.31","34.96","28.1","0","14.85"
"Shetron","Packaging","239.88","6.53","51.52","1.12","-6.36","157.34","60.51","12.23","111.3"
"Shigan Quantum","Auto Ancillaries","151.94","5.38","86.05","3.55","0","151.74","44.68","10.05","103.0"
"Shilchar Tech.","Electric Equipment","396.88","91.89","105.43","25.02","10.99","292.48","0.0","55.52","5797.2"
"Shilp Gravures","Mining / Minerals / Metals","77.7","11.21","20.0","1.32","3.63","114.45","3.32","12.06","162.0"
"Shilpa Medicare","Pharmaceuticals - Indian - Formulations","1151.6","31.95","291.69","24.5","10.67","3093.2","937.39","1.72","572.5"
"Shine Fashions","Trading","54.13","3.94","33.85","2.39","0","25.56","0.98","62.26","177.0"
"Shipping Land","Miscellaneous","17.22","47.49","3.96","8.32","42.45","3498.2","0.09","1.48","80.86"
"Shish Industries","Plastics Products","85.48","8.43","25.72","3.95","33.13","84.12","13.22","18.18","137.6"
"Shiva Cement","Cement - South India","346.73","-68.32","144.45","-11.81","0","1541.63","1423.21","0","50.34"
"Shiva Global","Fertilizers","394.81","-24.88","98.44","-18.94","-35.17","268.68","107.89","4.97","47.43"
"Shiva Granito","Mining / Minerals / Metals","5.44","0.83","4.51","0.75","0","23.19","5.36","12.52","14.75"
"Shiva Mills","Textiles - Spinning - Synthetic / Blended","157.92","-3.25","47.32","0.45","26.09","122.71","10.3","-3.32","93.44"
"Shiva Texyarn","Textiles - Cotton/Blended","335.28","-11.08","70.25","5.18","-27.9","288.87","105.06","-8.62","171.2"
"Shivagrico Impl.","Castings & Forgings","43.6","0.07","11.77","-0.01","29.77","28.7","19.18","0.95","23.2"
"Shivalic","Electric Equipment","82.16","7.16","0","0","0","58.27","23.54","34.26","321.0"
"Shivalik Bimetal","Mining / Minerals / Metals","449.4","81.13","111.77","25.3","1.49","407.61","31.29","27.84","592.35"
"Shivalik Rasayan","Pesticides / Agrochemicals - Indian","272.98","18.07","71.23","4.6","13.19","692.47","76.08","3.77","636.0"
"Shivam","Trading","146.54","1.21","82.3","0.72","0","40.96","15.85","8.84","49.39"
"Shivam Autotech","Auto Ancillaries","469.66","-50.19","123.74","-7.82","7.19","564.68","210.81","-62.67","40.54"
"Shivansh Finserv","Finance & Investments","0.46","0.05","0.46","0.03","0","32.51","25.6","0.74","4.62"
"Shoora Designs","Diamond Cutting / Jewellery","4.44","-0.04","3.6","-0.08","0","3.49","0.0","-2.52","46.0"
"Shoppers Stop","Textiles - Products","4316.59","77.25","1046.34","23.18","13.25","5294.44","2784.54","32.1","747.55"
"Shraddha Prime","Construction","83.81","6.56","30.68","-6.68","257.16","213.69","103.5","23.29","114.45"
"Shradha AI Tech","Trading","17.27","6.39","3.96","1.84","8.79","58.56","0.29","13.14","91.9"
"Shradha Infrapr.","Construction","110.45","20.02","30.32","9.15","-32.83","287.89","151.58","22.55","139.0"
"Shree Bhavya","Textiles - Processing","170.59","1.93","50.51","0.73","-6.1","154.71","57.59","6.02","20.89"
"Shree Cement","Cement - North India","20520.98","2396.16","5432.81","675.75","6.52","27953.47","1655.55","12.18","28214.8"
"Shree Ganesh Bio","Pharmaceuticals - Indian - Bulk Drugs & Formln","20.28","0.62","3.78","0.54","-52.63","73.62","0.0","0.99","1.17"
"Shree Ganesh Rem","Pharmaceuticals - Indian - Bulk Drugs & Formln","125.9","28.12","37.33","12.59","26.07","170.94","36.45","26.65","813.0"
"Shree Hanuman Sg","Sugar","0.0","-0.26","0.0","-0.03","0","239.03","55.75","-0.17","16.57"
"Shree Karni","Textiles - Products","137.08","15.39","76.07","13.36","0","163.97","79.38","0","610.0"
"Shree Marutinand","Trading","91.78","2.63","49.01","1.18","0","32.69","5.9","97.01","217.0"
"Shree Metalloys","Trading","94.54","0.51","27.43","0.21","16.48","8.99","0.0","5.98","36.72"
"Shree Mfg. Co.","Textiles - Cotton/Blended","0.0","-0.34","0.0","-0.27","0","0.04","2.03","0","15.78"
"Shree OSFM","Miscellaneous","118.19","8.1","55.72","2.23","0","42.04","9.21","39.61","169.95"
"Shree Pacetronix","Healthcare","22.04","3.36","6.65","1.43","-11.57","21.75","4.38","29.6","222.0"
"Shree Precoated","Construction","0.0","-0.58","0.0","-0.17","0","5.4","0.0","0","15.0"
"Shree Ram Prote.","Solvent Extraction","14.77","-9.58","0.0","-3.32","-100.0","98.26","36.94","-18.68","1.18"
"Shree Rama News.","Miscellaneous","47.04","-48.36","13.0","-15.14","-2.84","599.99","363.98","-28.29","19.97"
"Shree Securities","Finance & Investments","0.71","-59.37","0.07","-59.88","16.67","9.6","0.0","-82.93","0.36"
"Shree Tirupati","Packaging","161.11","14.11","85.64","3.34","0","159.14","73.52","22.02","694.55"
"Shree Vasu Logis","Miscellaneous","123.07","3.12","31.19","0.2","22.12","143.63","47.08","10.36","239.88"
"Shreeji Translog","Miscellaneous","250.5","16.28","61.08","2.1","19.98","120.41","46.76","33.65","26.41"
"Shreeoswal Seeds","Miscellaneous","269.03","-4.16","43.42","-3.51","65.28","124.06","63.86","-9.84","27.69"
"Shreeshay Engi.","Construction","18.13","1.09","18.03","1.05","0","44.21","0.0","4.81","29.77"
"Shreevatsaa Fin.","Finance & Investments","0.87","0.44","0.22","0.16","4.76","22.58","0.0","1.99","23.0"
"Shrenik","Trading","34.19","-108.95","5.99","-108.37","-50.08","2.6","124.25","0","1.16"
"Shreyans Inds.","Paper","699.17","87.42","167.52","14.9","-26.39","560.05","34.04","25.53","274.35"
"Shreyas Interm.","Dyes And Pigments","0.0","-1.58","0.0","-0.12","0","27.7","7.74","-9.42","11.14"
"Shreyas Shipping","Shipping","282.39","-51.01","89.62","2.38","10.52","1247.06","405.24","-6.4","336.25"
"Shri Balaji","Engineering","82.56","8.33","45.3","4.37","0","84.51","30.76","104.67","244.05"
"Shri Gang Indus","Breweries & Distilleries","265.73","14.79","51.08","1.14","4.82","163.02","128.17","0","73.69"
"Shri Keshav","Cement - South India","126.45","9.13","36.02","2.41","12.84","355.97","192.92","14.6","201.1"
"Shri Krishna","Construction","25.45","4.45","6.7","1.32","-62.57","195.6","50.34","5.6","34.7"
"Shri Techtex","Textiles - Products","76.38","12.28","34.76","7.05","0","100.06","11.27","40.77","62.0"
"Shri Vasuprada","Tea","107.62","-6.59","15.93","-7.31","10.32","214.0","58.57","-15.87","96.0"
"Shri Venkatesh","Solvent Extraction","575.23","15.03","287.94","7.63","-22.03","236.98","124.04","22.73","129.05"
"Shricon Indus.","Construction","0.57","0.87","0.24","0.19","0","4.37","0.01","-2.57","118.75"
"Shriram AMC","Finance & Investments","8.01","-6.86","2.0","-2.4","40.85","80.11","0.59","-9.28","381.5"
"Shriram Finance","Finance & Investments","36379.52","7398.89","9904.3","2021.28","24.33","248265.94","195496.08","15.93","2929.4"
"Shriram Pistons","Auto Ancillaries","3089.33","438.66","855.56","116.46","22.05","3138.24","486.6","25.41","1901.05"
"Shriram Properti","Construction","864.53","75.38","302.24","20.12","156.46","3770.77","650.29","6.09","112.3"
"Shristi Infra","Construction","115.38","-40.18","-31.36","16.03","-173.48","710.15","413.59","0","41.83"
"Shrydus Indust.","Finance & Investments","9.45","0.52","1.5","0.05","-53.99","16.89","10.91","13.2","18.7"
"Shubham Polyspin","Textiles - Products","49.15","0.86","13.36","0.22","24.05","28.17","9.0","5.77","24.85"
"Shubhlaxmi Jewel","Trading","68.36","1.22","41.64","0.29","0","35.88","10.55","6.8","33.5"
"Shukra Bullions","Diamond Cutting / Jewellery","0.59","0.02","0.59","0.15","-3.28","7.31","0.0","1.39","27.89"
"Shukra Jewellery","Construction","4.78","0.06","3.13","0.11","67.38","42.01","0.61","0.17","4.92"
"Shukra Pharma.","Pharmaceuticals - Indian - Formulations","74.57","18.54","10.88","3.99","-76.48","77.84","3.16","44.71","109.2"
"Shyam Century","Mining / Minerals / Metals","138.09","0.73","40.77","-1.71","-38.53","179.29","2.63","0.45","17.25"
"Shyam Metalics","Steel - Large","13195.22","1029.0","3606.2","219.94","5.2","14423.83","596.91","12.24","680.95"
"Shyam Telecom","Trading","0.0","-3.13","0.0","-1.84","0","19.54","0.0","0","15.73"
"Shyama Infosys","Computers - Software - Medium / Small","0.21","0.11","0.06","0.08","50.0","10.04","0.0","1.11","6.69"
"Shyamkamal Inv","Finance & Investments","0.0","-0.21","0.0","-0.28","0","2.3","0.0","-10.77","13.15"
"Sibar Auto Parts","Auto Ancillaries","19.88","-1.39","4.88","-0.47","-21.92","23.3","1.25","-13.08","13.41"
"Sicagen India","Trading","795.45","10.49","221.23","3.07","-2.72","698.62","120.73","2.33","63.15"
"Sical Logistics","Miscellaneous","221.09","-28.29","44.22","-14.93","-53.51","765.67","507.25","-113.11","170.2"
"Siddha Ventures","Finance & Investments","0.29","0.79","0.0","0.66","0","40.91","0.0","1.96","9.59"
"Siddhes. Garment","Trading","0.0","0.01","0.0","0.02","0","27.46","0.0","0.04","14.0"
"Siddhika Coatins","Miscellaneous","36.82","4.44","20.79","2.36","0","38.93","0.0","17.29","295.0"
"Siel Fin. Serv.","Finance & Investments","0.0","-0.18","0.0","-0.18","0","0.08","5.44","0","49.79"
"Siemens","Electric Equipment","19604.2","2317.5","5313.8","896.4","19.0","22386.5","163.1","15.36","7809.5"
"Sigachi Indust.","Pharmaceuticals - Indian - Bulk Drugs & Formln","398.96","57.27","104.13","15.17","43.79","694.16","122.6","16.38","60.45"
"Sigma Solve","Computers - Software - Medium / Small","65.05","19.33","16.22","5.32","18.57","40.0","4.84","50.12","404.0"
"SignatureGlobal","Construction","1240.55","16.32","694.36","41.25","-1.46","8473.34","1933.33","4.8","1421.1"
"Signet Industrie","Plastics Products","1213.04","15.45","344.13","3.44","10.11","767.92","335.66","7.24","89.5"
"Signoria Creatio","Textiles - Products","19.54","2.41","13.01","1.76","0","31.2","10.11","41.34","131.85"
"Signpost India","Miscellaneous","387.45","44.05","103.43","17.75","-36.44","475.62","154.44","26.14","287.85"
"Sika Interplant","Engineering","106.03","19.36","37.16","6.05","97.24","122.01","0.0","19.59","3274.0"
"Sikko Industries","Pesticides / Agrochemicals - Indian","61.29","4.06","14.27","0.65","102.41","51.67","5.89","15.71","88.01"
"Sikozy Realtors","Construction","0.0","-0.14","0.0","-0.04","0","0.5","0.13","-46.67","0.98"
"SIL Investments","Finance & Investments","50.96","30.01","5.61","2.02","-72.08","2422.74","0.0","1.51","557.9"
"Silgo Retail","Diamond Cutting / Jewellery","35.03","3.15","10.13","0.94","-24.01","63.34","6.79","7.43","37.02"
"Silicon Rental","Miscellaneous","63.25","12.9","39.11","5.77","0","76.79","5.85","25.33","162.0"
"Silicon Valley","Finance & Investments","0.0","-0.24","0.0","0.0","0","1.5","0.0","0","0.03"
"Silkflex","Trading","59.58","3.93","35.84","2.17","0","38.92","16.91","48.1","59.0"
"Silly Monks","Entertainment / Electronic Media Software","22.19","0.0","5.37","0.24","67.29","11.19","0.55","0.0","18.66"
"Silver Oak (I)","Breweries & Distilleries","0.01","-0.88","0.01","0.79","-50.0","29.19","8.24","-11.65","72.5"
"Silver Pearl","Hotels","1.12","0.1","0.78","0.2","0","13.96","0.0","0.74","9.5"
"Silver Touch","Computers - Software - Medium / Small","227.27","16.06","78.8","6.32","79.34","172.09","10.98","15.44","733.65"
"Silveroak Comm","Construction","4.42","-7.83","0.0","-0.14","-100.0","17.44","12.08","-3559.09","3.55"
"Simbhaoli Sugar","Sugar","1173.35","-12.07","345.38","35.16","-4.57","1962.09","1010.78","0","33.1"
"Simm. Marshall","Fasteners","192.04","3.26","48.27","0.65","5.76","160.8","84.24","6.34","117.0"
"Simplex Castings","Castings & Forgings","122.13","2.39","31.47","1.26","-29.19","147.85","71.76","4.62","195.0"
"Simplex Infra","Construction","1388.47","-72.27","360.75","163.72","-23.81","10413.72","7179.93","-27.13","131.1"
"Simplex Mills","Trading","0.0","-0.14","0.0","-0.04","0","6.97","2.52","0","3451.1"
"Simplex Papers","Trading","0.0","0.11","0.0","-0.03","0","1.65","12.44","0","1875.0"
"Simplex Realty","Construction","1.76","5.18","0.3","0.61","30.43","122.22","0.0","1.54","160.0"
"Simran Farms","Miscellaneous","486.42","0.4","138.42","0.19","34.32","139.17","35.3","1.23","132.45"
"Sinclairs Hotels","Hotels","55.88","20.54","14.82","5.32","10.51","129.37","10.19","16.02","117.0"
"Sindhu Trade","Miscellaneous","1686.06","70.77","445.69","-101.97","16.98","4657.39","1016.75","5.01","21.12"
"Singer India","Engineering","425.41","4.5","113.48","2.33","-1.0","248.86","1.57","2.89","89.51"
"Sinnar Bidi Udy.","Miscellaneous","4.8","0.12","1.24","-0.11","-3.12","8.65","0.0","2.72","719.8"
"Sintercom India","Auto Ancillaries","87.71","1.15","23.49","0.47","19.36","180.25","33.52","1.15","137.85"
"Sintex Plastics","Plastics Products","0.59","-555.33","0.0","0.0","-100.0","0.66","140.58","-976.65","1.06"
"Sir Shadi Lal","Sugar","462.15","-9.19","185.84","17.84","-2.75","1074.55","319.47","-1.94","374.75"
"Sirca Paints","Trading","311.72","51.44","82.63","12.51","21.03","350.93","0.0","17.92","325.0"
"Sirohia & Sons","Trading","0.0","-0.05","0.0","-0.03","0","28.17","0.0","-0.18","10.16"
"SIS","Miscellaneous","12261.43","190.04","3137.63","-11.67","4.74","5937.99","1658.04","7.9","447.75"
"Sita Enterprises","Finance & Investments","3.17","2.82","0.51","0.43","292.31","14.53","0.0","21.78","52.28"
"Siti Networks","Entertainment / Electronic Media Software","1294.31","-354.96","322.66","-72.9","-3.82","1410.32","919.18","0","0.65"
"Siyaram","Mining / Minerals / Metals","412.99","7.52","197.93","3.28","0","170.33","59.33","16.2","73.49"
"Siyaram Silk","Textiles - Processing","2087.18","184.68","646.37","68.99","-6.97","1605.56","174.94","16.19","516.65"
"Sizemasters Tech","Auto Ancillaries","12.74","1.57","3.59","0.49","452.31","27.55","12.26","14.73","238.0"
"SJ Corp","Diamond Cutting / Jewellery","15.55","0.01","2.17","-0.09","-78.32","8.86","0.0","0.11","41.89"
"SJS Enterprises","Plastics Products","627.8","85.38","186.79","27.18","75.27","789.63","84.21","17.31","785.95"
"SJVN","Power Generation And Supply","2579.37","911.44","482.91","61.08","-4.14","39191.25","20323.2","6.09","132.4"
"SKF India","Bearings","4570.13","551.77","1203.4","174.81","9.93","3651.49","11.76","21.96","6646.4"
"SKIL Infrastr","Construction","0.0","845.29","0.0","-4.47","0","3195.12","1955.55","0","6.2"
"Skipper","Engineering","3282.04","74.68","1153.51","23.9","75.48","3138.27","592.49","9.0","357.9"
"SKM Egg Prod.","Food - Processing - Indian","701.13","85.4","162.28","10.05","-13.07","469.17","146.15","36.21","261.55"
"SKP Bearing","Bearings","51.66","10.68","0","0","0","0","0","0","226.25"
"SKP Securities","Finance & Investments","30.88","8.65","9.07","2.85","65.81","71.79","0.0","22.89","145.0"
"Sky Gold","Diamond Cutting / Jewellery","1745.48","40.48","513.38","13.61","90.2","585.64","310.06","23.66","1661.1"
"Sky Industries","Textiles - Products","81.66","4.14","20.6","1.0","17.45","62.13","12.81","10.88","88.22"
"Skyline Millars","Construction","0.0","-0.99","0.0","-0.19","0","27.23","0.0","-3.76","25.2"
"Skyline Ventures","Trading","0.0","-0.62","0.0","-0.17","0","5.52","1.09","-14.4","14.71"
"Slone","Computers - Hardware","60.69","4.19","40.45","2.06","0","20.87","1.57","198.58","165.0"
"SM Auto Stamping","Auto Ancillaries","67.56","3.0","31.13","1.76","0","31.96","5.52","16.19","50.0"
"Smart Finsec","Finance & Investments","25.07","2.37","0.84","0.53","-80.65","14.6","0.0","17.79","14.57"
"Smartlink Hold.","Finance & Investments","209.18","7.06","78.77","8.68","57.6","271.18","31.63","3.78","281.85"
"SMC Global Sec.","Finance & Investments","1642.5","188.28","509.68","66.24","67.82","4746.6","1466.82","18.46","162.95"
"SMIFS Cap. Mkt.","Finance & Investments","234.1","2.41","7.05","0.66","-30.27","132.2","0.09","1.96","54.8"
"Smiths & Founder","Castings & Forgings","11.66","0.63","3.13","0.27","15.07","22.94","2.24","3.39","5.09"
"SML ISUZU","Automobiles - LCVs / HCVs","2195.93","107.88","679.6","52.32","16.53","1212.52","421.27","46.55","2088.0"
"Smruthi Organic","Pharmaceuticals - Indian - Bulk Drugs","127.64","3.59","39.66","1.52","7.83","118.19","11.7","5.21","165.8"
"SMS Lifesciences","Pharmaceuticals - Indian - Bulk Drugs & Formln","305.96","6.32","89.99","6.47","41.21","390.52","100.72","3.66","842.7"
"SMS Pharma.","Pharmaceuticals - Indian - Bulk Drugs","709.26","49.42","245.8","15.92","64.49","1068.25","280.77","9.28","231.6"
"SMVD Poly Pack","Plastics Products","24.79","-53.78","1.56","1.55","0","9.71","28.07","-24.26","12.1"
"SNL Bearings","Bearings","47.69","7.82","11.46","2.07","1.15","66.52","0.1","13.77","371.0"
"Snowman Logistic","Miscellaneous","503.37","12.71","126.54","2.15","12.63","746.42","277.8","3.03","77.19"
"Sobha","Construction","3096.95","49.11","762.86","7.03","-36.95","13696.49","1939.73","1.96","1963.45"
"Sobhagya Mercant","Diversified - Medium / Small","120.11","11.58","32.76","3.94","-28.24","87.0","13.76","27.98","29.58"
"Sofcom Systems","Computers - Software - Medium / Small","0.39","0.06","0.11","0.06","-91.85","5.42","0.0","18.62","33.62"
"Softrak Venture","Finance & Investments","0.06","2.16","0.0","2.15","-100.0","46.09","0.0","4.88","13.9"
"Softsol India","Computers - Software - Medium / Small","74.64","10.89","21.04","2.6","12.09","203.62","0.0","3.02","354.95"
"Softtech Enginee","Computers - Software - Medium / Small","78.78","3.33","22.36","1.23","21.92","195.03","38.51","2.98","383.9"
"Solar Industries","Chemicals","6069.52","875.23","1610.71","242.71","-16.48","5577.04","1137.84","30.9","10022.45"
"Solara Active","Pharmaceuticals - Indian - Bulk Drugs & Formln","1288.92","-566.96","299.43","-255.45","-21.33","2350.96","1011.5","-33.47","581.25"
"Solex Energy","Electric Equipment","365.92","8.73","272.89","8.01","0","211.96","96.16","23.2","1480.0"
"Solid Stone Co","Trading","24.02","0.85","7.28","0.29","-15.45","54.24","18.05","4.0","33.8"
"Solitaire Mach.","Engineering","20.86","1.8","6.62","0.67","-18.67","27.7","2.03","9.93","108.6"
"Som Datt Finance","Finance & Investments","15.03","12.1","3.62","2.74","1306.67","35.69","0.0","41.15","114.35"
"Som Distilleries","Breweries & Distilleries","1280.67","86.5","381.6","19.99","51.09","1169.48","166.47","18.46","113.75"
"Soma Papers","Paper","0.0","-0.36","0.0","-0.45","0","0.29","0.05","-87.8","74.99"
"Soma Textiles","Trading","5.73","21.1","1.03","19.28","-62.95","111.5","1.62","1.95","33.5"
"Somany Ceramics","Ceramics - Tiles / Sanitaryware","2591.35","99.38","737.52","33.88","8.58","1983.79","377.52","13.04","828.9"
"Somi Conv.Belt.","Miscellaneous","102.11","4.55","38.44","1.88","-0.9","110.45","15.22","6.62","191.9"
"Sona BLW Precis.","Auto Ancillaries","2893.11","484.48","793.4","130.59","13.51","3585.28","387.81","20.06","650.4"
"Sona Machinery","Engineering","95.3","10.47","56.78","7.55","0","85.81","0.97","91.92","210.0"
"Sonal Adhesives","Packaging","100.65","1.85","26.68","0.27","21.33","33.12","7.3","29.46","78.0"
"Sonal Mercantile","Finance & Investments","39.32","24.2","10.26","7.32","14.38","620.61","290.62","8.02","112.0"
"Sonalis Consumer","Trading","4.08","0.02","0.63","-0.29","0","10.29","1.97","0.71","67.46"
"Sonam","Miscellaneous","87.64","5.52","22.28","1.68","28.12","86.15","22.16","10.14","39.61"
"Sonata Software","Computers - Software - Medium / Small","8613.06","308.5","2191.61","110.36","14.53","5149.12","765.46","30.32","609.0"
"Soni Medicare","Healthcare","28.53","-1.68","7.15","-0.89","17.99","19.66","9.78","-68.43","25.75"
"Sonu Infratech","Construction","90.4","2.88","70.43","1.77","0","95.99","32.15","12.84","67.9"
"Sotac Pharma.","Pharmaceuticals - Indian - Bulk Drugs & Formln","103.83","4.28","52.19","2.55","30.99","105.33","24.86","22.56","136.75"
"Source Industrie","Textiles - Processing","0.07","-0.15","0.02","-0.01","100.0","4.58","0.22","-3.44","2.53"
"Source Natural","Pharmaceuticals - Indian - Bulk Drugs & Formln","27.3","1.74","6.83","0.32","0.0","23.65","0.0","9.52","183.75"
"South Asian Ent.","Trading","5.17","-1.37","1.19","-0.42","-17.36","7.17","4.16","-19.38","51.97"
"South Ind.Bank","Banks - Private Sector","8612.8","1070.08","2274.67","287.56","15.29","107698.18","98645.2","16.03","27.05"
"South West Pinn.","Mining / Minerals / Metals","133.33","7.08","45.0","2.24","18.42","237.72","92.65","5.85","119.8"
"South. Magnesium","Mining / Minerals / Metals","9.47","3.33","2.65","0.76","47.22","13.0","2.44","41.34","221.0"
"Southern Infosys","Trading","18.56","0.28","8.43","0.2","83.26","26.6","0.0","5.04","20.02"
"Southern Latex","Textiles - Products","0.0","0.24","0.0","0.21","0","6.66","0.01","3.74","30.0"
"Sover. Diamonds","Diamond Cutting / Jewellery","28.42","1.38","8.07","0.33","8.76","31.37","11.53","8.52","27.57"
"SP Refractories","Refractories / Intermediates","28.81","1.56","14.88","0.81","0","17.14","4.68","17.45","304.5"
"SPA CAPT SER","Finance & Investments","21.08","0.65","6.12","0.2","9.09","43.49","24.47","3.92","54.8"
"Space Incubatric","Miscellaneous","0.0","0.03","0.0","-0.03","0","9.1","0.04","0.33","1.66"
"Spacenet Enterpr","Trading","128.21","10.69","47.72","1.69","68.62","126.33","0.89","14.59","32.61"
"Span Divergent","Miscellaneous","12.66","0.78","3.03","0.88","-10.62","24.19","9.12","0","27.08"
"Spandana Sphoort","Finance & Investments","2299.76","467.88","637.41","122.2","34.1","12869.58","9012.16","14.18","728.95"
"SPARC","Miscellaneous","75.55","-388.11","16.56","-106.69","-65.28","486.33","56.23","-121.74","240.9"
"Sparc Electrex","Trading","7.39","0.1","4.17","-0.08","1290.0","19.87","1.0","0.98","19.68"
"Speciality Rest.","Hotels","404.7","30.01","96.19","3.38","9.92","505.62","138.78","10.07","177.25"
"Spectra Industri","Auto Ancillaries","0.0","-2.47","0.0","-1.23","0","7.62","57.24","0","4.95"
"Spectrum Electr.","Electric Equipment","334.29","19.72","197.72","12.61","0","317.25","88.74","21.42","2252.0"
"Spectrum Foods","Food - Processing - Indian","21.83","1.33","6.33","-5.15","38.82","13.95","1.76","203.05","27.97"
"Spectrum Talent","Diversified - Medium / Small","1016.2","11.6","586.18","7.56","0","200.22","0.86","20.77","111.2"
"Spel Semiconduct","Electronics - Components","13.76","-8.26","2.28","-4.26","2.7","153.92","25.16","11.38","225.45"
"Spencer's Retail","Trading","2345.03","-266.15","546.79","-80.69","0.63","1695.92","1621.64","0","90.18"
"Spenta Intl.","Textiles - Products","35.15","1.1","9.14","0.48","-13.53","56.6","22.49","3.97","116.0"
"Spice IslandsInd","Textiles - Products","0.9","0.32","0.48","0.11","152.63","1.29","0.63","0","37.37"
"SpiceJet","Transport - Airlines","7894.37","-147.9","1428.83","-449.43","-26.89","6917.91","6739.58","0","52.4"
"SPL Industries","Trading","199.25","11.75","68.62","4.25","24.36","208.16","0.0","6.08","61.96"
"SPML Infra","Construction","1318.97","-1.61","461.21","-3.56","-0.49","1891.8","548.98","-0.55","167.3"
"Sportking India","Textiles - Spinning - Synthetic / Blended","2377.14","70.35","611.18","22.86","14.52","1963.17","874.95","8.16","865.15"
"Sprayking Ltd","Mining / Minerals / Metals","101.66","8.92","20.17","1.77","154.35","96.65","34.44","0","40.26"
"Spright Agro","Miscellaneous","72.47","11.62","43.76","5.78","1907.34","68.92","0.38","35.67","51.42"
"SPS Finquest","Finance & Investments","8.29","3.31","1.74","0.7","79.38","69.14","8.51","5.65","69.0"
"SPS Intl.","Trading","0.03","-0.36","0.0","-0.12","-100.0","3.7","0.0","-9.4","35.6"
"Square Four Pro.","Construction","0.0","-0.16","0.0","0.05","0","23.74","4.07","-0.81","7.98"
"Sr. Jayala. Auto","Textiles - Cotton/Blended","0.0","3.21","0.0","-0.04","0","1.69","0.0","0","10.31"
"Sr.Rayala.Hypo","Chemicals","866.01","80.42","165.17","20.98","-62.05","902.29","4.91","11.39","554.95"
"Sreechem Resins","Chemicals","52.97","2.34","17.86","0.83","139.73","20.1","3.92","18.55","87.3"
"Sreeleathers","Trading","217.68","26.85","49.6","4.78","2.71","439.24","2.93","6.8","288.45"
"Srestha Finvest","Finance & Investments","12.75","1.74","5.64","5.06","705.71","193.38","49.68","1.77","1.87"
"SRF","Chemicals","13138.52","1335.71","3569.74","422.21","-5.51","20454.38","5030.54","12.22","2427.3"
"SRG Housing","Finance - Housing","124.8","21.06","36.15","6.09","37.82","670.36","491.26","14.5","330.7"
"Sri Adhik. Bros.","Entertainment / Electronic Media Software","2.76","-21.27","2.45","-5.35","0","73.88","1.3","0","250.45"
"Sri Havisha","Hotels","14.4","-4.15","3.35","-2.39","-5.37","75.93","38.71","-13.02","2.52"
"Sri KPR Inds.","Power Generation And Supply","13.75","7.88","2.27","2.5","11.82","131.25","0.0","6.94","36.1"
"Sri Lak.Sar.Arni","Textiles - Cotton/Blended","127.12","-19.98","28.3","-4.03","-17.73","36.65","19.53","0","46.0"
"Sri Nacha. Cott.","Textiles - Cotton/Blended","66.36","-4.79","18.56","0.2","-5.02","90.4","39.64","-22.07","37.6"
"Sri Ramakr. Mill","Textiles - Cotton/Blended","59.07","6.48","21.66","1.91","64.71","66.65","33.59","36.86","61.55"
"Srivari Spices &","Food - Processing - Indian","78.28","7.03","0","0","0","0","0","0","263.2"
"Srivasavi Adhes.","Packaging","77.33","5.15","37.26","2.39","0","49.08","2.4","17.93","115.1"
"SRM Contractors","Construction","342.42","26.97","107.87","6.17","4.93","235.01","47.59","28.01","179.35"
"SRM Energy Ltd","Power Generation And Supply","0.0","-0.79","0.0","-0.12","0","0.04","46.03","0","15.22"
"SRU Steels","Trading","18.32","0.32","1.04","0.11","-88.51","14.49","0.0","2.38","9.75"
"SSPDL Ltd","Construction","19.5","-2.84","0.76","-2.52","-86.62","78.87","45.76","-52.69","18.76"
"SSPN FINANCE","Finance & Investments","0.35","0.02","0.26","0.01","-8.33","6.21","1.12","0.46","8.46"
"St Bk of India","Banks - Public Sector","439188.51","69543.42","117469.38","22202.73","19.77","6733755.6","5606146.99","17.34","844.2"
"Standard Battery","Trading","0.0","-0.05","0.0","0.16","0","1.71","0.0","-7.52","90.36"
"Standard Inds.","Trading","26.9","-0.13","6.9","9.99","34.77","175.93","22.03","-0.09","25.78"
"Standard Shoe","Trading","0.0","-0.66","0.0","-0.42","0","0.14","0.0","0","12.89"
"Standard Surfact","Detergents / Intermediates","130.99","1.48","37.37","0.29","11.05","72.49","33.0","5.74","61.04"
"Stanley Lifesty.","Miscellaneous","419.0","34.98","0","0","0","458.18","151.27","15.71","510.0"
"Stanpacks(India)","Packaging","27.38","0.27","6.37","0.59","-3.48","17.04","8.83","3.99","10.82"
"Stanrose Mafat.","Finance & Investments","1.39","-7.45","0.01","-6.34","-50.0","51.09","2.49","-3.88","83.0"
"Star Cement","Cement - North India","2910.67","295.11","913.53","87.67","10.18","3602.37","146.95","11.51","211.1"
"Star Delta Trans","Electric Equipment","140.15","11.12","38.28","2.12","-4.66","85.77","2.01","16.32","841.5"
"Star Health Insu","Finance & Investments","14022.37","845.01","3688.57","142.32","17.82","18054.32","470.0","13.88","562.55"
"Star Housing Fin","Finance - Housing","58.62","8.88","16.33","2.74","40.78","490.31","320.3","7.46","55.5"
"Star Paper Mills","Paper","444.47","64.0","100.43","14.31","-18.62","789.55","5.01","10.54","255.8"
"Starcom Info.","Computers - Software - Medium / Small","1.8","-7.69","0.28","-4.19","-44.0","28.96","21.31","0","60.28"
"Starlineps Enter","Trading","29.76","1.79","11.59","-0.2","135.09","29.6","0.0","7.05","140.1"
"Starlit Power","Mining / Minerals / Metals","0.0","-3.8","0.0","-1.01","-100.0","21.38","43.54","0","5.1"
"Starlite Comp.","Trading","3.13","10.36","1.54","10.85","180.0","2.31","1.6","0","2.54"
"Starlog Enterp.","Miscellaneous","12.45","-2.69","3.33","3.81","40.51","134.88","11.65","-18.45","35.2"
"Starteck Fin.","Finance & Investments","37.33","15.9","10.93","3.45","21.58","441.86","201.81","8.29","290.0"
"Std. Capital Mkt","Finance & Investments","27.4","10.71","10.7","2.52","200.56","428.13","248.27","6.88","1.65"
"Steel City Sec.","Finance & Investments","59.18","11.86","17.34","4.4","25.11","209.47","5.08","10.32","93.0"
"Steel Exchange","Steel - Medium / Small","1089.17","10.89","312.15","19.75","-21.61","1268.09","382.5","1.86","14.6"
"Steel Str. Wheel","Auto Ancillaries","4357.1","674.68","1068.67","515.56","6.34","3303.61","1048.39","20.28","226.5"
"Steel Strips Inf","Construction","1.22","25.53","0.33","-13.27","22.22","104.61","2.04","33.45","33.59"
"Steelcast","Castings & Forgings","409.81","75.0","98.4","18.71","-18.22","323.65","0.08","30.94","650.75"
"Steelman Telecom","Telecommunications - Service Provider","219.75","-12.04","116.12","-5.6","0","106.92","47.08","-9.06","158.0"
"STEL Holdings","Finance & Investments","18.46","13.27","13.48","9.96","2.2","1599.63","0.0","1.14","464.55"
"Stellant Secu.","Finance & Investments","0.45","0.36","0.0","0.03","0","0.97","0.0","48.0","17.49"
"Stellar Capital","Finance & Investments","2.34","-0.77","0.85","-1.63","0","48.02","0.09","-1.63","4.3"
"Step Two Corp.","Finance & Investments","0.24","-0.3","0.0","-1.58","-100.0","5.65","0.0","-5.17","30.15"
"Stephanotis Fin.","Finance & Investments","0.79","-0.13","0.18","-0.02","-5.26","29.14","1.3","-0.39","34.92"
"Sterling & Wils.","Engineering - Turnkey Services","3035.37","-210.79","1178.01","1.4","1232.14","4300.51","515.68","-56.66","717.0"
"Sterling Green","Hotels","2.49","-1.87","0.16","-0.35","-88.65","32.2","12.65","-13.62","32.97"
"Sterling Guaran.","Miscellaneous","0.0","-0.07","0.0","-0.03","0","0.02","0.78","0","31.2"
"Sterling Powerg.","Electric Equipment","6.88","2.84","6.41","1.26","7022.22","18.9","16.01","0","34.68"
"Sterling Tools","Fasteners","931.97","55.37","269.25","16.25","27.2","712.78","117.53","13.0","371.1"
"Sterlite Tech.","Cables - Telephone","5478.0","-57.0","1140.0","-82.0","-39.1","8331.0","3583.0","-2.78","139.0"
"STL Global","Textiles - Processing","86.79","-2.58","23.4","-0.76","15.44","68.9","0.0","-9.16","17.99"
"Storage Tech","Engineering","88.87","5.81","52.06","6.66","0","58.17","16.88","0","203.0"
"Stove Kraft","Domestic Appliances","1364.33","34.14","325.23","2.66","16.96","1096.87","256.27","8.1","628.05"
"Stovec Inds.","Textile Machinery","222.82","11.35","59.96","4.75","35.05","188.35","0.0","5.77","3233.0"
"Stratmont Indus.","Trading","87.25","0.76","43.65","0.12","28.04","54.89","27.98","25.72","37.99"
"Strides Pharma","Pharmaceuticals - Indian - Bulk Drugs & Formln","4051.12","-94.31","1084.04","10.45","9.9","5839.76","2516.86","0.11","935.35"
"Sturdy Industrie","Aluminium and Aluminium Products","0.34","-9.18","0.1","-0.87","0.0","108.87","176.42","0","0.45"
"Stylam Industrie","Miscellaneous","914.08","128.4","239.88","37.56","1.29","607.6","0.0","27.24","1924.0"
"Styrenix Perfor.","Petrochemicals","2222.17","173.17","598.71","49.36","-2.69","1037.85","27.34","24.09","2144.9"
"Subex","Computers - Software - Medium / Small","309.72","-191.73","83.8","-156.51","77.28","529.72","28.16","-13.52","29.82"
"Subhash Silk","Textiles - Products","0.0","0.46","0.0","-0.07","0","14.64","0.86","4.48","22.28"
"Subros","Auto Ancillaries","3070.57","97.61","831.51","30.43","11.15","1651.03","4.86","10.71","669.55"
"Sudal Industries","Aluminium and Aluminium Products","144.11","121.18","34.83","1.14","-11.42","56.21","22.11","0","51.01"
"Sudarshan Chem.","Dyes And Pigments","2538.77","357.45","764.25","58.03","10.57","2355.03","467.06","11.94","949.85"
"Sudarshan Pharma","Trading","465.56","11.36","233.76","6.46","0","284.84","106.89","11.25","81.3"
"Suditi Industrie","Textiles - Products","67.71","-11.82","12.23","-4.15","-27.33","46.54","5.32","0","14.0"
"Sugal & Damani","Finance & Investments","4.88","2.31","1.75","0.52","503.45","27.51","3.87","11.46","30.5"
"Sujala Trading &","Finance & Investments","1.63","-0.17","0.41","0.32","5.13","21.33","0.0","-1.06","36.01"
"Sukhjit Starch","Miscellaneous","1375.35","49.96","369.92","11.88","-5.45","1021.7","338.24","10.32","455.75"
"Sula Vineyards","Breweries & Distilleries","548.12","94.69","117.49","13.63","6.33","1007.59","292.0","16.71","498.65"
"Sulabh Engineers","Finance & Investments","3.16","1.74","-2.04","0.81","-260.63","42.54","1.27","4.4","5.56"
"Sumedha Fiscal","Finance & Investments","95.74","7.65","32.98","1.79","227.83","59.78","0.0","14.14","51.2"
"Sumeet Industrie","Textiles - Manmade","984.86","-59.01","271.06","-7.75","14.27","427.7","490.09","0","2.14"
"Sumeru Industrie","Trading","0.06","0.0","0.0","-0.07","0","10.46","0.05","0.0","1.79"
"Sumit Woods","Construction","180.46","10.36","65.4","5.53","42.76","285.23","119.43","12.9","75.83"
"Sumitomo Chemi.","Pesticides / Agrochemicals - Indian","2832.54","369.67","664.37","109.28","1.96","3287.18","25.25","15.34","487.55"
"Summit Securitie","Finance & Investments","102.23","75.73","19.66","14.4","163.54","10077.5","0.0","1.07","1983.5"
"Sumuka Agro","Trading","54.96","4.26","18.84","0.96","44.04","25.19","0.56","48.07","200.2"
"Sun Pharma.Inds.","Pharmaceuticals - Indian - Bulk Drugs & Formln","48496.85","9610.03","11982.9","2658.74","9.63","85462.88","3273.67","16.72","1510.75"
"Sun Retail","Trading","102.18","1.12","86.83","2.66","0","46.05","2.07","-10.03","0.85"
"Sun TV Network","Entertainment / Electronic Media Software","4282.1","1925.8","961.28","414.94","14.39","11420.95","37.75","19.44","762.9"
"Suncare Traders","Trading","0.04","0.39","0.01","0.95","-92.31","46.08","5.55","1.26","1.66"
"Suncity Synth.","Textiles - Processing","2.0","0.13","0.64","0.41","-8.57","5.55","4.64","-950.0","31.21"
"Sundaram Brake","Auto Ancillaries","352.36","10.09","89.03","0.58","-2.99","206.32","44.23","11.18","776.65"
"Sundaram Clayton","Auto Ancillaries","1415.31","-120.13","554.8","-47.34","0","2673.96","1425.72","-17.31","1573.8"
"Sundaram Fin.Hol","Finance & Investments","291.35","533.14","217.62","269.32","523.91","4947.82","17.91","12.75","273.0"
"Sundaram Finance","Finance & Investments","7267.13","1842.36","2155.89","472.41","45.32","64276.04","52334.2","14.18","4623.4"
"Sundaram Multi.","Printing & Stationery","127.05","-5.08","40.51","0.24","-1.22","134.58","32.03","-3.38","3.07"
"Sundram Fasten.","Auto Ancillaries","5666.31","525.64","1466.48","134.41","1.28","4988.53","646.54","16.21","1355.1"
"Sunflag Iron","Steel - Medium / Small","3415.28","143.55","919.03","42.96","9.8","7022.21","726.61","3.38","225.5"
"Sungarner Energ.","Electric Equipment","17.97","1.04","10.47","0.8","0","18.44","5.7","32.4","396.0"
"Sungold Capital","Finance & Investments","2.28","0.03","0.49","-0.04","2.08","29.8","7.47","0.14","3.36"
"Sungold Media","Miscellaneous","0.84","0.03","0.44","0.0","-23.08","11.59","0.0","0.26","22.1"
"Sunil Agro Foods","Food - Processing - Indian","228.58","0.88","59.53","0.16","8.63","89.63","38.72","5.33","149.05"
"Sunil Healthcare","Miscellaneous","90.19","-1.79","21.31","0.15","0.24","158.5","66.15","-2.88","85.1"
"Sunil Industries","Textiles - Processing","180.21","2.24","14.06","0.0","-14.84","121.45","54.05","5.07","77.86"
"Sunita Tools Ltd","Engineering","26.09","4.85","8.61","1.84","0","38.48","7.84","33.63","632.1"
"Sunraj Diamond","Trading","2.54","-0.73","0.44","-0.99","193.33","26.63","16.4","-72.28","10.09"
"Sunrest Lifescie","Trading","29.48","0.23","12.48","1.99","0","19.03","4.46","7.4","63.05"
"Sunrise Efficie.","Trading","110.74","8.11","61.1","4.73","0","56.7","7.36","24.82","55.61"
"Sunshield Chem.","Chemicals","283.38","18.84","85.53","5.99","28.69","229.14","85.47","25.43","1020.2"
"Sunshine Capital","Finance & Investments","74.23","-47.21","0","0","0","773.87","670.0","1.33","2.87"
"Sunteck Realty","Construction","564.85","70.93","426.89","101.34","773.52","7923.64","374.94","2.4","585.8"
"Super Bakers (I)","Food - Processing - Indian","0.0","0.35","0.0","0.08","0","4.93","0.0","7.76","27.11"
"Super Crop Safe","Pesticides / Agrochemicals - Indian","31.25","1.33","8.1","0.07","17.39","88.17","39.45","5.04","12.06"
"Super Fine Knit.","Textiles - Products","27.99","0.58","12.46","0.39","0","40.46","11.92","2.54","12.57"
"Super Sales Ind.","Textiles - Cotton/Blended","419.18","19.87","100.16","-1.95","3.74","716.85","79.85","3.68","1600.3"
"Super Spinning","Miscellaneous","6.95","-20.89","2.61","-11.8","89.13","113.55","25.09","-8.38","8.7"
"Super Tannery","Leather / Leather Products","228.8","5.73","63.21","2.05","8.78","246.75","78.36","6.06","9.99"
"Superhouse Ltd","Leather / Leather Products","665.31","13.82","165.18","3.63","-6.0","833.57","203.65","2.79","213.9"
"Superior Finleas","Finance & Investments","0.94","0.06","0.22","-0.01","-35.29","48.96","44.99","1.57","1.7"
"Superior Indus.","Packaging","42.37","5.85","8.58","0.22","-15.72","123.01","11.62","5.73","48.5"
"Supershakti Met.","Steel - Medium / Small","731.41","13.41","385.76","7.65","0","316.36","19.8","5.65","500.0"
"Supertex Inds.","Textiles - Processing","90.48","0.11","40.37","0.06","25.53","84.56","23.33","0.37","10.85"
"Supra Pacific","Finance & Investments","25.85","0.67","8.62","0.46","137.47","161.62","106.35","1.8","30.95"
"Supra Trends","Textiles - Products","0.0","-0.09","0.0","-0.02","0","2.7","3.16","0","42.92"
"Suprajit Engg.","Auto Ancillaries","2895.86","167.27","783.12","59.15","12.03","2579.44","708.09","12.93","518.95"
"Supreme Engg.","Steel - Medium / Small","0","0","15.49","-1.34","47.6","55.05","100.97","0","1.13"
"Supreme Holdings","Construction","71.71","7.9","19.93","1.58","18.0","586.75","5.76","1.45","65.5"
"Supreme Inds.","Plastics Products","10134.26","1069.72","3007.89","354.82","15.76","6555.71","55.06","21.73","5998.4"
"Supreme Infra.","Engineering - Turnkey Services","58.73","-1175.03","28.61","-326.45","23.0","5566.05","4472.6","0","91.0"
"Supreme Petroch.","Petrochemicals","5253.35","346.49","1562.85","131.5","12.69","3064.84","114.14","16.8","771.0"
"Supreme Power","Electric Equipment","107.18","14.0","58.87","7.54","0","113.39","5.91","77.52","339.0"
"Supriya Lifesci.","Pharmaceuticals - Indian - Bulk Drugs & Formln","570.37","119.11","158.18","36.93","11.18","921.24","5.49","15.73","398.95"
"Suraj","Steel - Medium / Small","330.67","20.66","76.17","5.99","-7.5","184.76","33.66","18.01","233.9"
"Suraj Estate","Construction","412.21","67.49","100.36","19.46","0","1290.38","429.79","22.97","518.9"
"Suraj Industries","Trading","50.46","4.44","10.04","0.23","-64.37","92.44","10.83","10.08","70.51"
"Suraj Products","Steel - Medium / Small","344.68","28.93","92.09","5.82","-10.3","185.88","41.17","24.78","662.0"
"Surana Solar","Electric Equipment","17.71","-1.26","3.93","-0.15","-49.62","58.87","0.0","-2.22","38.7"
"Surana Telecom","Power Generation And Supply","25.28","8.06","6.59","5.45","-10.1","150.74","2.25","5.93","25.51"
"Surani Steel Tub","Steel - Medium / Small","155.14","0.5","90.52","1.79","0","134.21","42.36","2.19","353.9"
"Surat Trade","Finance & Investments","60.56","9.07","13.91","1.91","10.66","211.6","1.81","4.52","9.14"
"Suratwwala Busi.","Construction","72.01","27.79","21.08","5.59","96.83","127.21","37.76","80.57","124.3"
"Surya Roshni","Steel - Large","7808.52","328.86","2080.38","103.88","-3.29","2918.7","16.01","16.34","632.95"
"Suryaamba Spinni","Textiles - Spinning - Synthetic / Blended","218.57","1.75","55.34","0.72","-17.72","127.2","43.09","2.86","151.35"
"Suryalak. Cott.","Textiles - Cotton/Blended","782.41","3.61","238.62","0.91","11.07","727.94","225.9","2.18","80.86"
"Suryalata Spg.","Textiles - Spinning - Synthetic / Blended","453.49","18.65","120.41","5.4","8.42","395.61","98.76","8.13","411.0"
"Suryavanshi Spg.","Textiles - Cotton/Blended","0.66","1.45","0.14","2.66","75.0","25.54","17.92","0","25.98"
"Suryo Foods","Aquaculture","0.0","1.13","0.0","-0.13","0","3.49","0.0","0","15.0"
"Suryoday Small","Banks - Private Sector","1588.7","215.96","444.66","60.84","34.97","9861.22","7932.13","13.63","190.9"
"Sutlej Textiles","Textiles - Cotton/Blended","2671.72","-134.61","650.0","-30.87","-11.71","2097.12","824.83","-11.02","65.0"
"Suumaya Corp.","Trading","2.46","-485.35","0.0","-484.01","0","606.27","7.05","-503.91","4.69"
"Suumaya Indust.","Trading","1232.83","-1182.97","84.37","-829.42","209.84","1702.6","329.24","-288.03","5.54"
"Suven Life Scie.","Pharmaceuticals - Indian - Bulk Drugs & Formln","11.69","-105.08","2.39","-26.54","-8.43","284.9","0.71","-34.88","109.1"
"Suven Pharma","Pharmaceuticals - Indian - Bulk Drugs & Formln","1051.35","300.28","252.93","53.37","-31.52","2254.09","65.0","15.86","808.85"
"Suvidha Infra.","Construction","0.45","0.32","0.45","0.09","0","2.22","3.57","0","26.85"
"Suvidhaa Info.","Miscellaneous","7.61","-16.13","2.09","-3.43","-74.73","93.57","0.0","-25.81","5.37"
"Suyog Gurbaxani","Construction","63.12","5.59","52.02","5.08","0","116.06","86.92","54.86","140.5"
"Suyog Telematics","Transmisson Line Towers / Equipment","166.61","63.31","45.36","15.72","18.62","500.1","150.38","23.77","1095.05"
"Suzlon Energy","Electric Equipment","6529.09","660.35","2196.21","254.12","29.64","7179.02","150.24","28.45","52.72"
"Svam Software","Finance & Investments","1.43","0.11","0.03","-0.07","0","19.94","0.0","-0.72","3.1"
"Svaraj Trading","Trading","0.0","-0.01","0.0","0.14","0","58.31","0.0","-0.02","11.19"
"Svarnim Trade Ud","Trading","0.0","-0.03","0.0","-0.01","0","0.09","0.07","-200.0","16.95"
"SVC Industries","Miscellaneous","0.41","-2.19","0.06","-0.46","0","445.81","175.39","-0.81","4.03"
"SVP Global","Textiles - Spinning - Synthetic / Blended","301.9","-328.58","80.89","-155.54","5.61","3548.32","2462.44","-806.71","8.14"
"SVS Ventures","Construction","1.43","0.08","0.22","0.09","0","34.61","0.01","0.24","11.25"
"SW Investments","Finance & Investments","0.1","0.05","0.01","0.01","0.0","7.76","0.0","0.69","61.97"
"Swadeshi Inds","Trading","2.46","-0.06","2.46","-0.09","232.43","9.45","0.0","-0.75","2.31"
"Swadeshi Polytex","Construction","99.26","82.35","0.0","0.1","-100.0","112.23","0.0","122.08","139.75"
"Swadha Nature","Miscellaneous","0.05","0.02","0.05","0.06","25.0","1.37","0.63","2.96","12.73"
"Swagtam Trading","Miscellaneous","0.3","0.11","0.27","0.05","58.82","4.62","0.0","2.43","85.0"
"Swan Energy","Diversified - Medium / Small","5017.15","585.97","1397.91","55.59","49.8","12167.52","3439.88","7.03","590.9"
"Swaraj Engines","Engines","1419.24","137.87","350.96","35.18","-2.45","556.8","1.22","38.58","2838.55"
"Swaraj Suiting","Textiles - Spinning - Synthetic / Blended","319.59","18.2","176.72","12.71","0","356.21","175.05","27.38","298.85"
"Swarna Securitie","Miscellaneous","0.05","0.72","0.0","0.22","0","6.27","0.0","13.33","52.46"
"SwarnsaritaJewel","Diamond Cutting / Jewellery","769.69","4.79","171.25","0.07","12.79","240.91","107.72","3.98","29.0"
"Swashthik","Plastics Products","126.27","7.53","60.04","2.65","0","149.3","53.66","36.97","68.26"
"Swasti Vin. Art","Construction","12.38","2.05","3.32","0.02","10.3","47.93","14.7","9.29","4.37"
"Swasti Vinayaka","Textiles - Spinning - Synthetic / Blended","30.66","1.98","6.93","0.56","-20.07","34.31","2.75","10.1","7.14"
"Swastik Pipe","Steel - Medium / Small","723.46","5.13","361.78","1.03","0","446.47","112.79","2.46","70.5"
"Swastika Investm","Finance & Investments","114.67","12.29","36.54","4.25","62.91","352.95","13.88","19.15","810.0"
"Swati Projects","Finance & Investments","1.47","0.55","0.39","0.16","8.33","13.09","0.0","4.84","209.8"
"Swelect Energy","Electric Equipment","242.78","63.1","75.52","36.02","22.34","1661.96","569.0","2.98","1265.0"
"Swiss Military","Trading","181.23","8.22","52.49","2.19","40.5","89.24","0.17","11.98","26.01"
"Switching Tech.","Electric Equipment","8.68","-3.19","1.95","4.01","-33.45","7.16","0.0","0","78.1"
"Swojas Energy","Food - Processing - MNC","0.21","0.04","0.21","0.01","0","3.95","0.0","1.13","13.06"
"Sword-Edge Comm.","Trading","1.04","0.59","0.0","-0.04","100.0","34.63","11.29","-1.68","0.33"
"Sybly Industries","Textiles - Cotton/Blended","0.02","-3.52","0.02","-3.65","-97.26","6.58","5.61","6.57","7.11"
"Sylph Techno","Computers - Software - Medium / Small","15.75","-2.51","5.25","-1.82","109.16","82.52","2.53","-5.46","1.89"
"Sylvan Plyboard","Miscellaneous","187.79","3.53","0","0","0","203.98","55.01","4.01","66.1"
"Symbiox Investme","Finance & Investments","3.9","0.21","1.12","-0.03","846.67","31.85","0.0","0.67","2.77"
"Symphony","Domestic Appliances","1156.0","148.0","332.0","48.0","7.79","1218.0","169.0","18.34","1197.0"
"Syncom Formul.","Pharmaceuticals - Indian - Formulations","258.36","23.62","73.27","6.75","19.39","391.5","71.65","8.72","12.6"
"Synergy Green","Castings & Forgings","326.31","11.56","82.31","3.25","-3.37","198.0","79.93","28.26","354.25"
"Syngene Intl.","Pharmaceuticals - Indian - Bulk Drugs & Formln","3488.6","510.0","916.9","188.6","-7.79","6151.6","555.2","13.18","717.2"
"Synoptics Techno","Computers - Software - Medium / Small","43.24","6.01","17.14","2.87","0","91.99","20.29","23.66","102.0"
"Synthiko Foils","Aluminium and Aluminium Products","25.82","0.22","6.13","0.1","1.16","7.76","0.0","3.72","70.08"
"Syrma SGS Tech.","Electronics - Components","3153.84","124.34","1134.09","45.21","66.89","3689.43","629.89","6.86","494.05"
"Syschem (India)","Pharmaceuticals - Indian - Bulk Drugs & Formln","198.66","2.76","74.71","-0.26","52.75","164.03","0.45","6.96","46.79"
"Systango Tech","Computers - Software - Medium / Small","56.57","16.92","29.65","8.78","0","86.03","0.09","27.45","240.0"
"Systematix Corp.","Finance & Investments","137.09","53.35","52.83","23.19","242.38","308.42","20.56","42.44","1201.15"
"Systematix Sec.","Finance & Investments","0.33","-0.04","0.08","-0.01","-11.11","8.98","0.0","-0.45","7.33"
"T & I Global","Trading","183.5","9.94","35.0","-0.76","-13.39","118.45","0.0","12.69","248.8"
"T B Z","Diamond Cutting / Jewellery","2298.94","54.43","506.51","12.61","8.98","1458.56","613.95","9.37","122.55"
"T N Merc. Bank","Banks - Private Sector","4847.91","1072.03","1253.71","253.06","17.16","57865.61","48291.49","15.47","474.9"
"T N Newsprint","Paper","4692.82","208.16","1231.14","32.99","-13.74","6044.86","1801.39","10.32","275.55"
"T N Petro Prod.","Chemicals","1668.57","50.06","437.7","12.29","-8.76","1090.66","18.0","7.23","96.67"
"T N Steel Tubes","Steel - Medium / Small","71.5","0.28","18.92","0.21","-17.85","31.84","6.28","2.99","11.9"
"T N Telecom.","Cables - Telephone","0.0","-14.62","0.0","-5.22","0","16.68","32.52","0","10.37"
"T R I L","Electric Equipment","1291.04","47.01","512.7","41.62","16.96","1169.83","255.87","9.33","761.45"
"T T","Textiles - Products","211.03","4.63","51.39","6.23","-11.84","234.4","128.9","6.67","114.3"
"T. Spiritual","Trading","0.0","-0.19","0.0","-0.04","0","1.55","0.0","-11.66","2.19"
"T.V. Today Netw.","Entertainment / Electronic Media Software","952.09","56.38","252.79","11.46","16.42","1126.71","33.95","7.05","229.05"
"TAAL Enterprises","Transport - Airlines","186.87","37.15","46.49","10.01","4.54","190.31","6.8","25.94","2922.2"
"Taaza Intern.","Trading","0.0","-0.17","0.0","-0.02","0","11.84","0.0","-1.73","5.15"
"TAC Infosec","Computers - Software - Medium / Small","11.62","6.33","6.6","4.4","0","17.67","1.68","82.42","533.8"
"Tahmar Enterp.","Trading","5.45","0.05","2.34","-0.19","7900.0","96.18","15.52","0.13","17.14"
"Tai Industries","Trading","147.78","1.41","33.93","0.64","-53.11","71.51","1.74","5.07","44.87"
"Tainwala Chem.","Plastics Products","18.03","4.81","0.79","-0.44","-90.29","123.2","0.0","4.45","181.25"
"TajGVK Hotels","Hotels","407.99","74.4","115.84","25.85","11.79","812.15","108.16","14.64","335.2"
"Take Solutions","Miscellaneous","65.61","-119.62","13.21","-110.61","-64.81","88.11","37.09","-54.97","21.05"
"Talbros Auto.","Auto Ancillaries","778.27","109.98","202.68","49.79","15.85","856.73","98.71","17.3","317.5"
"Talbros Engg.","Auto Ancillaries","410.03","17.83","102.85","4.4","-3.19","289.01","112.53","13.98","645.0"
"Tamboli Industri","Finance & Investments","75.06","7.53","16.93","1.42","13.02","125.72","2.92","7.06","126.5"
"Taneja Aerospace","Miscellaneous","30.35","11.13","8.19","2.52","-17.52","147.4","0.3","9.28","630.8"
"Tanfac Inds.","Chemicals","378.15","52.48","102.81","12.67","-11.01","301.01","0.0","25.31","2149.8"
"Tanla Platforms","Computers - Software - Medium / Small","3927.79","548.32","1005.52","130.23","20.64","3008.98","75.04","31.7","964.0"
"Tantia Constr.","Construction","53.05","-22.22","22.66","-15.23","-46.78","650.37","333.98","-5.84","50.35"
"Tanvi Foods","Food - Processing - Indian","81.3","0.41","42.08","0.35","0","95.55","24.87","1.41","165.0"
"Tapi Fruit","Food - Processing - Indian","21.02","-0.25","10.03","-0.26","0","14.66","1.76","-3.18","139.0"
"Tara Chand Infra","Diversified - Medium / Small","172.02","16.13","46.49","6.3","19.7","257.02","85.23","19.7","418.75"
"Tarai Foods","Food - Processing - Indian","0.0","-0.31","0.0","-0.23","0","3.26","2.78","0","10.18"
"Tarapur Trans","Electric Equipment","0.16","-1.25","0.0","-0.37","-100.0","21.81","0.0","0","13.1"
"TARC Ltd","Construction","111.45","-77.05","9.48","-51.73","-92.98","3465.6","1392.53","-5.87","193.9"
"Tarini Internat.","Miscellaneous","2.37","0.04","1.4","-0.69","0","40.47","12.33","4.57","25.12"
"Tarmat","Construction","89.35","-1.13","20.68","-2.34","-50.71","179.09","10.47","1.14","71.82"
"Tarsons Products","Miscellaneous","296.39","42.64","105.72","10.32","0","972.18","269.02","0","508.85"
"Tasty Bite Eat.","Food - Processing - Indian","540.32","41.52","108.91","2.55","-0.65","446.7","86.45","15.67","10648.6"
"Tasty Dairy","Food - Processing - Indian","70.96","-30.68","8.04","-23.11","-71.62","98.25","69.02","-31.68","10.73"
"Tata Chemicals","Chemicals","15421.0","435.0","3475.0","-841.0","-21.15","36711.0","5563.0","2.32","1110.5"
"Tata Comm","Telecommunications - Service Provider","20968.82","969.58","5691.7","321.52","24.58","24365.44","11263.17","65.21","1862.35"
"Tata Consumer","Tea","15205.85","1215.4","3926.94","212.26","8.52","27878.79","3477.22","8.32","1093.5"
"Tata Elxsi","Computers - Software - Medium / Small","3552.15","792.24","905.94","196.93","8.12","3186.98","224.78","34.47","7050.0"
"Tata Inv.Corpn.","Finance & Investments","385.15","384.96","57.11","60.47","86.21","32870.16","0.0","1.55","6554.5"
"Tata Motors","Automobiles - LCVs / HCVs","437927.77","31806.75","119986.31","17528.59","13.27","369520.61","107262.5","49.44","992.0"
"Tata Motors-DVR","Automobiles - LCVs / HCVs","0","0","7769.67","1251.4","-26.91","0","0","0","665.75"
"Tata Power Co.","Power Generation And Supply","61448.9","4280.1","15846.58","1045.58","27.24","139054.4","53689.45","11.28","438.7"
"Tata Steel","Steel - Large","229170.78","-4909.61","58687.31","554.56","-6.79","269312.42","87082.12","6.55","175.65"
"Tata Technolog.","Computers - Software - Medium / Small","5117.2","679.37","1301.05","157.24","-7.23","5578.32","257.39","21.88","1021.55"
"Tata Tele. Mah.","Telecommunications - Service Provider","1191.65","-1228.44","323.29","-309.34","15.41","1306.99","20047.16","0","78.01"
"Tatia Global","Construction","1.07","0.62","0.26","0.15","-7.14","32.22","1.76","2.38","4.1"
"Tatva Chintan","Chemicals","393.5","30.35","98.27","9.61","-21.07","818.72","14.27","4.85","1115.0"
"Tavernier Res.","Trading","1.42","-0.3","0.0","-0.02","0","5.24","0.0","-5.59","32.28"
"Taylormade Renew","Electric Equipment","46.9","10.61","20.79","2.56","0","95.54","7.05","52.71","452.1"
"Tayo Rolls","Castings & Forgings","0.0","-3.3","0.0","-0.8","0","43.08","399.97","0","99.4"
"TBI Corn","Food - Processing - Indian","158.23","10.1","87.89","3.43","0","101.7","45.81","60.19","280.0"
"TBO Tek","Travel Agencies","1392.82","200.58","369.07","46.4","31.15","4857.43","210.46","46.76","1910.05"
"TCC Concept","Construction","73.65","20.28","12.77","4.81","1177.0","225.58","4.11","18.36","585.0"
"TCFC Finance","Finance & Investments","17.47","12.29","3.58","2.44","3354.55","115.04","0.0","11.87","60.0"
"TCI Express","Miscellaneous","1253.82","131.69","317.11","31.59","-2.8","850.47","10.46","20.25","1240.3"
"TCI Finance","Finance & Investments","0.65","-0.48","0.0","-0.49","0","27.55","7.42","0","16.26"
"TCI Industries","Miscellaneous","1.39","-1.04","0.48","-0.21","-46.67","14.91","0.76","-28.22","1490.0"
"TCM","Trading","32.23","-2.29","8.59","-0.46","74.95","83.79","0.27","-6.55","48.5"
"TCNS Clothing Co","Textiles - Products","959.56","-288.54","211.32","-63.6","-21.31","1284.67","607.01","-63.07","538.05"
"TCPL Packaging","Packaging","1485.92","106.54","382.8","30.2","0.48","1282.71","468.41","21.48","2537.4"
"TCS","Computers - Software - Large","240893.0","46099.0","61237.0","12502.0","3.51","145472.0","8021.0","51.51","3958.0"
"TD Power Systems","Electric Equipment","1000.52","118.35","263.89","29.03","5.62","1037.81","0.01","18.07","353.45"
"Team Lease Serv.","Miscellaneous","9321.53","112.66","2431.97","28.13","19.96","1936.87","104.81","13.56","2980.0"
"Teamo Production","Finance & Investments","457.96","4.88","114.6","3.47","-69.49","125.01","0.0","6.94","1.43"
"Tech Mahindra","Computers - Software - Large","51995.5","2396.8","12871.3","664.2","-6.17","43149.1","2536.7","8.63","1456.4"
"Techindia Nirman","Construction","0.0","-0.4","0.0","-0.14","0","92.35","80.53","-3.35","28.51"
"Techknowgreen","Miscellaneous","23.45","6.11","14.22","2.87","0","29.91","0.0","96.37","254.0"
"Techno Elec.Engg","Engineering - Turnkey Services","1502.38","268.46","439.62","77.54","40.47","2833.68","0.0","13.24","1545.0"
"Technocraf.Inds.","Steel - Medium / Small","2181.63","279.23","592.55","57.37","23.32","2692.42","675.06","17.53","2887.55"
"Technopack Poly.","Plastics Products","12.76","1.13","5.57","0.13","0","26.18","7.39","6.61","67.97"
"Technvision Ven.","Computers - Software - Medium / Small","192.77","13.53","51.45","8.87","22.47","160.72","13.63","324.07","2597.95"
"TECIL Chemical","Chemicals","0.0","-0.42","0.0","-0.07","0","5.41","13.24","0","28.69"
"Teerth","Construction","104.92","11.56","67.55","8.13","0","136.23","11.24","146.51","520.0"
"Teesta Agro Ind.","Fertilizers","163.18","3.61","37.9","2.62","19.82","174.42","13.1","2.84","119.0"
"Tega Inds.","Engineering","1492.71","193.86","506.98","89.49","27.89","1890.14","308.02","17.3","1629.35"
"Tejas Networks","Telecommunications - Equipment","2470.92","62.98","1326.88","146.78","343.3","8202.53","1884.32","2.06","1421.35"
"Tejassvi Aaharam","Textiles - Cotton/Blended","0.0","-0.84","0.0","-0.26","0","0.02","5.19","0","52.62"
"Tejnaksh Health.","Healthcare","8.22","1.81","2.14","0.61","29.7","30.11","4.12","8.28","23.4"
"TeleCanor Global","Computers - Software - Medium / Small","0.26","0.01","0.26","0.34","0","15.27","4.3","0","6.06"
"Telogica","Trading","17.86","0.84","4.56","-2.49","314.55","30.45","2.56","0","22.11"
"Tembo Global","Trading","432.08","13.86","130.52","3.14","49.64","161.48","49.79","25.99","233.0"
"Tera Software","Computers - Software - Medium / Small","84.48","3.45","23.14","1.72","-49.38","206.7","33.46","3.84","81.5"
"Terai Tea Co","Trading","66.51","3.12","40.66","2.55","-26.07","181.06","24.14","-2.09","107.9"
"Texel Industries","Packaging","94.89","-8.41","23.81","-2.08","-16.81","97.72","24.37","-40.7","35.97"
"Texmaco Infrast.","Construction","16.08","5.4","3.43","2.51","-18.53","1580.43","31.81","0.51","138.35"
"Texmaco Rail","Engineering","3502.87","112.69","1144.56","46.99","37.03","4139.98","631.09","5.88","258.25"
"Texmo Pipes","Plastics Products","534.22","4.59","85.02","-6.78","-49.06","347.03","56.24","3.65","76.78"
"TGB Banquets","Hotels","36.06","-3.56","8.88","-4.57","-3.06","108.98","7.14","-4.69","17.3"
"TGIF Agribusines","Miscellaneous","1.53","0.67","1.53","0.67","0","3.01","0.0","0","93.0"
"TGV Sraac","Chlor Alkali / Soda Ash","1545.95","60.72","368.0","7.17","-30.41","1791.69","319.36","2.98","89.36"
"Thaai","Auto Ancillaries","28.89","5.57","48.0","8.22","0","135.06","45.53","0","212.0"
"Thacker & Co.","Trading","2.24","18.08","1.07","6.04","-4.46","138.9","0.37","14.44","933.0"
"Thakkers Develp.","Construction","30.81","-0.95","6.38","-2.26","-66.61","234.49","30.11","-0.66","169.0"
"Thakral Services","Electronics - Components","24.53","-3.51","3.25","-0.37","-24.07","4.93","7.82","0","50.33"
"Thangamayil Jew.","Diamond Cutting / Jewellery","3832.19","123.24","982.74","28.24","27.37","1481.11","531.92","27.95","1728.65"
"The Anup Enginee","Engineering","550.38","103.48","156.92","43.03","8.84","808.43","20.28","21.33","1817.95"
"The Byke Hospi.","Hotels","83.86","5.65","22.97","2.25","-14.29","266.72","55.68","3.13","80.99"
"The Hi-Tech Gear","Auto Ancillaries","1106.9","114.25","286.87","17.83","0.11","908.42","298.46","9.08","1010.0"
"The Invest.Trust","Finance & Investments","287.73","19.97","86.49","4.58","10.32","1302.2","377.6","2.86","159.5"
"The Ramco Cement","Cement - South India","9376.35","356.49","2678.24","128.56","4.11","16272.73","4936.5","5.06","844.25"
"The Ravalgaon","Food - Processing - Indian","8.58","17.31","2.09","20.15","-16.4","28.54","2.11","-45.47","1469.0"
"Thejo Engg.","Engineering","559.4","59.38","140.82","13.45","15.6","413.77","42.51","24.92","3289.95"
"Themis Medicare","Pharmaceuticals - Indian - Bulk Drugs & Formln","381.76","43.52","97.82","6.64","22.12","566.42","95.79","12.14","210.0"
"Thermax","Engineering","9323.46","643.19","2763.68","187.58","19.6","10153.01","1277.43","14.14","5323.8"
"Thinkink Picture","Entertainment / Electronic Media Software","9.79","2.51","1.0","-1.24","-94.76","128.62","0.66","3.6","29.3"
"Thirani Projects","Finance & Investments","0.83","-6.38","0.2","-6.64","400.0","13.25","0.0","-41.15","3.26"
"Thirdwave Fin.","Trading","1.23","0.04","1.23","-0.12","127.78","1.4","0.0","2.91","110.25"
"Thirumalai Chem.","Chemicals","2083.13","-38.79","526.52","-20.47","22.18","3320.27","1251.73","-3.32","303.5"
"Thomas Cook (I)","Travel Agencies","7299.35","271.11","1663.82","58.17","26.7","6416.71","417.79","13.74","241.8"
"Thomas Scott","Textiles - Products","91.09","10.02","25.72","4.0","7.57","68.92","5.9","31.38","279.35"
"Thyrocare Tech.","Healthcare","524.02","71.14","141.23","19.23","13.15","620.27","38.82","13.75","681.95"
"Tiaan Consumer","Trading","0.01","-11.26","0.01","-8.32","0","6.0","5.18","-25.84","2.9"
"Tide Water Oil","Chemicals","1931.19","142.93","486.82","42.92","3.6","1156.21","1.25","17.97","2324.6"
"Tierra Agrotech","Trading","67.14","-9.21","7.49","-3.74","-9.87","174.75","21.06","-16.33","59.65"
"Tiger Logistics","Miscellaneous","240.26","12.96","92.71","4.03","51.88","143.58","11.82","12.43","37.9"
"Tijaria Polypipe","Plastics Products","0.15","-2.92","0.11","-0.71","-97.14","54.52","72.4","0","17.4"
"TIL","Engineering","66.91","253.9","31.43","168.59","98.17","413.65","171.83","0","314.15"
"Tilak Ventures","Finance & Investments","11.95","5.45","2.61","2.35","57.23","80.47","2.38","7.21","5.41"
"Tilaknagar Inds.","Breweries & Distilleries","1393.95","138.01","358.78","31.45","0.37","1033.44","121.44","24.99","248.0"
"Time Technoplast","Plastics Products","4992.5","315.89","1394.32","94.26","16.94","4113.99","829.32","12.88","328.4"
"Times Green Ener","Trading","32.73","0.47","27.63","0.22","0","55.08","2.0","1.39","75.0"
"Times Guaranty","Finance & Investments","3.24","1.79","0.83","0.39","7.79","45.5","0.0","4.02","129.6"
"Timescan Logist.","Miscellaneous","201.92","3.79","105.75","2.45","0","33.85","2.07","22.86","62.5"
"Timex Group","Miscellaneous","418.91","20.84","92.06","7.08","10.5","201.18","9.83","61.91","150.15"
"Timken India","Bearings","2909.54","392.14","897.77","141.43","11.87","2987.58","25.36","17.61","4306.75"
"Tinna Rubber","Miscellaneous","363.03","40.29","109.85","15.66","51.06","267.72","85.98","36.01","1873.15"
"Tinna Trade","Trading","245.35","0.12","88.57","-0.01","68.83","98.7","32.75","0.43","375.7"
"Tips Films","Entertainment / Electronic Media Software","77.64","1.09","60.14","4.64","89.96","104.31","0.0","1.19","565.3"
"Tips Industries","Entertainment / Electronic Media Software","241.58","127.17","63.26","25.76","21.61","338.87","5.01","80.57","432.35"
"Tirth Plastic","Trading","0.0","0.0","0.0","-0.01","0","2.86","0.0","0.0","37.69"
"Tirupati Foam","Miscellaneous","103.99","2.1","27.43","0.52","12.88","85.27","40.4","7.01","93.11"
"Tirupati Forge","Castings & Forgings","110.0","6.64","33.11","1.92","41.56","74.3","13.13","15.41","23.5"
"Tirupati Sarjan","Construction","193.76","3.95","72.01","0.89","31.43","218.35","59.6","4.81","14.17"
"Tirupati Starch","Miscellaneous","306.11","2.07","82.48","0.43","-4.12","226.42","153.5","4.16","244.0"
"Tirupati Tyres","Trading","0.41","0.09","-0.11","-0.24","-210.0","54.06","0.0","0.17","24.38"
"Titaanium Ten","Textiles - Products","191.52","1.32","110.89","0.68","121.34","63.1","41.86","8.69","34.5"
"Titagarh Rail","Engineering","3853.3","286.14","1052.41","78.95","8.03","3229.14","165.71","18.06","1827.95"
"Titan Biotech","Pharmaceuticals - Indian - Bulk Drugs & Formln","164.07","23.66","39.92","4.84","8.36","151.57","8.31","20.18","600.0"
"Titan Company","Diamond Cutting / Jewellery","51084.0","3496.0","12494.0","771.0","20.6","31547.0","15528.0","32.91","3412.05"
"Titan Intech","Computers - Software - Medium / Small","44.05","5.63","13.48","1.9","284.05","51.06","2.4","17.79","44.64"
"Titan Securities","Finance & Investments","7.0","10.07","2.03","1.54","2437.5","91.24","0.0","12.0","42.0"
"TMT (I)","Engineering","0.0","-0.34","0.04","-0.1","0","0.68","6.49","0","3.75"
"Tokyo Finance","Finance & Investments","0.78","1.09","0.19","0.23","5.56","11.57","0.0","10.1","24.99"
"Tokyo Plast Intl","Plastics Products","66.37","1.0","16.96","-0.06","-13.78","92.57","19.29","1.68","118.35"
"Torrent Pharma.","Pharmaceuticals - Indian - Formulations","10728.0","1656.0","2745.0","449.0","10.2","15061.0","4018.0","24.42","2808.75"
"Torrent Power","Power Generation And Supply","27183.21","1896.0","6528.58","447.04","8.13","33392.48","11631.8","15.89","1484.05"
"Total Transport","Miscellaneous","488.1","1.26","148.29","-0.67","31.04","157.32","33.78","1.63","118.75"
"Touchwood Enter.","Miscellaneous","32.72","3.62","20.93","1.45","-7.72","43.21","1.72","13.19","147.88"
"Tour. Fin. Corp.","Finance - Term-Lending Institutions","241.85","91.11","57.62","20.4","-4.03","2105.89","977.66","8.65","207.0"
"Toyam Sports","Miscellaneous","27.92","8.44","3.26","2.08","358.73","354.5","0.0","2.46","3.58"
"TPI India","Packaging","23.75","0.46","7.12","-0.29","53.45","8.89","15.49","0","18.69"
"TPL Plastech","Packaging","312.91","19.85","82.73","6.07","14.76","231.81","30.56","16.15","89.0"
"Tracxn Technolo.","Computers - Software - Medium / Small","82.77","6.5","20.32","1.43","-0.1","113.08","0.0","9.96","91.9"
"Tradewell Hold","Finance & Investments","31.66","2.47","30.99","2.3","8754.29","9.43","2.76","47.78","66.11"
"Trans Freight","Packaging","0.0","1.07","0.0","0.33","0","40.14","0.0","2.85","30.66"
"Trans India","Trading","77.76","2.45","9.98","1.15","-22.09","100.31","28.2","26.89","30.0"
"Transchem","Miscellaneous","0.41","4.2","0.41","1.25","0","76.32","0.0","5.94","38.0"
"Transcorp Intl.","Finance & Investments","2142.63","0.06","361.27","-2.86","-45.64","135.05","20.48","0.11","36.02"
"Transgene Biotek","Miscellaneous","0.23","-0.66","0.05","-0.27","0","142.33","14.0","-5.98","8.86"
"Transglobe Foods","Food - Processing - Indian","0.0","-0.29","0.0","-0.05","-100.0","0.16","0.48","0","167.45"
"TransIndia Real","Miscellaneous","96.82","250.46","20.08","159.0","-31.58","1346.13","58.3","3.86","46.11"
"Transpact Enter.","Trading","0.0","-0.09","0.0","-0.06","0","0.66","0.05","-16.67","264.0"
"Transpek Inds.","Chemicals","579.63","38.56","148.21","5.64","-26.9","965.67","70.27","6.12","1755.0"
"Transport Corp.","Miscellaneous","4024.2","354.5","1078.9","103.3","10.17","2501.4","193.7","19.05","919.4"
"Transteel Seatin","Miscellaneous","74.26","11.11","43.0","6.94","0","142.27","35.33","46.07","67.4"
"Transvoy Logist.","Miscellaneous","28.32","0.17","21.21","-0.11","-51.53","16.09","8.17","2.42","125.5"
"Transwar.Fin.","Finance & Investments","14.09","0.8","5.12","2.73","166.67","98.97","38.37","2.69","24.47"
"Transwind Infra.","Engineering - Turnkey Services","14.8","0.55","9.42","0.38","-47.37","23.19","0.63","3.59","22.0"
"Tranway Technol.","Computers - Software - Medium / Small","4.64","-0.19","2.22","0.0","0","22.89","5.15","-1.11","8.03"
"Tree House Edu.","Miscellaneous","8.17","-3.74","1.94","-1.25","-62.76","209.5","0.02","-1.81","27.12"
"Trejhara Solutio","Computers - Software - Medium / Small","22.85","19.72","6.43","10.35","12.02","240.97","2.18","1.19","183.4"
"Trent","Trading","12375.11","1477.46","3297.7","712.09","51.08","7161.75","1752.99","27.16","5413.45"
"Trescon","Construction","0.0","1.42","0.0","-0.11","0","111.74","1.7","1.32","16.59"
"TRF","Engineering","139.96","34.6","38.0","6.3","-2.29","309.51","119.41","0","550.0"
"Tricom Fruit","Food - Processing - Indian","0.0","-0.16","0.0","-0.09","0","0.14","65.53","0","1.45"
"Trident","Textiles - Cotton/Blended","6808.83","349.99","1682.26","59.01","6.93","7563.28","2125.87","8.21","38.59"
"Trident Lifeline","Pharmaceuticals - Indian - Bulk Drugs & Formln","44.63","5.94","26.05","2.83","44.72","87.08","18.41","13.01","204.5"
"Trident Techlabs","Computers - Software - Medium / Small","72.62","9.37","64.24","12.46","0","98.84","19.29","49.58","851.35"
"Trident Texofab","Trading","99.48","1.08","30.17","-0.1","24.46","81.9","40.11","5.47","41.4"
"Tridev Infra.","Finance & Investments","0.19","0.58","0.11","0.58","-26.67","3.29","0.0","19.46","2.86"
"Tridhya Tech","Computers - Software - Medium / Small","35.28","-0.49","17.82","6.7","0","91.39","39.18","-2.37","32.0"
"Trigyn Techno.","Computers - Software - Medium / Small","1279.66","19.96","334.14","18.98","3.12","873.69","4.7","2.89","138.85"
"Trimurthi","Finance & Investments","4.22","0.01","0.84","0.28","-3.45","7.36","0.0","0.14","18.94"
"Trinity League","Finance & Investments","0.06","-2.7","0.0","-1.43","-100.0","3.24","0.0","-59.93","20.0"
"Trio Merc. Trad.","Trading","2.47","-0.22","0.55","-0.07","-63.09","27.33","0.55","-0.91","1.04"
"Trishakti Indus","Finance & Investments","134.91","0.7","53.84","0.23","669.14","18.39","2.89","6.46","44.69"
"Triton Corp.","Computers - Software - Medium / Small","0.0","-0.44","0.0","-0.23","0","4.93","1.47","-100.0","0.52"
"Triton Valves","Auto Ancillaries","428.32","2.81","105.04","0.92","8.71","263.88","119.74","3.22","3228.0"
"Triven.Engg.Ind.","Sugar","5220.09","395.16","1302.13","161.04","-17.72","5118.31","1416.36","14.2","398.3"
"Triveni Enterpri","Trading","0.0","0.15","0.0","0.0","0","11.22","0.62","1.44","2.36"
"Triveni Glass","Glass & Glass Products","0.0","2.87","0.0","1.26","0","7.29","18.68","0","23.15"
"Triveni Turbine","Electric Equipment","1653.94","269.49","458.05","76.2","23.88","1653.67","3.12","31.29","613.6"
"TruCap Finance","Finance & Investments","161.06","11.71","41.19","5.85","26.16","928.35","686.11","5.41","51.3"
"Trust Fintech","Computers - Software - Medium / Small","35.04","12.5","16.22","5.22","0","52.44","0.17","45.99","212.4"
"TTI Enterprise","Finance & Investments","2.98","0.23","0.71","0.55","51.06","25.67","0.0","0","13.26"
"TTK Healthcare","Diversified - Medium / Small","752.79","62.84","181.06","18.27","0.51","1200.59","22.81","6.43","1477.0"
"TTK Prestige","Domestic Appliances","2678.05","225.33","622.56","57.42","1.9","2742.66","179.54","11.19","826.6"
"Tube Investments","Steel - Large","16890.33","1722.53","4490.11","271.31","18.86","13179.4","896.33","18.28","4213.3"
"Tulasee Bio-Eth.","Chemicals","0.0","-0.13","0.0","-0.04","0","8.4","7.23","-14.53","17.9"
"Tulive Developer","Construction","0.0","-0.93","0.0","0.11","0","48.17","0.0","-1.91","964.7"
"Tulsyan NEC","Steel - Medium / Small","977.0","-49.11","241.51","-19.9","3.48","855.88","334.98","-13.29","80.0"
"Tuni Text. Mills","Textiles - Processing","56.5","0.32","25.9","0.12","157.97","44.23","13.08","2.43","1.96"
"Turner Industrie","Diamond Cutting / Jewellery","0.0","-0.06","0.0","0.0","0","0.51","0.35","-24.39","0.6"
"Tuticorin Alkali","Chlor Alkali / Soda Ash","320.36","69.61","56.03","11.97","-58.11","417.42","8.07","165.67","88.21"
"TV Vision","Entertainment / Electronic Media Software","58.36","-23.75","14.32","-5.53","-15.62","110.5","6.07","0","7.05"
"TV18 Broadcast","Entertainment / Electronic Media Software","8975.97","-166.85","2329.58","-137.22","65.7","39893.6","6213.79","-0.45","41.42"
"TVS Elec.","Computers - Hardware","366.04","0.27","97.08","0.57","13.89","244.28","40.44","0.27","347.85"
"TVS Holdings","Finance & Investments","40247.58","1782.38","10124.63","463.86","18.79","44726.75","26232.48","26.37","13245.5"
"TVS Motor Co.","Automobiles - Motorcycles / Mopeds","39144.74","1778.54","10042.47","411.53","25.04","42220.46","13376.38","27.45","2379.95"
"TVS Srichakra","Tyres","2926.0","107.76","765.3","23.72","12.07","2696.68","842.49","10.66","4352.9"
"TVS Supply","Miscellaneous","9199.98","-90.49","2426.31","5.38","4.51","5829.36","2199.02","-7.13","181.45"
"Twinstar Indus.","Computers - Software - Medium / Small","0.0","-3.31","0.0","-0.16","0","62.71","15.8","-15.71","1.35"
"Tyche Industries","Pharmaceuticals - Indian - Bulk Drugs","69.51","12.24","14.2","2.1","-43.85","136.9","0.0","10.05","178.0"
"Tyroon Tea Co.","Tea","41.52","2.99","2.69","-6.61","97.79","57.75","5.68","6.96","100.5"
"U P Hotels","Hotels","146.51","31.82","48.1","13.2","14.85","181.64","0.37","23.44","1645.0"
"U. H. Zaveri","Trading","20.17","0.65","5.24","-0.34","147.17","31.03","10.86","3.86","19.7"
"U. Y. Fincorp","Finance & Investments","121.86","64.92","39.21","4.71","179.47","327.16","1.0","22.74","25.44"
"Ucal","Auto Ancillaries","723.15","-25.26","177.06","-18.05","-4.55","801.37","267.91","-6.61","172.4"
"UCO Bank","Banks - Public Sector","21854.34","1653.74","5859.7","525.77","17.49","323691.45","288461.21","6.22","54.61"
"Udaipur Cement","Cement - North India","1163.59","61.41","348.35","19.79","18.23","2462.38","1310.35","8.91","47.96"
"Uday Jewellery","Diamond Cutting / Jewellery","173.18","8.71","41.84","0.06","-7.1","109.38","23.59","12.03","139.9"
"Udayshivakumar","Construction","577.15","30.13","159.39","13.87","31.25","322.36","38.08","18.88","78.5"
"Uflex","Packaging","13363.63","-691.16","3426.46","-270.95","1.37","17347.7","6946.67","0.51","523.8"
"UFO Moviez","Entertainment / Electronic Media Software","408.24","16.36","118.66","6.02","35.06","540.91","76.44","6.26","134.05"
"Ugar Sugar Works","Sugar","1151.21","21.14","368.17","17.36","-39.49","1085.25","513.84","9.3","83.5"
"Ugro Capital","Finance & Investments","1047.96","119.34","322.41","32.69","54.29","6279.98","4653.25","9.85","289.45"
"Ujaas Energy","Electric Equipment","26.73","28.96","6.84","-4.14","-20.74","110.6","18.51","55.25","256.45"
"Ujjivan Small","Banks - Private Sector","5677.16","1281.5","1528.51","329.63","29.01","33316.87","28179.14","31.96","44.69"
"Ultra Wiring","Auto Ancillaries","41.91","1.95","18.39","0.53","0","41.72","5.78","11.29","88.0"
"Ultracab India","Cables - Power","124.06","5.98","44.56","1.77","79.46","103.05","50.8","17.3","14.69"
"Ultramarine Pig.","Dyes And Pigments","525.53","53.83","125.5","10.22","5.84","1024.9","43.72","6.62","465.2"
"UltraTech Cem.","Cement - North India","70908.14","7003.96","20418.94","2258.58","9.41","100802.01","11402.95","12.32","11745.7"
"Uma Converter","Packaging","181.02","4.19","88.29","3.08","0","169.18","66.52","6.14","27.5"
"Uma Exports","Trading","1532.43","10.18","491.04","7.9","-6.19","367.5","121.85","5.67","87.5"
"Umang Dairies","Food - Processing - Indian","286.19","1.34","70.23","6.33","-31.48","123.14","44.35","2.9","117.35"
"Umiya Tubes","Steel - Medium / Small","0.53","-3.4","0.08","-1.59","-70.37","17.79","5.47","-27.38","6.5"
"Uni Abex Alloy","Castings & Forgings","179.99","35.46","33.61","3.44","-14.67","162.54","19.43","36.41","2600.0"
"Unichem Labs.","Pharmaceuticals - Indian - Bulk Drugs & Formln","1704.89","-70.47","431.7","-129.31","7.36","3169.34","247.51","-0.88","530.1"
"Unick Fix-A-Form","Printing & Stationery","55.81","1.96","14.72","1.15","-5.94","72.51","16.09","6.41","74.94"
"Unifinz Capital","Finance & Investments","29.8","-1.14","8.97","-0.24","233.46","39.27","26.37","-26.82","148.65"
"Unihealth Consul","Healthcare","48.75","10.31","26.65","6.05","0","110.21","15.16","37.46","119.0"
"Uniinfo Telecom","Telecommunications - Service Provider","49.9","0.54","8.19","-0.36","-32.92","37.64","1.44","1.64","42.01"
"Union Bank (I)","Banks - Public Sector","100375.56","13797.11","26509.87","3328.27","19.61","1288357.11","1163058.51","17.51","135.2"
"Union Qual. Pla.","Plastics Products","0.0","-0.19","0.0","-0.08","0","5.03","5.45","0","12.46"
"Uniparts India","Engineering","1139.54","124.69","289.88","28.63","-11.69","1128.75","102.57","14.68","527.8"
"Uniphos Enter.","Trading","50.65","38.61","50.65","-0.63","0","2077.5","0.51","1.52","170.85"
"Unique Organics","Trading","201.95","6.34","35.41","0.04","-16.05","26.86","1.46","32.73","92.12"
"Uniroyal Ind","Textiles - Products","98.3","0.86","24.28","0.56","-14.96","51.1","22.02","4.54","26.55"
"Uniroyal Marine","Aquaculture","19.29","-2.6","5.78","-1.48","-34.32","18.45","14.86","-149.0","15.26"
"Unishire Urban","Finance & Investments","4.25","0.48","1.84","0.44","0","28.43","0.0","2.32","2.41"
"Unison Metals","Steel - Medium / Small","275.76","3.56","107.2","9.84","47.52","186.85","59.66","11.41","31.9"
"Unistar Multim.","Entertainment / Electronic Media Software","39.91","2.96","4.44","0.51","0.91","103.15","1.18","0","6.03"
"Unitech","Construction","477.27","-3807.29","255.69","-1572.35","162.38","26520.15","7230.12","0","11.58"
"Unitech Internat","Trading","5.03","-27.11","-0.31","-24.71","-105.89","13.64","27.83","0","5.25"
"United Breweries","Breweries & Distilleries","8122.68","410.86","2133.38","81.55","20.81","7053.37","102.03","10.07","2014.05"
"United Cotfab","Textiles - Cotton/Blended","115.29","8.67","0","0","0","81.69","47.51","0","74.5"
"United Credit","Finance & Investments","3.4","1.64","0.96","0.42","28.0","29.87","0.08","5.82","31.62"
"United Drilling","Engineering","136.65","9.17","42.82","3.08","95.26","354.85","32.54","3.68","232.65"
"United Interacti","Computers - Software - Medium / Small","3.83","0.74","2.79","0.34","138.46","76.76","0.0","0.91","93.1"
"United Leasing","Textiles - Products","7.2","0.08","1.94","-0.14","74.77","12.65","5.53","1.19","22.65"
"United Nilgiri","Tea","84.02","16.05","21.89","3.05","29.22","216.93","0.0","8.2","397.55"
"United Polyfab","Textiles - Products","908.48","6.61","216.1","-0.13","20.31","242.8","125.49","9.43","86.22"
"United Spirits","Breweries & Distilleries","11321.0","1408.0","2783.0","241.0","11.2","11249.0","265.0","21.66","1269.5"
"United Textiles","Textiles - Cotton/Blended","13.33","0.01","2.84","-0.02","-19.09","24.17","10.96","0.1","17.6"
"United Van Der","Miscellaneous","22.88","1.84","5.22","0.09","3.78","88.07","30.75","4.68","110.75"
"Univa Foods","Hotels","0.03","-0.71","0.0","-0.01","-100.0","0.03","0.51","0","7.61"
"Univastu India","Construction","120.49","9.97","39.25","4.58","40.13","138.58","33.58","14.59","192.5"
"Universal Arts","Entertainment / Electronic Media Software","1.07","-0.36","1.0","-0.04","0","6.63","0.0","-2.95","2.97"
"Universal Auto.","Castings & Forgings","202.51","4.89","48.2","1.76","-20.33","129.95","36.96","7.47","170.1"
"Universal Cables","Cables - Power","2020.67","108.22","580.33","48.57","-0.44","3319.63","771.02","6.62","713.5"
"Universal Office","Trading","0.0","-0.25","0.0","-0.22","0","1.91","0.0","-12.44","7.61"
"Universal Starch","Miscellaneous","527.13","6.99","145.05","4.48","4.39","223.97","61.62","11.2","189.75"
"Universus Photo","Photographic And Allied Products","32.45","-196.35","9.59","-43.48","17.38","879.67","0.0","-20.54","397.15"
"Uniworth","Textiles - Products","0.0","-1.97","0.0","-0.54","0","745.77","611.3","0","1.02"
"Unjha Formul.","Pharmaceuticals - Indian - Formulations","18.5","0.28","4.43","-0.18","55.99","4.93","0.0","10.81","25.37"
"Uno Minda","Auto Ancillaries","14030.89","924.71","3794.02","301.72","31.33","9902.99","1706.33","18.93","1149.7"
"Updater Services","Miscellaneous","2444.36","66.27","631.77","24.16","10.41","1523.1","104.69","22.62","299.4"
"UPL","Pesticides / Agrochemicals - Indian","43098.0","-1878.0","14078.0","-80.0","-15.03","87546.0","29754.0","-3.82","571.45"
"Upsurge Invest.","Finance & Investments","58.06","11.27","20.54","2.74","363.66","52.44","3.2","26.55","62.99"
"Upsurge Seeds","Miscellaneous","132.95","7.25","60.05","4.94","0","105.77","47.92","18.7","272.65"
"UR Sugar","Trading","0.0","0.56","0.0","-0.17","0","18.82","0.0","3.13","14.85"
"Uravi T & Wedge","Auto Ancillaries","41.99","2.13","11.08","0.55","50.54","55.52","24.57","8.7","568.0"
"Urban Enviro","Miscellaneous","102.47","7.05","56.01","3.05","0","62.6","21.68","126.12","312.05"
"Urja Global","Automobiles - Motorcycles / Mopeds","44.47","2.04","13.02","0.46","22.37","282.6","5.02","1.18","21.24"
"USG Tech","Computers - Software - Medium / Small","0.0","-0.38","0.0","-0.07","0","41.09","2.97","-1.01","8.24"
"Usha Mart. Edu.","Computers - Education","0.73","0.15","0.22","-0.05","120.0","17.81","1.7","1.06","5.4"
"Usha Martin","Steel - Medium / Small","3225.2","424.12","829.03","106.33","-3.06","3330.13","363.83","19.23","386.55"
"Ushakiran Fin.","Finance & Investments","0.46","0.08","0.06","-0.01","20.0","19.44","0.0","0.53","40.0"
"Ushanti Colour","Dyes And Pigments","50.71","-4.77","29.98","-3.22","0","109.29","51.56","-5.58","57.5"
"Ushdev Intl.","Power Generation And Supply","15.03","-9.74","1.48","-4.81","12.98","108.91","2502.95","0","1.03"
"UTI AMC","Finance & Investments","1736.96","802.03","416.08","181.44","38.38","5341.02","0.0","18.55","1033.1"
"Utique Enterp.","Finance & Investments","67.96","0.29","0.03","0.0","-99.86","72.02","1.17","0.42","8.42"
"Utkarsh Small F.","Banks - Private Sector","3178.41","497.63","895.62","159.66","29.59","19117.55","16059.62","24.88","51.53"
"UTL Industries","Computers - Software - Medium / Small","0.07","-0.23","0.04","-0.01","300.0","4.49","0.02","-2.32","4.07"
"Uttam Sug.Mills","Sugar","2046.97","132.21","465.15","42.14","-11.81","1784.89","761.48","20.78","349.2"
"V B Desai Fin.","Finance & Investments","3.12","0.47","1.04","0.19","85.71","12.19","0.0","4.18","19.28"
"V B Industries","Finance & Investments","1.72","0.08","1.72","-0.75","319.51","101.94","0.0","0.08","7.89"
"V I P Inds.","Moulded Luggage","2244.96","54.3","516.32","-23.88","14.59","2066.54","871.15","8.23","483.8"
"V R Films & Stud","Entertainment / Electronic Media Software","12.4","-0.61","7.5","0.26","0","28.04","9.99","-5.15","25.75"
"V R Infraspace","Construction","19.0","2.64","11.74","1.61","0","89.83","5.49","18.75","155.0"
"V R Woodart","Miscellaneous","0.0","-0.09","0.0","-0.02","0","0.0","1.99","0","6.42"
"V-Guard Industri","Electric Equipment","4559.43","230.91","1261.63","79.17","16.76","2885.89","355.7","13.76","432.65"
"V-Marc India","Cables - Power","564.73","26.85","389.7","21.36","0","454.17","140.5","33.69","159.2"
"V-Mart Retail","Trading","2785.6","-96.76","668.6","-38.92","12.58","2845.33","1391.25","-12.13","2971.85"
"V2 Retail","Textiles - Products","1164.73","27.29","296.04","3.87","53.05","966.1","502.22","10.46","758.95"
"Va Tech Wabag","Engineering","2856.4","250.4","934.2","78.1","0.79","4574.5","288.9","14.47","1329.35"
"Vaarad Ventures","Finance & Investments","0.0","-0.27","0.0","-0.08","0","28.47","3.53","-1.19","13.69"
"Vadilal Enterp.","Trading","999.14","7.51","188.42","-8.71","-0.7","230.79","28.35","51.58","3605.05"
"Vadilal Inds.","Food - Processing - Indian","1125.33","145.95","251.45","27.64","-1.87","916.88","223.27","31.07","4423.95"
"Vadivarhe Speci.","Chemicals","40.08","0.06","25.98","3.81","30.66","41.61","26.18","0.93","56.9"
"Vaghani Techno","Construction","0.0","-0.1","0.0","0.02","0","7.18","0.0","-1.39","18.96"
"Vaibhav Global","Diamond Cutting / Jewellery","3040.96","126.73","789.37","21.06","13.95","1889.0","218.17","10.76","332.25"
"Vaidya Sane","Trading","99.33","1.98","48.23","0.8","0","70.89","1.68","4.89","170.0"
"Vaishali Pharma","Trading","86.28","0.72","32.4","-4.68","23.48","79.96","13.49","1.73","158.26"
"Vakrangee","Computers - Software - Converts","212.58","4.35","53.89","2.19","5.79","300.0","12.05","2.76","22.84"
"Valencia Nutrit.","Food - Processing - Indian","1.34","-1.38","0.69","-0.84","0","6.0","5.34","0","37.0"
"Valiant Commun.","Telecommunications - Equipment","46.33","6.21","13.31","2.49","42.2","58.4","1.85","14.65","640.55"
"Valiant Laborato","Pharmaceuticals - Indian - Bulk Drugs & Formln","182.05","0.34","30.58","-1.22","-65.99","324.73","60.06","0.2","139.7"
"Valiant Organics","Chemicals","723.06","-8.4","176.76","-20.19","-34.87","1247.96","257.02","-0.88","406.9"
"Vallabh Steels","Steel - Medium / Small","0.0","-1.79","0.0","-0.39","0","25.84","46.33","0","12.64"
"Valor Estate","Construction","357.47","1317.14","144.22","-13.33","147.16","9163.04","2024.99","35.96","186.1"
"Valson Industrie","Textiles - Processing","124.58","0.98","27.92","0.37","-14.46","55.12","17.02","3.71","29.5"
"Vama Industries","Trading","5.68","-3.78","1.16","-2.51","-75.32","25.23","0.67","-28.37","8.42"
"Vamshi Rubber","Miscellaneous","77.42","0.61","21.63","0.22","12.83","45.08","18.49","4.59","44.06"
"Vandana Knitwear","Trading","3.71","0.09","1.75","0.02","28.68","12.41","0.78","0.79","5.15"
"Vani Commercials","Finance & Investments","3.14","0.25","-0.39","-0.01","0","55.25","40.22","1.89","11.0"
"Vanta Bioscience","Miscellaneous","5.83","-10.44","6.18","-0.54","-19.95","84.6","57.11","-31.21","52.0"
"Vantage Knowledg","Miscellaneous","4.32","1.39","2.01","0.19","41.55","15.44","0.0","14.85","412.45"
"Vapi Enterprise","Paper","2.09","0.83","0.53","0.21","-41.76","35.42","0.47","2.8","145.0"
"Varanium Cloud","Computers - Software - Medium / Small","383.36","82.45","395.15","87.68","260.9","0","0","0","31.1"
"Vardhman Acrylic","Textiles - Manmade","297.48","17.54","68.38","5.29","-15.16","327.8","1.14","7.18","55.74"
"Vardhman Concr.","Cement Products","0.0","-1.29","0.0","-1.1","0","6.52","15.31","0","8.96"
"Vardhman Hold.","Finance & Investments","14.9","184.87","0.07","25.58","101.29","3297.77","0.0","5.78","4016.0"
"Vardhman Polytex","Textiles - Cotton/Blended","370.64","-26.76","73.69","0.95","-54.83","275.6","76.19","0","10.03"
"Vardhman Special","Steel - Medium / Small","1661.36","91.63","439.41","32.79","4.12","1039.67","83.7","13.46","311.85"
"Vardhman Textile","Textiles - Cotton/Blended","9504.68","636.7","2459.41","202.13","-1.05","11980.79","1791.93","7.15","488.35"
"Variman Global","Trading","113.33","1.37","27.33","-0.13","-0.76","77.56","27.19","3.58","18.25"
"Varroc Engineer","Auto Ancillaries","7551.94","532.07","1974.86","58.37","16.23","4560.47","1389.72","44.21","669.3"
"Varun Beverages","Food - Processing - Indian","16466.92","2211.22","4317.31","547.98","10.9","15187.18","5431.31","35.2","1619.15"
"Varyaa Creations","Trading","21.4","3.02","0","0","0","20.0","0.0","511.86","83.3"
"Vas Infra.","Construction","-0.42","-62.26","0.0","-16.82","-100.0","138.19","119.84","0","3.2"
"Vasa Denticity","Trading","171.88","15.08","95.06","8.8","0","85.74","0.08","95.26","608.95"
"Vasa Retail","Trading","0.0","-0.25","0.0","-0.25","0","5.83","22.45","0","4.5"
"Vascon Engineers","Construction","1037.23","67.94","335.42","16.82","2.47","1861.71","193.62","7.18","73.61"
"Vasu Bhagnani","Entertainment / Electronic Media Software","58.07","8.09","7.52","5.57","-54.2","170.37","24.22","13.39","298.85"
"Vasudhagama Ent.","Trading","21.13","1.61","8.28","0.6","0","47.22","1.22","0","31.3"
"Vasundhara Rasy.","Pharmaceuticals - Indian - Bulk Drugs & Formln","37.02","5.86","11.14","2.13","12.41","37.3","1.95","19.95","247.2"
"Vaswani Industri","Steel - Sponge Iron","389.34","9.03","90.36","3.1","-18.92","188.82","32.87","7.71","35.0"
"Vax Housing Fin.","Finance & Investments","0.0","0.0","0.0","0.0","0","43.53","0.0","0.0","2.9"
"Vaxfab Enterp.","Trading","9.14","-3.57","1.19","0.62","-91.7","18.26","0.09","4.96","10.17"
"Vaxtex Cotfab","Textiles - Products","33.59","-7.98","2.08","-8.63","-81.74","65.15","7.05","-0.95","1.14"
"VCU Data Managem","Trading","0.0","0.01","0.0","-0.16","0","30.15","0.0","0.23","6.74"
"Vedant Asset","Finance & Investments","2.54","0.24","1.43","0.12","0","5.37","0.0","4.62","39.49"
"Vedant Fashions","Trading","1367.53","414.17","363.16","115.79","6.3","2508.76","444.42","27.6","1081.25"
"Vedanta","Mining / Minerals / Metals","143727.0","7539.0","35509.0","2275.0","-6.38","188118.0","87706.0","10.49","461.35"
"Vedavaag Systems","Computers - Software - Medium / Small","86.7","7.89","22.97","2.19","15.25","136.5","2.68","6.25","51.85"
"Veefin Solutions","Computers - Software - Medium / Small","24.97","7.39","15.92","6.41","0","145.01","5.12","16.78","342.0"
"Veejay Lak. Eng.","Textiles - Cotton/Blended","87.09","-4.58","22.11","0.6","99.37","62.15","28.59","-20.79","60.0"
"Veekayem Fash.","Textiles - Products","243.82","4.03","149.35","2.48","0","155.44","95.64","10.82","222.3"
"Veer Energy","Construction","8.62","0.33","3.27","0.2","52.09","69.73","0.0","0.77","20.85"
"Veer Global Inf.","Construction","15.41","1.46","5.93","1.05","-37.02","73.67","9.59","4.69","160.0"
"Veeram Securit.","Trading","19.33","2.46","5.75","0.98","86.69","23.0","0.0","11.81","8.99"
"Veerhealth Care","Pharmaceuticals - Indian - Formulations","13.22","0.41","3.37","-0.55","-9.65","28.12","0.0","1.9","21.8"
"Veerkrupa Jewel","Trading","13.85","0.24","4.39","0.23","0","15.55","1.92","1.84","1.7"
"Velan Hotels","Hotels","0.0","-1.09","0.0","-0.37","0","61.71","49.93","-18.18","6.91"
"Veljan Denison","Engineering","124.25","20.37","33.43","5.55","24.97","231.14","6.94","10.62","1877.8"
"Vels Film","Entertainment / Electronic Media Software","39.54","-42.96","5.35","-19.68","0","228.68","151.42","-48.85","50.55"
"Venky's (India)","Miscellaneous","3738.15","79.07","895.94","33.51","-14.06","2093.75","171.99","5.93","1942.4"
"Venlon Enterpris","Packaging","8.03","-1.28","2.4","-0.35","182.35","60.07","119.42","0","5.75"
"Ventura Textiles","Textiles - Processing","0.43","9.43","0.06","-3.8","-33.33","1.46","7.23","0","15.04"
"Venus Pipes","Steel - Medium / Small","802.2","85.98","224.1","25.04","27.13","757.59","149.33","23.61","2017.5"
"Venus Remedies","Pharmaceuticals - Indian - Formulations","601.45","28.49","195.16","10.51","25.39","626.83","41.33","6.01","363.0"
"Vera Synthetic","Textiles - Manmade","39.38","1.8","21.55","-0.25","0","26.53","2.27","9.4","51.7"
"Veranda Learning","Miscellaneous","361.73","-76.11","102.61","-38.54","111.96","1633.36","583.35","-22.8","209.1"
"Veritaas","Miscellaneous","10.35","1.7","5.73","0.92","0","9.82","2.17","188.89","140.55"
"Veritas (India)","Trading","3854.53","186.85","1094.54","24.3","66.09","4183.1","128.5","7.76","1273.9"
"Vertex Secur.","Finance & Investments","8.4","0.47","2.87","0.69","111.03","39.82","4.88","5.05","6.74"
"Vertexplus Tech.","Computers - Software - Medium / Small","19.24","0.61","8.14","0.22","0","28.66","2.85","2.73","162.25"
"Vertoz Advertis.","Computers - Software - Medium / Small","155.37","16.12","45.66","4.69","33.04","197.92","17.01","13.12","740.0"
"Vesuvius India","Refractories / Intermediates","1688.57","238.37","453.35","68.78","23.22","1588.7","13.03","19.43","5180.1"
"Veto Switchgears","Electric Equipment","300.09","18.06","79.44","2.23","-5.59","306.19","22.56","7.49","128.1"
"Viaz Tyres","Tyres","50.37","2.37","28.26","1.24","0","50.88","13.53","7.62","59.4"
"Vibhor Steel","Steel - Medium / Small","1072.71","17.72","291.2","4.89","-4.68","383.19","143.57","13.08","260.0"
"Vibrant Glo. Cap","Finance & Investments","241.58","47.67","72.01","0.75","20.8","200.92","30.51","36.52","94.0"
"Viceroy Hotels","Hotels","138.18","2.39","41.19","2.42","28.04","327.02","168.4","0","115.65"
"Victoria Mills","Construction","17.0","0.73","0.0","-1.36","-100.0","80.03","0.0","1.31","5925.0"
"Vidhi Specialty","Dyes And Pigments","303.42","36.62","80.63","10.62","-9.88","325.28","20.36","13.76","435.4"
"Vidli Restaurant","Hotels","29.31","1.72","8.55","0.07","26.29","59.96","31.78","9.06","65.0"
"Vijay Solvex","Solvent Extraction","1829.23","2.35","404.97","6.69","-34.76","336.45","9.22","0.83","1130.1"
"Vijay Textiles","Textiles - Processing","14.33","-3.55","3.09","0.04","-68.69","358.03","214.55","-9.54","12.45"
"Vijaya Diagnost.","Healthcare","547.81","119.64","155.21","33.68","28.28","982.75","259.18","20.03","763.05"
"Viji Finance","Finance & Investments","1.93","0.12","0.55","0.0","19.57","26.52","13.36","0.99","3.32"
"Vikalp Securitie","Finance & Investments","0.0","0.02","0.0","0.04","0","4.38","0.0","0.46","42.52"
"Vikas Ecotech","Diversified - Medium / Small","246.6","6.61","59.7","2.06","-12.63","429.74","18.97","2.15","3.91"
"Vikas Lifecare","Trading","445.75","13.46","131.54","-2.03","11.38","576.19","34.49","4.46","5.52"
"Vikas Proppant","Miscellaneous","1.55","-14.56","0.0","-0.06","0","388.98","48.59","0.12","0.52"
"Vikas Wsp","Chemicals","0.0","-32.31","0.0","-8.71","0","1480.98","306.67","-3.82","1.63"
"Vikram Thermo","Pharmaceuticals - Indian - Bulk Drugs & Formln","126.4","25.38","31.47","4.93","3.9","142.68","7.04","24.98","173.1"
"Vilas Transcore","Steel - Medium / Small","309.74","23.08","150.5","11.85","0","201.18","0.05","16.81","517.85"
"Vilin Bio Med","Pharmaceuticals - Indian - Bulk Drugs","15.8","0.16","8.16","-0.61","0","32.4","6.83","1.5","19.8"
"Vimta Labs","Miscellaneous","312.89","38.81","78.34","11.8","-3.04","396.01","19.19","12.87","478.45"
"Vinati Organics","Chemicals","1899.96","323.39","550.31","104.49","5.98","2826.75","4.65","13.81","1888.1"
"Vinayak Polycon","Packaging","21.51","0.29","5.54","0.14","-11.22","10.43","4.4","6.26","24.79"
"Vindhya Telelink","Construction","4086.53","282.69","1289.98","108.35","-6.18","6786.92","493.23","7.66","2510.0"
"Vineet Laborator","Pharmaceuticals - Indian - Bulk Drugs & Formln","150.59","1.03","37.05","1.92","-35.23","116.87","44.3","3.01","57.9"
"Vinny Overseas","Textiles - Processing","112.71","3.54","25.54","0.36","-25.78","66.06","15.7","11.97","4.39"
"Vinsys IT Serv.","Computers - Education","170.49","22.92","91.26","14.89","0","137.96","18.02","92.64","357.0"
"Vintage Coffee","Tea","131.04","11.98","42.39","4.3","127.78","287.63","96.68","8.72","67.88"
"Vintage Secur.","Finance & Investments","0.0","0.0","0.0","0.08","0","17.72","0.0","0.0","14.61"
"Vintron Info.","Trading","10.7","-1.58","5.57","0.36","295.04","3.46","10.76","0","35.34"
"Vinyas Innovativ","Electronics - Components","317.2","15.35","179.95","9.7","0","308.72","96.69","33.71","1033.0"
"Vinyl Chemicals","Trading","597.01","21.84","168.27","7.53","57.36","305.25","0.49","18.98","416.25"
"Vinyoflex","Plastics Products","45.65","3.68","11.72","0.99","-17.17","33.21","0.9","12.97","93.26"
"VIP Clothing","Textiles - Products","183.28","-12.65","32.38","-7.4","-37.28","270.55","80.52","-9.09","40.35"
"Vippy Spinpro","Textiles - Cotton/Blended","249.63","4.35","63.3","2.78","34.05","147.77","62.07","5.9","167.5"
"Vipul Ltd","Construction","206.49","233.5","35.77","202.72","341.06","1255.31","187.81","101.08","47.17"
"Vipul Organics","Dyes And Pigments","150.08","3.34","39.99","1.07","27.4","136.06","30.23","6.0","178.95"
"Virat Crane Inds","Food - Processing - Indian","134.48","10.12","36.05","4.0","12.94","83.65","5.59","17.15","69.5"
"Virat Industries","Textiles - Products","32.42","0.76","5.73","0.1","-42.35","31.36","0.63","3.0","168.0"
"VIRAT LEASING","Finance & Investments","0.87","-0.13","0.22","0.04","-8.33","16.49","0.0","-0.83","93.18"
"Virgo Global","Computers - Software - Medium / Small","84.95","0.24","13.68","0.31","-24.04","8.53","2.49","34.78","9.44"
"Virinchi","Computers - Software - Medium / Small","300.03","13.47","74.66","2.04","-4.21","850.91","329.86","3.16","34.7"
"Virtual Global","Miscellaneous","0.67","-1.82","0.04","-1.84","-75.0","78.08","0.0","-3.0","0.86"
"Virtualsoft Sys.","Computers - Software - Medium / Small","5.12","-2.4","2.02","-0.51","78.76","22.93","47.51","0","5.82"
"Virtuoso Optoel.","Domestic Appliances","531.08","10.13","292.65","6.62","0","455.22","134.97","10.82","299.5"
"Virya Resources","Construction","0.0","-0.29","0.0","-0.01","0","6.2","0.0","-5.11","667.0"
"Visa Steel","Mining / Minerals / Metals","669.9","-71.89","156.08","-8.88","45.49","1032.35","1409.38","0","26.78"
"Visagar Finan.","Finance & Investments","334.18","-1.21","140.36","-3.82","744.52","104.21","42.29","-1.98","0.87"
"Visagar Polytex","Trading","8.21","-15.53","0.0","-14.58","0","9.37","6.5","-156.08","1.18"
"Visaka Industrie","Cement Products","1526.59","0.86","396.03","1.15","-12.48","1494.42","537.58","0.11","116.35"
"Visaman Global","Trading","376.04","1.13","0","0","0","58.64","43.45","13.66","47.35"
"Visco Trade","Finance & Investments","211.21","33.13","37.31","5.27","32.4","114.51","61.16","137.47","66.5"
"Visesh Infotec.","Computers - Software - Medium / Small","0.54","-3.56","0.11","-1.1","-47.62","484.51","30.94","-0.82","0.4"
"Vishal Bearings","Bearings","98.7","1.11","18.59","-0.41","-27.07","104.72","49.32","3.23","134.05"
"Vishal Fabrics","Textiles - Processing","1450.13","21.13","411.51","6.52","9.2","921.63","380.79","5.27","22.6"
"Vishnu Chemicals","Chemicals","1212.6","101.1","300.35","27.73","-10.59","1325.43","315.48","18.13","476.8"
"Vishnu Prakash R","Construction","1473.87","122.19","657.21","67.13","44.22","1541.83","395.52","23.6","200.1"
"Vishnusurya","Mining / Minerals / Metals","230.54","27.58","129.58","4.85","0","172.57","19.82","49.01","202.0"
"Vishvprabha Ven.","Construction","5.95","-0.27","0.73","-0.2","247.62","25.25","17.1","-6.76","94.9"
"Vishwaraj Sugar","Sugar","549.7","14.5","163.71","2.3","-17.76","799.17","365.52","5.54","16.9"
"Vishwas Agri","Miscellaneous","74.77","6.01","42.46","4.51","0","80.72","28.63","41.94","72.9"
"Vision Cinemas","Entertainment / Electronic Media Software","1.58","-0.11","0.0","-0.41","0","10.55","0.0","-1.28","1.39"
"Vision Corpn.","Entertainment / Electronic Media Software","23.01","-1.03","4.7","0.0","670.49","32.15","0.6","0.04","4.1"
"Vista Pharma.","Pharmaceuticals - Indian - Formulations","10.29","-4.51","3.13","0.09","0","57.98","7.96","-12.7","12.4"
"Vistar Amar","Food - Processing - Indian","74.09","3.71","23.04","0.45","29.8","21.22","0.0","24.87","192.0"
"Vital Chemtech","Chemicals","98.27","-1.3","48.51","-3.16","0","137.45","25.78","-1.45","76.9"
"Vitesse Agro","Trading","17.61","0.01","4.34","-0.02","-11.97","20.83","7.41","0.13","8.37"
"Vivaa Tradecom","Trading","198.41","0.7","93.18","0.33","0","62.79","4.13","5.78","42.0"
"Vivanta Indust.","Miscellaneous","37.24","1.04","4.13","-0.37","-76.65","48.25","15.72","6.45","4.02"
"Vivanza Biosci.","Trading","27.84","0.55","4.42","-0.41","-46.36","19.5","5.17","12.6","5.24"
"Viviana Power","Transmisson Line Towers / Equipment","65.53","6.49","42.31","3.98","0","52.32","16.69","36.18","902.2"
"Vivid Global","Dyes And Pigments","34.41","0.18","9.95","0.1","8.51","30.38","3.94","1.22","20.25"
"Vivid Mercantile","Trading","9.73","12.98","2.55","9.66","112.5","59.96","4.51","31.7","61.33"
"Vivo Bio Tech","Pharmaceuticals - Indian - Bulk Drugs & Formln","45.45","2.53","11.76","0.74","-20.33","137.13","73.07","4.76","40.0"
"Vivo Collaborat.","Computers - Software - Medium / Small","5.18","-0.67","2.24","-1.02","0","14.48","0.0","-4.7","75.0"
"VJTF Eduservices","Miscellaneous","12.26","-0.29","0.22","0.54","0","147.1","32.23","1.05","94.99"
"VKJ Infradevelop","Construction","0.0","0.02","0.0","0.0","0","34.0","1.01","0.08","0.46"
"VL E-Governance","Computers - Software - Medium / Small","22.01","-169.93","0.0","-163.47","-100.0","2517.14","51.09","-0.3","66.21"
"VLS Finance","Finance & Investments","407.02","324.33","98.08","74.06","755.61","3552.43","0.18","11.83","303.35"
"VMS Industries","Miscellaneous","266.37","6.32","91.64","1.38","237.78","171.79","22.43","10.39","42.84"
"Vodafone Idea","Telecommunications - Service Provider","42651.7","-31238.4","10606.8","-7674.6","0.71","184997.7","243809.0","0","17.81"
"Voith Paper","Textiles - Products","179.62","36.29","44.99","7.41","5.64","389.54","0.17","10.94","1978.0"
"Volt.Transform.","Electric Equipment","1616.22","307.36","504.16","93.53","14.62","1521.08","3.21","24.98","11564.45"
"Voltaire Leasing","Finance & Investments","0.88","-0.2","0.29","-0.04","123.08","20.74","0.0","-1.02","14.28"
"Voltas","Air-conditioners","12481.21","248.11","4202.88","110.64","42.14","11994.43","743.63","4.4","1481.7"
"VRL Logistics","Miscellaneous","2888.62","88.85","768.4","21.54","10.06","2213.96","1036.33","9.23","568.9"
"Vruddhi Engineer","Trading","21.82","0.57","12.47","0.16","0","11.48","2.89","26.89","310.9"
"Vrundavan Planta","Miscellaneous","18.83","1.69","7.26","0.98","0","18.85","2.04","0","42.1"
"VSF Projects","Construction","0.22","35.35","0.22","35.84","4.76","91.24","31.54","-0.56","54.1"
"VST Industries","Cigarettes","1420.47","301.57","375.06","88.2","24.3","1720.09","0.0","24.8","3991.4"
"VST Till. Tract.","Automobiles - Tractors","968.05","121.51","273.44","35.12","-15.24","1167.29","1.35","13.9","4187.6"
"VTM","Textiles - Processing","207.97","18.29","63.77","3.52","19.85","298.38","3.86","7.2","69.0"
"Vuenow Infratech","Computers - Software - Medium / Small","37.73","5.12","28.51","4.04","0","55.29","5.1","123.67","38.64"
"VXL Instruments","Computers - Hardware","7.71","-2.57","0.98","-0.5","-42.01","12.7","2.86","-86.1","4.61"
"W H Brady","Trading","89.48","11.25","30.21","3.13","59.76","100.21","5.29","16.13","636.0"
"W I Plywoods","Miscellaneous","109.04","3.38","25.3","-0.09","0.12","75.62","18.88","8.0","164.01"
"W S Inds.","Construction","326.38","46.95","89.12","16.64","75.78","349.25","73.66","46.94","158.3"
"Waa Solar","Power Generation And Supply","26.69","6.63","3.04","1.59","0","234.58","50.81","3.68","188.0"
"Waaree Renewab.","Engineering - Turnkey Services","876.44","148.04","273.25","54.19","344.38","714.02","41.19","93.28","2068.0"
"Waaree Tech.","Auto Ancillaries","28.55","-7.5","15.05","-5.51","97.44","24.8","17.85","-66.73","1422.1"
"Wagend Infra","Finance & Investments","1.16","-0.01","1.01","-0.21","10000.0","9.18","0.0","-0.11","1.88"
"Walchan. Inds.","Engineering","302.35","-41.83","91.38","-3.6","-18.48","875.54","240.53","-13.45","244.5"
"Walchand People","Miscellaneous","26.16","3.42","6.7","0.99","31.12","31.26","0.37","14.11","224.25"
"Wallfort Fin.","Finance & Investments","50.81","29.61","3.55","-3.76","305.2","158.91","0.0","22.04","116.55"
"Walpar Nutrition","Pharmaceuticals - Indian - Bulk Drugs & Formln","62.52","1.94","31.38","1.29","0","37.17","8.3","13.49","104.5"
"Wanbury","Pharmaceuticals - Indian - Bulk Drugs & Formln","575.65","55.96","139.41","33.63","4.84","343.49","116.48","0","158.95"
"Wardwizard Foods","Food - Processing - Indian","16.71","-33.05","2.72","-11.18","0.0","136.38","27.96","-30.98","10.27"
"Wardwizard Inno.","Automobiles - Motorcycles / Mopeds","317.31","14.15","128.05","4.28","153.31","285.73","84.57","14.79","57.73"
"Warren Tea","Tea","0.0","0.29","0.0","-0.14","-100.0","107.82","1.64","-0.34","49.47"
"Waterbase","Aquaculture","339.25","-10.44","67.31","-4.77","2.58","242.57","26.41","-5.87","84.11"
"We Win Ltd","Computers - Software - Medium / Small","65.04","2.47","19.38","0.95","42.5","51.34","12.39","9.88","77.52"
"Wealth First Por","Finance & Investments","53.85","42.38","14.16","13.59","190.16","124.9","0.0","43.78","798.75"
"Websol Energy","Electric Equipment","25.86","-120.96","24.87","-58.57","22509.09","352.75","183.62","-10.45","587.5"
"Weizmann","Textiles - Processing","122.9","8.96","30.64","1.82","-18.68","97.2","7.73","13.03","134.8"
"Welcast Steels","Abrasives And Grinding Wheels","91.07","5.25","25.62","1.35","19.83","49.81","0.0","13.89","1450.0"
"Welcure Drugs","Pharmaceuticals - Indian - Bulk Drugs & Formln","0.0","-0.18","0.0","-0.02","0","1.37","0.0","-12.59","4.98"
"Welspun Corp","Steel - Large","17339.6","1136.0","4461.17","287.28","9.61","11850.23","1948.57","21.49","550.9"
"Welspun Enterp","Construction","2872.28","319.4","821.11","77.67","-2.84","4948.73","762.1","13.77","460.2"
"Welspun Investme","Finance & Investments","4.13","2.78","0.1","-0.06","-97.08","493.35","0.0","0.86","786.6"
"Welspun Living","Textiles - Products","9679.24","672.74","2575.24","130.55","19.56","9550.04","2632.24","15.64","155.6"
"Welspun Special.","Steel - Medium / Small","696.67","62.47","151.27","40.03","9.78","587.18","259.51","102.03","41.52"
"Welterman Intl.","Fertilizers","0.0","-0.13","0.0","-0.05","0","1.3","5.01","0","21.51"
"Wendt India","Abrasives And Grinding Wheels","226.83","40.95","70.07","13.38","18.9","255.75","0.0","20.43","15586.75"
"WEP Solutions","Computers - Hardware","68.84","3.87","18.05","1.09","-3.94","89.89","13.01","6.57","36.76"
"West Coast Paper","Paper","4447.68","786.08","1070.1","130.43","-21.17","5118.43","276.32","23.78","687.6"
"West Leisure","Finance & Investments","0.24","-0.25","0.06","-0.37","700.0","20.0","0.0","-1.27","234.55"
"Westlife Food","Hotels","2391.81","69.21","562.28","0.76","1.06","2285.79","1362.53","11.99","835.2"
"Wheels India","Auto Ancillaries","4607.11","67.87","1164.19","36.83","-0.35","2861.44","726.69","9.05","816.85"
"Wherrelz IT","Computers - Software - Medium / Small","8.63","0.1","8.38","0.23","84.62","39.97","38.48","7.58","191.05"
"Whirlpool India","Domestic Appliances","6829.79","224.3","1733.99","79.45","3.67","6139.86","52.69","6.37","1999.75"
"White Organic","Trading","33.45","1.17","8.07","-1.19","-40.66","59.27","0.0","2.12","7.28"
"White Organic Re","Trading","0.0","-27.25","0.0","1.87","100.0","73.89","0.0","-129.82","5.66"
"Williamson Fin.","Finance & Investments","2.12","-4.72","0.0","0.66","-100.0","184.86","464.64","0","7.4"
"Williamson Magor","Finance & Investments","2.89","-50.42","1.36","-32.23","104.09","598.33","595.07","0","37.53"
"Wim Plast","Plastics Products","342.84","55.73","98.09","16.28","8.36","529.77","0.0","11.95","605.0"
"Windlas Biotech","Pharmaceuticals - Indian - Formulations","630.96","58.19","171.29","16.99","21.73","626.21","3.64","13.66","737.15"
"Windsor Machines","Engineering","353.97","-7.72","109.38","-7.48","-13.47","593.13","35.83","-2.82","154.5"
"Winny Immigratio","Miscellaneous","10.81","0.39","0","0","0","5.43","2.07","18.48","227.6"
"Winpro Industrie","Entertainment / Electronic Media Software","0.0","-0.28","0.0","-0.18","0","68.64","0.34","-1.05","2.16"
"Winsol","Engineering - Turnkey Services","75.16","8.68","41.72","4.68","0","38.98","9.4","99.66","468.5"
"Winsome Brew.","Miscellaneous","1.38","0.57","0.44","0.62","-29.03","49.61","9.11","1.69","53.78"
"Winsome Textile","Textiles - Spinning - Synthetic / Blended","823.32","18.68","218.62","6.97","2.35","837.86","286.03","7.03","83.0"
"Winsome Yarns","Textiles - Cotton/Blended","27.44","-12.06","7.7","-3.17","-19.62","215.61","556.58","0","3.78"
"Wipro","Computers - Software - Large","89760.3","11112.1","22208.3","2858.2","-4.23","114608.9","16464.9","14.31","528.7"
"Wires & Fabriks","Textiles - Products","108.6","1.49","26.43","0.31","-8.89","154.26","82.38","3.1","155.1"
"Wise Travel","Travel Agencies","410.6","23.22","220.71","11.88","0","242.65","27.28","57.16","283.05"
"Wockhardt","Pharmaceuticals - Indian - Bulk Drugs & Formln","2798.0","-472.0","700.0","-177.0","3.24","7614.0","2356.0","-12.1","795.3"
"Womancart","Trading","29.3","2.84","18.71","1.61","0","26.38","6.6","90.16","190.0"
"Wonder Electric.","Electric Equipment","569.99","10.16","259.29","6.53","76.98","352.48","64.58","13.78","948.65"
"Wonderla Holiday","Recreation / Amusement Parks","483.04","157.96","99.69","22.61","1.11","1238.31","5.57","15.45","912.75"
"Worldwide Alumi.","Trading","7.02","0.0","7.02","0.38","5300.0","10.0","0.0","0.0","29.88"
"Worth Investment","Finance & Investments","4.4","1.85","1.42","-0.58","89.33","60.73","23.81","8.03","419.85"
"Worth Peripheral","Packaging","238.46","16.32","59.31","6.87","-12.17","206.56","9.4","10.5","124.5"
"WPIL","Engineering - Turnkey Services","1664.4","683.77","591.41","65.84","13.64","2627.96","220.37","13.05","4436.0"
"WSFX Global","Finance & Investments","70.04","4.12","18.13","1.0","42.76","74.43","4.64","13.73","102.0"
"Xchanging Sol.","Computers - Software - Medium / Small","174.42","13.7","44.46","12.38","-2.86","523.06","105.26","2.66","126.65"
"Xelpmoc Design","Computers - Software - Medium / Small","6.47","-13.88","0.91","-6.04","-72.59","74.94","2.21","-19.09","121.9"
"XPRO India","Plastics Products","465.41","43.88","128.41","12.43","3.33","677.42","39.0","11.89","997.85"
"XT Global Infot.","Computers - Software - Medium / Small","217.13","11.67","50.42","0.89","-13.2","236.63","39.7","7.19","41.48"
"Yaan Enterprises","Construction","4.98","0.49","1.91","0.25","66.09","5.3","0.79","12.68","91.45"
"Yaari Digital","Miscellaneous","0.02","-21.61","0.0","-6.7","0","45.56","243.57","0","10.22"
"Yamini Invest","Finance & Investments","7.74","0.25","4.31","0.17","101.4","69.66","0.0","0.37","1.04"
"Yamuna Syndicate","Trading","64.02","124.25","14.3","45.21","-4.98","1187.12","0.0","11.0","66999.0"
"Yarn Syndicate","Trading","3.9","1.4","2.47","1.28","0","144.85","19.34","5.42","45.7"
"Yash Chemex","Trading","94.91","0.33","24.97","-3.07","-35.91","77.26","9.92","1.02","54.08"
"Yash Innoventure","Construction","2.75","0.76","0.0","-0.05","0","27.14","4.62","5.58","24.5"
"Yash Mgmt & Sat.","Trading","41.22","-1.65","23.21","2.89","84.06","29.58","3.97","-2.74","14.31"
"Yash Optics","Personal Care - Indian","41.11","9.02","22.43","4.73","0","60.57","25.26","47.18","94.8"
"Yasho Industries","Chemicals","595.7","57.12","176.06","15.85","19.35","991.68","579.04","21.54","1975.0"
"Yashraj Contain.","Packaging","1.97","-5.85","0.54","-1.38","-1.82","6.59","77.33","0","8.7"
"Yasons Chemex","Dyes And Pigments","69.24","1.25","31.71","-1.57","0","54.59","8.51","0","25.0"
"Yatharth Hospit.","Healthcare","670.55","114.48","177.75","38.35","23.62","1019.33","84.65","21.66","415.6"
"Yatra Online","Travel Agencies","422.32","-4.51","107.67","5.58","-9.63","1217.37","85.39","-0.98","126.85"
"Yes Bank","Banks - Private Sector","27605.87","1285.2","7457.81","467.29","19.93","355204.13","295136.17","3.23","23.7"
"Yogi Infra Proj.","Construction","146.44","1.05","146.03","1.6","0","319.26","45.17","2.66","12.27"
"Yogi Ltd","Construction","0.0","-0.38","0.0","0.14","0","74.03","17.64","-1.18","46.0"
"York Exports","Textiles - Products","31.57","0.27","2.08","-0.69","121.28","39.4","18.48","1.74","41.37"
"Yudiz Solutions","Computers - Software - Medium / Small","26.16","-2.87","10.28","-4.21","0","54.04","1.68","-26.35","63.65"
"Yug Decor","Chemicals","28.06","1.3","14.09","0.5","0","14.82","2.1","17.47","41.38"
"Yuken India","Engineering","422.54","18.79","119.23","7.93","18.01","481.35","78.17","7.85","1244.95"
"Yunik Managing","Miscellaneous","0.05","-0.33","0.05","-0.06","25.0","0.66","0.0","-54.55","11.0"
"Yuranus Infrast.","Construction","73.4","1.45","26.53","0.29","0","4.96","0.0","49.66","127.0"
"Yuvraaj Hygiene","Plastics Products","18.97","-0.34","4.78","-0.39","8.39","7.78","7.63","0","1.78"
"Z F Steering","Auto Ancillaries","477.82","47.72","124.13","10.7","-0.8","545.11","33.33","10.81","1173.65"
"Z-Tech","Construction","67.32","7.8","29.35","4.06","0","41.92","1.31","48.9","235.25"
"Zaggle Prepaid","Computers - Software - Medium / Small","775.6","44.02","273.37","19.16","46.3","696.14","86.63","14.11","292.55"
"Zeal Aqua","Aquaculture","397.8","8.27","65.04","4.8","-0.46","295.39","150.49","11.04","11.32"
"Zeal Global Serv","Miscellaneous","195.4","12.02","100.6","7.45","0","115.1","9.82","53.52","197.0"
"Zee Entertainmen","Entertainment / Electronic Media Software","8637.18","141.43","2169.92","13.35","2.74","13449.68","230.32","3.01","152.05"
"Zee Learn","Computers - Education","356.27","155.69","116.47","169.38","4.9","1084.03","359.61","45.9","7.74"
"Zee Media","Entertainment / Electronic Media Software","638.29","-98.43","178.98","-6.51","21.19","967.94","245.91","-29.89","14.74"
"Zen Technologies","Miscellaneous","439.85","129.5","141.39","37.58","47.47","750.5","2.05","33.12","1262.2"
"Zenith","Pharmaceuticals - Indian - Formulations","131.62","9.54","62.21","3.84","0","134.17","23.93","0","63.2"
"Zenith Exports","Leather / Leather Products","81.7","0.3","19.87","-0.42","35.91","95.9","5.54","0.38","406.2"
"Zenith Fibres","Textiles - Manmade","34.28","1.32","8.81","0.17","5.38","59.54","0.16","2.42","85.0"
"Zenith Health","Pharmaceuticals - Indian - Formulations","14.47","0.2","3.07","-0.29","86.06","9.74","0.0","2.75","4.26"
"Zenith Steel","Steel - Medium / Small","143.22","-0.7","43.06","9.89","40.95","181.96","215.15","0","12.73"
"Zenlabs Ethica","Trading","58.56","0.42","15.33","0.15","5.0","40.26","14.86","4.24","42.83"
"Zenotech Lab.","Pharmaceuticals - Indian - Formulations","40.83","8.3","9.11","0.66","-17.03","106.21","0.0","9.61","60.0"
"Zensar Tech.","Computers - Software - Medium / Small","4901.9","665.0","1229.7","173.3","1.41","4647.8","186.5","20.34","757.3"
"ZF Commercial","Auto Ancillaries","3783.71","404.78","955.52","101.07","-2.23","3369.35","68.44","15.58","15680.75"
"Zim Laboratories","Pharmaceuticals - Indian - Bulk Drugs & Formln","367.42","17.25","117.86","8.09","11.81","446.83","111.77","7.86","109.25"
"Zinema Media","Entertainment / Electronic Media Software","0.24","0.28","0.24","0.13","0","9.83","0.0","3.31","14.0"
"Zodiac Cloth. Co","Textiles - Products","145.8","-36.37","44.06","-13.57","4.68","382.47","86.03","-13.85","142.45"
"Zodiac Energy","Engineering - Turnkey Services","220.06","10.97","106.63","5.69","71.71","115.6","40.5","26.24","773.2"
"Zodiac Vent.","Construction","0.69","0.51","0.08","-0.16","-99.92","160.82","51.72","3.86","16.2"
"Zodiac-JRD MKJ","Diamond Cutting / Jewellery","10.89","-1.37","0.0","-1.79","-100.0","67.92","0.3","-2.01","64.91"
"Zomato Ltd","Miscellaneous","12114.0","351.0","3562.0","175.0","73.25","23356.0","749.0","1.76","199.25"
"Zota Health Care","Trading","180.49","-14.35","49.64","-6.92","34.71","228.33","95.28","-16.85","571.0"
"Zuari Agro Chem.","Fertilizers","4595.46","170.93","897.67","77.36","-32.96","4819.91","1783.04","6.1","227.55"
"Zuari Industries","Sugar","837.8","712.75","262.41","63.38","-7.0","7494.34","2377.41","-0.02","409.8"
"Zydus Lifesci.","Pharmaceuticals - Indian - Bulk Drugs & Formln","19547.4","3972.8","5533.8","1246.1","10.44","29280.8","804.2","20.65","1067.35"
"Zydus Wellness","Food - Processing - Indian","2327.8","266.9","782.6","150.3","9.76","6148.4","328.7","5.36","1854.0"
